Alias;Player;Tour;WordCount
Abasolo T. C.;Tomas Curras Abasolo;ATP;3
Abe M.;Motoharu Abe;ATP;2
Abibsi M. A.;Mohamed Ali Abibsi;ATP;3
Aboian L.;Leonardo Aboian;ATP;2
Aboian V.;Valerio Aboian;ATP;2
Acosta F. D.;Facundo Diaz Acosta;ATP;3
Added D.;Dan Added;ATP;2
Adeleye D.;Daniel Adeleye;ATP;2
Adrian Andreescu S.;Stefan Adrian Andreescu;ATP;3
Adrian Boitan G.;Gabi Adrian Boitan;ATP;3
Agafonov E.;Egor Agafonov;ATP;2
Agamenone F.;Franco Agamenone;ATP;2
Aggarwal P.;Parth Aggarwal;ATP;2
Aginskiy S.;Semen Aginskiy;ATP;2
Agostini S.;Simone Agostini;ATP;2
Aguiard E.;Enzo Aguiard;ATP;2
Aguilar Cardozo F.;Federico Aguilar Cardozo;ATP;3
Aguilar Cardozo J.;Joaquin Aguilar Cardozo;ATP;3
Aguilar D. M.;Daniel Merida Aguilar;ATP;3
Aguilar J. C.;Juan Carlos Aguilar;ATP;3
Agustin Falabella L.;Lautaro Agustin Falabella;ATP;3
Agustin Gomez F.;Federico Agustin Gomez;ATP;3
Agustin Pernas T.;Thiago Agustin Pernas;ATP;3
Agustin Tirante T.;Thiago Agustin Tirante;ATP;3
Agut R. B.;Roberto Bautista Agut;ATP;3
Agwi M.;Michael Agwi;ATP;2
Ahouda W.;Walid Ahouda;ATP;2
Ahren Moonga E.;Eric Ahren Moonga;ATP;3
Aiukhanov A.;Alan Aiukhanov;ATP;2
Ajdukovic D.;Duje Ajdukovic;ATP;2
Al Azmeh T.;Taym Al Azmeh;ATP;3
Alabdullah B.;Bader Alabdullah;ATP;2
Alam P.;Peter Alam;ATP;2
Alba R. D.;Rafael De Alba;ATP;3
Alberca F.;Fantino Alberca;ATP;2
Alberto Caniato C.;Carlo Alberto Caniato;ATP;3
Alberto Olivieri G.;Genaro Alberto Olivieri;ATP;3
Albieri G.;Gustavo Albieri;ATP;2
Albot R.;Radu Albot;ATP;2
Alcala Gurri M.;Max Alcala Gurri;ATP;3
Alcaraz C.;Carlos Alcaraz;ATP;2
Aleksandar Amarandei D.;Daniel Aleksandar Amarandei;ATP;3
Alekseychuk A.;Artem Alekseychuk;ATP;2
Aleshchev A.;Alexey Aleshchev;ATP;2
Alex Kodat T.;Toby Alex Kodat;ATP;3
Alexandrescou Y.;Yannick Alexandrescou;ATP;2
Alexandru Chirita I.;Ioan Alexandru Chirita;ATP;3
Alexandru Coman M.;Mihai Alexandru Coman;ATP;3
Alexandru Tomescu D.;Dan Alexandru Tomescu;ATP;3
Alfano F.;Filippo Alfano;ATP;2
Alhogbani A.;Ammar Alhogbani;ATP;2
Ali Abibsi M.;Mohamed Ali Abibsi;ATP;3
Aliassime F. A.;Felix Auger Aliassime;ATP;3
Alimli M.;Mikail Alimli;ATP;2
Alkaya M.;Mert Alkaya;ATP;2
Almazan Valiente I.;Izan Almazan Valiente;ATP;3
Almeida J.;Joaquim Almeida;ATP;2
Alonso J.;Julian Alonso;ATP;2
Alonso J. D.;Jose Dominguez Alonso;ATP;3
Altmaier D.;Daniel Altmaier;ATP;2
Alujas R.;Rodrigo Alujas;ATP;2
Alvarado P.;Patricio Alvarado;ATP;2
Alvarez A. T.;Alejandro Turriziani Alvarez;ATP;3
Alvarez L. C.;Luis Carlos Alvarez;ATP;3
Alvarez Varona N.;Nicolas Alvarez Varona;ATP;3
Alvarez Y.;Yannik Alvarez;ATP;2
Alves F. M.;Felipe Meligeni Alves;ATP;3
Alves M.;Mateus Alves;ATP;2
Amarandei D. A.;Daniel Aleksandar Amarandei;ATP;3
Amarilla R.;Ramiro Amarilla;ATP;2
Ambarzumjan E.;Edison Ambarzumjan;ATP;2
Ambrogi L. E.;Luciano Emanuel Ambrogi;ATP;3
Amine H. E.;Hamza El Amine;ATP;3
An Wu K.;Kai An Wu;ATP;3
Anavatan M.;Melih Anavatan;ATP;2
Andaloro F.;Fabrizio Andaloro;ATP;2
Anderson O.;Oliver Anderson;ATP;2
Andrade A.;Andres Andrade;ATP;2
Andre Dutine D.;Dennis Andre Dutine;ATP;3
Andre S.;Seydina Andre;ATP;2
Andrea Huesler M.;Marc Andrea Huesler;ATP;3
Andreescu S. A.;Stefan Adrian Andreescu;ATP;3
Andreev A.;Adrian Andreev;ATP;2
Andres Burruchaga R.;Roman Andres Burruchaga;ATP;3
Angel Machado M.;Miguel Angel Machado;ATP;3
Angelini L.;Lorenzo Angelini;ATP;2
Angeloni L.;Leonardo Angeloni;ATP;2
Anthony Barki N.;Nathan Anthony Barki;ATP;3
Anthrop J.;Jack Anthrop;ATP;2
Antoine Faut P.;Pierre Antoine Faut;ATP;3
Antoine Tailleu P.;Pierre Antoine Tailleu;ATP;3
Antoni R.;Richard Antoni;ATP;2
Antonio J.;Joao Antonio;ATP;2
Antonio Nunez D.;Daniel Antonio Nunez;ATP;3
Antonius M.;Michael Antonius;ATP;2
Araujo P.;Pedro Araujo;ATP;2
Arcon A.;Adrian Arcon;ATP;2
Arcuschin R.;Romeo Arcuschin;ATP;2
Ardila L.;Landon Ardila;ATP;2
Arias B.;Boris Arias;ATP;2
Armas I. D.;Ignacio De Armas;ATP;3
Arnaboldi F.;Federico Arnaboldi;ATP;2
Arnaldi M.;Matteo Arnaldi;ATP;2
Arnaud Bailly G.;Gilles Arnaud Bailly;ATP;3
Arseneault M.;Mikael Arseneault;ATP;2
Arseneault N.;Nicolas Arseneault;ATP;2
Arsic N.;Niksa Arsic;ATP;2
Artnak B.;Bor Artnak;ATP;2
Arutiunian E.;Erik Arutiunian;ATP;2
Arzhankin A.;Anton Arzhankin;ATP;2
Asenov D.;David Asenov;ATP;2
Assche L. V.;Luca Van Assche;ATP;3
Atlangeriev B.;Bekkhan Atlangeriev;ATP;2
Atmane T.;Terence Atmane;ATP;2
Aubriot A.;Alexandre Aubriot;ATP;2
Auger Aliassime F.;Felix Auger Aliassime;ATP;3
Aunion P.;Pablo Aunion;ATP;2
Auytayakul S.;Siwanat Auytayakul;ATP;2
Avcibasi T.;Toprak Avcibasi;ATP;2
Azkara A.;Arda Azkara;ATP;2
Azmeh T. A.;Taym Al Azmeh;ATP;3
Azoides D.;Demetris Azoides;ATP;2
Baadi T.;Taha Baadi;ATP;2
Bacaloni A.;Andrea Bacaloni;ATP;2
Badenhorst D.;Devin Badenhorst;ATP;2
Badon J. B.;Jean Baptiste Badon;ATP;3
Baena N.;Nicolas Baena;ATP;2
Baena R. C.;Roberto Carballes Baena;ATP;3
Baez S.;Sebastian Baez;ATP;2
Bagnis F.;Facundo Bagnis;ATP;2
Bagnolini D.;Daniel Bagnolini;ATP;2
Bailly G. A.;Gilles Arnaud Bailly;ATP;3
Bailly P. Y.;Pierre Yves Bailly;ATP;3
Baker B.;Blu Baker;ATP;2
Bakonyi D.;David Bakonyi;ATP;2
Bakshi A.;Aleksandre Bakshi;ATP;2
Balciunas M.;Manvydas Balciunas;ATP;2
Balducci L.;Lorenzo Balducci;ATP;2
Balsekar A. V.;Aditya Vishal Balsekar;ATP;3
Balshaw F.;Felix Balshaw;ATP;2
Banerjee S.;Samir Banerjee;ATP;2
Banthia S.;Siddhant Banthia;ATP;2
Baptiste Badon J.;Jean Baptiste Badon;ATP;3
Bar Biryukov P.;Petr Bar Biryukov;ATP;3
Barbier Gazeu P.;Paul Barbier Gazeu;ATP;3
Baris O.;Ozan Baris;ATP;2
Barki J.;Justin Barki;ATP;2
Barki N. A.;Nathan Anthony Barki;ATP;3
Baroni N.;Niccolo Baroni;ATP;2
Barranco Cosano J.;Javier Barranco Cosano;ATP;3
Barraza J. I.;Juan Ignacio Barraza;ATP;3
Barrena A.;Alex Barrena;ATP;2
Barrera A. S.;Adria Soriano Barrera;ATP;3
Barrere G.;Gregoire Barrere;ATP;2
Barrere V.;Victor Barrere;ATP;2
Barrientos N.;Nicolas Barrientos;ATP;2
Barrios Vera T.;Tomas Barrios Vera;ATP;3
Barroso Campos A.;Alberto Barroso Campos;ATP;3
Barsukov N.;Nikolai Barsukov;ATP;2
Barton H.;Hynek Barton;ATP;2
Barun B.;Bozo Barun;ATP;2
Basavareddy N.;Nishesh Basavareddy;ATP;2
Basel V.;Valentin Basel;ATP;2
Basic M.;Mirza Basic;ATP;2
Basilashvili N.;Nikoloz Basilashvili;ATP;2
Basile A.;Alessio Basile;ATP;2
Basile P.;Pierluigi Basile;ATP;2
Basing M.;Max Basing;ATP;2
Bass F.;Finn Bass;ATP;2
Bassem Sobhy M.;Michael Bassem Sobhy;ATP;3
Bastiaansen P.;Pepijn Bastiaansen;ATP;2
Bataljin L.;Lawrence Bataljin;ATP;2
Batalla O. R.;Oriol Roca Batalla;ATP;3
Batin T.;Tudor Batin;ATP;2
Battiston A.;Alessandro Battiston;ATP;2
Baum S.;Stepan Baum;ATP;2
Bautista Agut R.;Roberto Bautista Agut;ATP;3
Bautista Otegui J.;Juan Bautista Otegui;ATP;3
Bautista Torres J.;Juan Bautista Torres;ATP;3
Bax F.;Florent Bax;ATP;2
Baybars A.;Aren Baybars;ATP;2
Bazilevskiy V.;Vladimir Bazilevskiy;ATP;2
Beale J.;Jeremy Beale;ATP;2
Beauge M.;Maxence Beauge;ATP;2
Beaupain S.;Simon Beaupain;ATP;2
Beaven J.;James Beaven;ATP;2
Beckles D.;Dillon Beckles;ATP;2
Beckley A.;Alec Beckley;ATP;2
Becroft I.;Isaac Becroft;ATP;2
Bekeni M.;Marko Bekeni;ATP;2
Belda M.;Manuel Belda;ATP;2
Belkovics A.;Achilles Belkovics;ATP;2
Bellegy A.;Arthur Bellegy;ATP;2
Bellifemine A.;Alessandro Bellifemine;ATP;2
Bellucci M.;Mattia Bellucci;ATP;2
Benchakroun M.;Mehdi Benchakroun;ATP;2
Bennani K.;Karim Bennani;ATP;2
Bennani R.;Reda Bennani;ATP;2
Beraldo L.;Lorenzo Beraldo;ATP;2
Berankis R.;Ricardas Berankis;ATP;2
Berard T.;Tristan Berard;ATP;2
Berenz B.;Bastian Berenz;ATP;2
Berger A.;Antoine Berger;ATP;2
Bergs Z.;Zizou Bergs;ATP;2
Berini F. V.;Felipe Virgili Berini;ATP;3
Berkieta T.;Tomasz Berkieta;ATP;2
Bernard A.;Alexander Bernard;ATP;2
Bernet H.;Henry Bernet;ATP;2
Berquier A.;Alexis Berquier;ATP;2
Berrettini J.;Jacopo Berrettini;ATP;2
Berrettini M.;Matteo Berrettini;ATP;2
Bertimon C.;Charles Bertimon;ATP;2
Bertimon M.;Maxence Bertimon;ATP;2
Berto L.;Lorenzo Berto;ATP;2
Bertola R.;Remy Bertola;ATP;2
Bertran P.;Peter Bertran;ATP;2
Bertrand R.;Robin Bertrand;ATP;2
Bessonov D.;Dmitry Bessonov;ATP;2
Best H.;Henry Best;ATP;2
Betov S.;Sergey Betov;ATP;2
Bi Lee W.;Woong Bi Lee;ATP;3
Bicknell B.;Blaise Bicknell;ATP;2
Bidan F.;Fadi Bidan;ATP;2
Bieldiugin T.;Tymur Bieldiugin;ATP;2
Bielinskyi V.;Viacheslav Bielinskyi;ATP;2
Bienkiewicz J.;Juliusz Bienkiewicz;ATP;2
Bigun K.;Kaylan Bigun;ATP;2
Bilardo J.;Jacopo Bilardo;ATP;2
Biletic I.;Ivan Biletic;ATP;2
Bilozertsev N.;Nikita Bilozertsev;ATP;2
Binda A.;Alexandr Binda;ATP;2
Biondolillo G.;Gregorio Biondolillo;ATP;2
Biryukov P. B.;Petr Bar Biryukov;ATP;3
Bittoun Kouzmine C.;Constantin Bittoun Kouzmine;ATP;3
Blancaneaux G.;Geoffrey Blancaneaux;ATP;2
Blanchet U.;Ugo Blanchet;ATP;2
Blaydes B.;Billy Blaydes;ATP;2
Blockx A.;Alexander Blockx;ATP;2
Bo Fan W.;Wen Bo Fan;ATP;3
Bobichon M.;Matisse Bobichon;ATP;2
Bobo D.;Dakotah Bobo;ATP;2
Bocchi L.;Lorenzo Bocchi;ATP;2
Boitan G. A.;Gabi Adrian Boitan;ATP;3
Bojarski A.;Alan Bojarski;ATP;2
Bolangi B.;Bienvenue Bolangi;ATP;2
Bolt A.;Alex Bolt;ATP;2
Bondaz M.;Mathis Bondaz;ATP;2
Bonding O.;Oliver Bonding;ATP;2
Bondioli F.;Federico Bondioli;ATP;2
Bonnaud A.;Arthur Bonnaud;ATP;2
Bonzi B.;Benjamin Bonzi;ATP;2
Boogaard T.;Thijs Boogaard;ATP;2
Borg L.;Leo Borg;ATP;2
Borges N.;Nuno Borges;ATP;2
Borisiouk M.;Martin Borisiouk;ATP;2
Boros A.;Attila Boros;ATP;2
Borrelli L.;Leonardo Borrelli;ATP;2
Boscardin Dias P.;Pedro Boscardin Dias;ATP;3
Bosio G.;Gabriele Bosio;ATP;2
Bothma J.;John Bothma;ATP;2
Bouchelaghem C.;Cesar Bouchelaghem;ATP;2
Boulais J.;Justin Boulais;ATP;2
Bouquet L.;Lucas Bouquet;ATP;2
Bouquier A.;Arthur Bouquier;ATP;2
Bouzige M.;Moerani Bouzige;ATP;2
Bove F.;Federico Bove;ATP;2
Boyer T.;Tristan Boyer;ATP;2
Bozemoj B.;Brian Bozemoj;ATP;2
Bradshaw J.;Jacob Bradshaw;ATP;2
Brady P.;Patrick Brady;ATP;2
Braga B.;Breno Braga;ATP;2
Braga V.;Victor Braga;ATP;2
Brancaccio R.;Raul Brancaccio;ATP;2
Brancatelli G.;Gabriele Brancatelli;ATP;2
Branger L.;Liam Branger;ATP;2
Braswell M.;Micah Braswell;ATP;2
Braynin A.;Aleksandr Braynin;ATP;2
Breazu M. F.;Matei Florin Breazu;ATP;3
Breazu V. C.;Vlad Cristian Breazu;ATP;3
Britto L.;Luis Britto;ATP;2
Broady L.;Liam Broady;ATP;2
Bronzetti A.;Alberto Bronzetti;ATP;2
Brooksby J.;Jenson Brooksby;ATP;2
Broom C.;Charles Broom;ATP;2
Broska F.;Florian Broska;ATP;2
Brostrom Poulsen O.;Oskar Brostrom Poulsen;ATP;3
Brouwer G.;Gijs Brouwer;ATP;2
Brown O.;Oscar Brown;ATP;2
Brown P.;Preston Brown;ATP;2
Brownrigg N.;Noah Brownrigg;ATP;2
Bruce Smith J.;Jack Bruce Smith;ATP;3
Brumm J.;Jacob Brumm;ATP;2
Bruna N.;Nicolas Bruna;ATP;2
Brunclik P.;Petr Brunclik;ATP;2
Brunkow G.;Gianluca Brunkow;ATP;2
Brunold M.;Mika Brunold;ATP;2
Brymer G.;Gage Brymer;ATP;2
Bublik A.;Alexander Bublik;ATP;2
Budkov Kjaer N.;Nicolai Budkov Kjaer;ATP;3
Bueno G.;Gonzalo Bueno;ATP;2
Buldorini P.;Peter Buldorini;ATP;2
Bulut E.;Emirhan Bulut;ATP;2
Burdet A.;Adrien Burdet;ATP;2
Burnett E.;Evan Burnett;ATP;2
Burruchaga R. A.;Roman Andres Burruchaga;ATP;3
Burtsev D.;Dmitrii Burtsev;ATP;2
Buse I.;Ignacio Buse;ATP;2
Busta P. C.;Pablo Carreno Busta;ATP;3
Butulija B.;Boris Butulija;ATP;2
Butvilas E.;Edas Butvilas;ATP;2
Byers L. T.;Loren Thomas Byers;ATP;3
Bynoe E.;Evan Bynoe;ATP;2
Cacao T.;Tiago Cacao;ATP;2
Cadenasso G.;Gianluca Cadenasso;ATP;2
Callejon Hernando S.;Sergio Callejon Hernando;ATP;3
Camargo Lima E.;Enzo Camargo Lima;ATP;3
Campana Lee G.;Gerard Campana Lee;ATP;3
Campos A. B.;Alberto Barroso Campos;ATP;3
Canas A. M.;Alejandro Moro Canas;ATP;3
Caniato C. A.;Carlo Alberto Caniato;ATP;3
Cao A. F.;Adam Farag Cao;ATP;3
Car H.;Hugo Car;ATP;2
Carabelli C. U.;Camilo Ugo Carabelli;ATP;3
Carballes Baena R.;Roberto Carballes Baena;ATP;3
Carboni L.;Lorenzo Carboni;ATP;2
Cardinaud H.;Hugo Cardinaud;ATP;2
Cardozo F. A.;Federico Aguilar Cardozo;ATP;3
Cardozo J. A.;Joaquin Aguilar Cardozo;ATP;3
Carlini G.;Gianluca Carlini;ATP;2
Carlos Aguilar J.;Juan Carlos Aguilar;ATP;3
Carlos Alvarez L.;Luis Carlos Alvarez;ATP;3
Carou I.;Ignacio Carou;ATP;2
Carrascosa Diaz E.;Enrique Carrascosa Diaz;ATP;3
Carrascosa Diaz M.;Maxi Carrascosa Diaz;ATP;3
Carre P. N.;Pierre Ngijol Carre;ATP;3
Carreno Busta P.;Pablo Carreno Busta;ATP;3
Carteputreda D. C.;David Cristian Carteputreda;ATP;3
Caruso A.;Antonio Caruso;ATP;2
Carvajal H.;Hanamichi Carvajal;ATP;2
Casado L. H.;Lucca Helguera Casado;ATP;3
Casanova A.;Andrin Casanova;ATP;2
Casanova H.;Hernan Casanova;ATP;2
Cassone M.;Murphy Cassone;ATP;2
Castagnola L.;Luca Castagnola;ATP;2
Castaneda M.;Mateo Castaneda;ATP;2
Castelnuovo L.;Luca Castelnuovo;ATP;2
Catini N.;Niccolo Catini;ATP;2
Catry R.;Robin Catry;ATP;2
Cattaneo L.;Leonardo Cattaneo;ATP;2
Cavallo F.;Fernando Cavallo;ATP;2
Cazacu D. N.;Dragos Nicolae Cazacu;ATP;3
Cazaux A.;Arthur Cazaux;ATP;2
Cecchinato M.;Marco Cecchinato;ATP;2
Cekirge K.;Kuzey Cekirge;ATP;2
Cem Gokpinar H.;Haydar Cem Gokpinar;ATP;3
Cerny M.;Matyas Cerny;ATP;2
Cerundolo F.;Francisco Cerundolo;ATP;2
Cerundolo J. M.;Juan Manuel Cerundolo;ATP;3
Cesar Porras J.;Julio Cesar Porras;ATP;3
Chambonniere M.;Matthieu Chambonniere;ATP;2
Chan B.;Bill Chan;ATP;2
Chan D.;Duncan Chan;ATP;2
Chan Lee W.;Woong Chan Lee;ATP;3
Chang A.;Alex Chang;ATP;2
Chanta T.;Thanapet Chanta;ATP;2
Charlton J.;Joshua Charlton;ATP;2
Charoenphon Y.;Yuttana Charoenphon;ATP;2
Chauhan H.;Hitesh Chauhan;ATP;2
Chavez T.;Tito Chavez;ATP;2
Chayka A.;Aleksander Chayka;ATP;2
Chazal M.;Maxime Chazal;ATP;2
Chekhov A.;Anton Chekhov;ATP;2
Chelia B.;Benjamin Chelia;ATP;2
Chen C.;Charles Chen;ATP;2
Chen X. D.;Xing Dao Chen;ATP;3
Chen Y.;Ye Chen;ATP;2
Chen Y. C.;Yan Cheng Chen;ATP;3
Cheng Chen Y.;Yan Cheng Chen;ATP;3
Chepelev A.;Andrey Chepelev;ATP;2
Cherie Ligniere E.;Edoardo Cherie Ligniere;ATP;3
Cherubino N. L.;Noah Lopez Cherubino;ATP;3
Chetouane M.;Mahmoud Chetouane;ATP;2
Chidekh C.;Clement Chidekh;ATP;2
Chien Hou C.;Chun Chien Hou;ATP;3
Chirita I. A.;Ioan Alexandru Chirita;ATP;3
Chiu J.;Jordan Chiu;ATP;2
Chlodnicki J.;Jan Chlodnicki;ATP;2
Cho M. H.;Min Hyuk Cho;ATP;3
Cho S. W.;Seung Woo Cho;ATP;3
Choe J.;Jaesung Choe;ATP;2
Choinski J.;Jan Choinski;ATP;2
Choo S. H.;Suk Hyun Choo;ATP;3
Chopra K.;Keshav Chopra;ATP;2
Christopher Kucukhuseyin C.;Cem Christopher Kucukhuseyin;ATP;3
Chung H.;Hyeon Chung;ATP;2
Chung Y.;Yunseong Chung;ATP;2
Cias P.;Pawel Cias;ATP;2
Ciavarella N.;Niccolo Ciavarella;ATP;2
Cid R.;Roberto Cid;ATP;2
Cigarran T.;Thiago Cigarran;ATP;2
Cilic M.;Marin Cilic;ATP;2
Cina F.;Federico Cina;ATP;2
Ciocca G.;Giovanni Ciocca;ATP;2
Ciric A.;Aleksa Ciric;ATP;2
Ciurnelli R.;Raffaele Ciurnelli;ATP;2
Cizek J.;Jiri Cizek;ATP;2
Clark E.;Ezekiel Clark;ATP;2
Clarke J.;Jay Clarke;ATP;2
Claro J. L.;Jose Luis Claro;ATP;3
Claudiu Schinteie G.;Gheorghe Claudiu Schinteie;ATP;3
Claverie L.;Lorenzo Claverie;ATP;2
Cobolli F.;Flavio Cobolli;ATP;2
Coccioli A.;Alessandro Coccioli;ATP;2
Cocola S.;Sebastiano Cocola;ATP;2
Colby R.;Ryan Colby;ATP;2
Collarini A.;Andrea Collarini;ATP;2
Collignon K.;Kylian Collignon;ATP;2
Collignon R.;Raphael Collignon;ATP;2
Colombo A.;Andrea Colombo;ATP;2
Colombo K.;Kayden Colombo;ATP;2
Colson T.;Tibo Colson;ATP;2
Coman M. A.;Mihai Alexandru Coman;ATP;3
Comesana F.;Francisco Comesana;ATP;2
Comino L.;Lorenzo Comino;ATP;2
Compagnucci T.;Tommaso Compagnucci;ATP;2
Cong Mo Y.;Ye Cong Mo;ATP;3
Congcar C.;Congsup Congcar;ATP;2
Connel J.;James Connel;ATP;2
Constantin Spiridon D.;Denis Constantin Spiridon;ATP;3
Conte V.;Valentino Conte;ATP;2
Contri S. P.;Sergi Perez Contri;ATP;3
Cook E.;Ethan Cook;ATP;2
Cooper S.;Stefan Cooper;ATP;2
Coppejans K.;Kimmer Coppejans;ATP;2
Corbinais S.;Sven Corbinais;ATP;2
Cordoba C.;Carles Cordoba;ATP;2
Coria F.;Federico Coria;ATP;2
Coric B.;Borna Coric;ATP;2
Cortes E. T.;Esteban Talavera Cortes;ATP;3
Corwin F.;Felix Corwin;ATP;2
Cosano J. B.;Javier Barranco Cosano;ATP;3
Cosnet C.;Charlelie Cosnet;ATP;2
Couacaud E.;Enzo Couacaud;ATP;2
Coulibaly E.;Eliakim Coulibaly;ATP;2
Couturier L.;Lenny Couturier;ATP;2
Covato M.;Matteo Covato;ATP;2
Cox N.;Nathan Cox;ATP;2
Craig C.;Corey Craig;ATP;2
Crawford O.;Oliver Crawford;ATP;2
Cretu C.;Cezar Cretu;ATP;2
Crisostomo G.;Giacomo Crisostomo;ATP;2
Cristian Breazu V.;Vlad Cristian Breazu;ATP;3
Cristian Carteputreda D.;David Cristian Carteputreda;ATP;3
Cristian Jianu F.;Filip Cristian Jianu;ATP;3
Crivellaro G.;Gabriele Crivellaro;ATP;2
Crowther C.;Corban Crowther;ATP;2
Cruz C.;Cesar Cruz;ATP;2
Cuenin S.;Sean Cuenin;ATP;2
Cui J.;Jie Cui;ATP;2
Cukierman D.;Daniel Cukierman;ATP;2
Cundom J.;Julian Cundom;ATP;2
Curbelo I. M.;Ivan Marrero Curbelo;ATP;3
Curras Abasolo T.;Tomas Curras Abasolo;ATP;3
Cuyper J. D.;Julien De Cuyper;ATP;3
Dagostino S.;Stefano Dagostino;ATP;2
Dahlin M.;Max Dahlin;ATP;2
Dalla Valle E.;Enrico Dalla Valle;ATP;3
Dalmasso G.;Guillaume Dalmasso;ATP;2
Damas M.;Miguel Damas;ATP;2
Damm M.;Martin Damm;ATP;2
Daniel T.;Taro Daniel;ATP;2
Daniel Vallejo A.;Adolfo Daniel Vallejo;ATP;3
Dao Chen X.;Xing Dao Chen;ATP;3
Darderi L.;Luciano Darderi;ATP;2
Dattatray Kurale S.;Sandesh Dattatray Kurale;ATP;3
David Ionel N.;Nicholas David Ionel;ATP;3
David Martinez L.;Luis David Martinez;ATP;3
David Turcanu R.;Radu David Turcanu;ATP;3
Davidov T.;Teodor Davidov;ATP;2
Davidovich Fokina A.;Alejandro Davidovich Fokina;ATP;3
Dayal N.;Nav Dayal;ATP;2
De Alba R.;Rafael De Alba;ATP;3
De Armas I.;Ignacio De Armas;ATP;3
De Cuyper J.;Julien De Cuyper;ATP;3
De Dios F.;Felipe De Dios;ATP;3
De Jager J.;Jesse De Jager;ATP;3
De Jong J.;Jesper De Jong;ATP;3
De Jonge D.;Daniel De Jonge;ATP;3
De Krom M.;Michiel De Krom;ATP;3
De Lange P.;Pieter De Lange;ATP;3
De Loore J.;Joris De Loore;ATP;3
De Marchi A.;Andrea De Marchi;ATP;3
De Minaur A.;Alex De Minaur;ATP;3
De Schepper K.;Kenny De Schepper;ATP;3
Dean T.;Theodore Dean;ATP;2
Deckers A.;Alec Deckers;ATP;2
Dedura Palomero D.;Diego Dedura Palomero;ATP;3
Del Pino M.;Mateo Del Pino;ATP;3
Delage P.;Pierre Delage;ATP;2
Delattre G.;Gregoire Delattre;ATP;2
Delicata L.;Liam Delicata;ATP;2
Dellavedova M.;Matthew Dellavedova;ATP;2
Dellelba V.;Vito Dellelba;ATP;2
Dellien H.;Hugo Dellien;ATP;2
Demanet E.;Emilien Demanet;ATP;2
Dembo J.;Jake Dembo;ATP;2
Demin Y.;Yaroslav Demin;ATP;2
Den Ouden G.;Guy Den Ouden;ATP;3
Denisov I.;Ivan Denisov;ATP;2
Denolly C.;Corentin Denolly;ATP;2
Derepasko T.;Timofei Derepasko;ATP;2
Dhamne M.;Manas Dhamne;ATP;2
Diallo G.;Gabriel Diallo;ATP;2
Dias P. B.;Pedro Boscardin Dias;ATP;3
Diaz Acosta F.;Facundo Diaz Acosta;ATP;3
Diaz E. C.;Enrique Carrascosa Diaz;ATP;3
Diaz M. C.;Maxi Carrascosa Diaz;ATP;3
Dickerson R.;Ryan Dickerson;ATP;2
Dietrich D.;Dylan Dietrich;ATP;2
Diez M. M.;Mario Mansilla Diez;ATP;3
Dimic M.;Matic Dimic;ATP;2
Dimitrov G.;Grigor Dimitrov;ATP;2
Dinev D.;Dinko Dinev;ATP;2
Dios F. D.;Felipe De Dios;ATP;3
Djere L.;Laslo Djere;ATP;2
Djokovic N.;Novak Djokovic;ATP;2
Djonov C.;Christian Djonov;ATP;2
Djosic N.;Nikola Djosic;ATP;2
Djuric B.;Branko Djuric;ATP;2
Dlimi Y.;Yassine Dlimi;ATP;2
Dodig M.;Matej Dodig;ATP;2
Doig C.;Connor Doig;ATP;2
Dolzhenkov D.;Dmitry Dolzhenkov;ATP;2
Domenc M.;Mathys Domenc;ATP;2
Domingos D.;Daniel Domingos;ATP;2
Domingues J.;Joao Domingues;ATP;2
Dominguez Alonso J.;Jose Dominguez Alonso;ATP;3
Dominguez S.;Sebastian Dominguez;ATP;2
Dominko S.;Sebastian Dominko;ATP;2
Donald M. W.;Matthew William Donald;ATP;3
Donders D.;Dax Donders;ATP;2
Dong C.;Chen Dong;ATP;2
Donnet E.;Etienne Donnet;ATP;2
Donski A.;Alexander Donski;ATP;2
Doskocil M.;Martin Doskocil;ATP;2
Dostanic S.;Stefan Dostanic;ATP;2
Dougaz A.;Aziz Dougaz;ATP;2
Drab F.;Filip Drab;ATP;2
Dragoni A.;Alessandro Dragoni;ATP;2
Draper J.;Jack Draper;ATP;2
Draxl L.;Liam Draxl;ATP;2
Dreycopp I.;Ivan Dreycopp;ATP;2
Droguet T.;Titouan Droguet;ATP;2
Du M.;Malanqi Du;ATP;2
Dubrouski M.;Mikhail Dubrouski;ATP;2
Duckworth J.;James Duckworth;ATP;2
Dugardin R.;Remy Dugardin;ATP;2
Duhan C.;Chirag Duhan;ATP;2
Dullinger V.;Vincent Dullinger;ATP;2
Dummer Macedo T.;Tomas Dummer Macedo;ATP;3
Duran D.;Diego Duran;ATP;2
Duran T.;Tuncay Duran;ATP;2
Durand Y. G.;Yanis Ghazouani Durand;ATP;3
Durasovic V.;Viktor Durasovic;ATP;2
Durrer G.;Gian Durrer;ATP;2
Dussault M.;Maximus Dussault;ATP;2
Dussin L.;Louis Dussin;ATP;2
Dutine D. A.;Dennis Andre Dutine;ATP;3
Dzhavakian Y.;Yurii Dzhavakian;ATP;2
Dzumhur D.;Damir Dzumhur;ATP;2
Echargui M.;Moez Echargui;ATP;2
Echazu M.;Mauricio Echazu;ATP;2
Echeverria J.;John Echeverria;ATP;2
Edengren K.;Kevin Edengren;ATP;2
Eduardo Schiessl J.;Joao Eduardo Schiessl;ATP;3
Eerola O.;Oskari Eerola;ATP;2
Efe Tufecki C.;Cagan Efe Tufecki;ATP;3
Efstathiou M.;Melios Efstathiou;ATP;2
Ege Sik M.;Mustafa Ege Sik;ATP;3
Ehab M.;Marwan Ehab;ATP;2
Ehrenschneider N.;Nino Ehrenschneider;ATP;2
Eichenseher D.;David Eichenseher;ATP;2
Einig F.;Felix Einig;ATP;2
Ejupovic E.;Elmar Ejupovic;ATP;2
El Amine H.;Hamza El Amine;ATP;3
El Feky K.;Karim El Feky;ATP;3
Elahi Galan D.;Daniel Elahi Galan;ATP;3
Elamin A.;Ammar Elamin;ATP;2
Elias G.;Gastao Elias;ATP;2
Ellis B.;Blake Ellis;ATP;2
Emanuel Ambrogi L.;Luciano Emanuel Ambrogi;ATP;3
Emil Overbeck C.;Carl Emil Overbeck;ATP;3
Emslie Robson F.;Finn Emslie Robson;ATP;3
Engel J.;Justin Engel;ATP;2
Eqbal I.;Ishaque Eqbal;ATP;2
Erel Y.;Yanki Erel;ATP;2
Erhard M.;Mathys Erhard;ATP;2
Eriksson S.;Sebastian Eriksson;ATP;2
Eriksson Ziverts J.;Jonas Eriksson Ziverts;ATP;3
Escoffier A.;Antoine Escoffier;ATP;2
Escribano A. L.;Alejandro Lopez Escribano;ATP;3
Espinosa J. T.;Joan Torres Espinosa;ATP;3
Esteve R. S.;Rafael Segado Esteve;ATP;3
Estevez J.;Juan Estevez;ATP;2
Etcheverry T. M.;Tomas Martin Etcheverry;ATP;3
Etty E.;Edward Etty;ATP;2
Eubanks C.;Christopher Eubanks;ATP;2
Evans D.;Daniel Evans;ATP;2
Exsted M.;Maxwell Exsted;ATP;2
Fabre A.;Antoni Fabre;ATP;2
Fahim I. M.;Ilyas Milad Fahim;ATP;3
Fajta P.;Peter Fajta;ATP;2
Falabella L. A.;Lautaro Agustin Falabella;ATP;3
Falck R.;Reece Falck;ATP;2
Fan W. B.;Wen Bo Fan;ATP;3
Fancutt T.;Thomas Fancutt;ATP;2
Fanselow S.;Sebastian Fanselow;ATP;2
Farag Cao A.;Adam Farag Cao;ATP;3
Faria J.;Jaime Faria;ATP;2
Farjat T.;Tomas Farjat;ATP;2
Farre A. V.;Adria Velazquez Farre;ATP;3
Farzam M.;Matisse Farzam;ATP;2
Fathalla N.;Nour Fathalla;ATP;2
Fatic N.;Nerman Fatic;ATP;2
Faucon R.;Romain Faucon;ATP;2
Faurel T.;Thomas Faurel;ATP;2
Faut P. A.;Pierre Antoine Faut;ATP;3
Fearnley J.;Jacob Fearnley;ATP;2
Feky K. E.;Karim El Feky;ATP;3
Feldbausch K.;Kilian Feldbausch;ATP;2
Felipe Miguel L.;Luis Felipe Miguel;ATP;3
Fellin P.;Pietro Fellin;ATP;2
Fenty A.;Andrew Fenty;ATP;2
Ferguson C.;Chase Ferguson;ATP;2
Fernandes R.;Rodrigo Fernandes;ATP;2
Fernandez B.;Bruno Fernandez;ATP;2
Fernandez Flores D.;Diego Fernandez Flores;ATP;3
Fernandez M. G.;Mario Gonzalez Fernandez;ATP;3
Ferra R. P.;Roger Pascual Ferra;ATP;3
Ferrari F.;Francesco Ferrari;ATP;2
Ferrari G.;Gianmarco Ferrari;ATP;2
Ferreira Silva F.;Frederico Ferreira Silva;ATP;3
Ferrer Guimaraes R.;Roberto Ferrer Guimaraes;ATP;3
Ferri L.;Lorenzo Ferri;ATP;2
Fery A.;Arthur Fery;ATP;2
Ficovich J. P.;Juan Pablo Ficovich;ATP;3
Figl M.;Maximilian Figl;ATP;2
Filar K.;Karol Filar;ATP;2
Filho J. W.;Jefferson Wendler Filho;ATP;3
Filin N.;Nikita Filin;ATP;2
Filip J.;Jakub Filip;ATP;2
Fillol D. J.;Diego Jarry Fillol;ATP;3
Fils A.;Arthur Fils;ATP;2
Fiorentini A.;Andrea Fiorentini;ATP;2
Fishback D.;Drew Fishback;ATP;2
Fishback R.;Ryan Fishback;ATP;2
Fita Juan S.;Sergi Fita Juan;ATP;3
Fix D.;David Fix;ATP;2
Flores D. F.;Diego Fernandez Flores;ATP;3
Flores J.;Jesse Flores;ATP;2
Florin Breazu M.;Matei Florin Breazu;ATP;3
Florin Pop D.;Darius Florin Pop;ATP;3
Fokina A. D.;Alejandro Davidovich Fokina;ATP;3
Fomba L.;Luc Fomba;ATP;2
Fomin S.;Sergey Fomin;ATP;2
Fondriest M.;Matteo Fondriest;ATP;2
Fonio G.;Giovanni Fonio;ATP;2
Fonseca J.;Joao Fonseca;ATP;2
Font O.;Oriol Font;ATP;2
Forbes M.;Matthew Forbes;ATP;2
Forcano I.;Ignasi Forcano;ATP;2
Forejtek J.;Jonas Forejtek;ATP;2
Forger A.;Abel Forger;ATP;2
Forti F.;Francesco Forti;ATP;2
Fradkin J.;Jeffrey Fradkin;ATP;2
Francesco Garbero F.;Filippo Francesco Garbero;ATP;3
Francisco Munoz J.;Juan Francisco Munoz;ATP;3
Franco A. S.;Alan Sau Franco;ATP;3
Frederik Pape V.;Valdemar Frederik Pape;ATP;3
Fredrik Hede L.;Ludvig Fredrik Hede;ATP;3
Friberg K.;Karl Friberg;ATP;2
Fritz T.;Taylor Fritz;ATP;2
Frusina A.;Alexander Frusina;ATP;2
Frydrych V.;Viktor Frydrych;ATP;2
Fucsovics M.;Marton Fucsovics;ATP;2
Fuele M.;Matyas Fuele;ATP;2
Fukuda S.;Sora Fukuda;ATP;2
Fumagalli F.;Filiberto Fumagalli;ATP;2
Funk A.;Aaron Funk;ATP;2
Furlanetto M.;Marco Furlanetto;ATP;2
Gabriel Papoe C.;Cezar Gabriel Papoe;ATP;3
Gadamauri B.;Buvaysar Gadamauri;ATP;2
Gagliardo L.;Lorenzo Gagliardo;ATP;2
Gaines J.;Jerrid Gaines;ATP;2
Gakhov I.;Ivan Gakhov;ATP;2
Galan D. E.;Daniel Elahi Galan;ATP;3
Galarneau A.;Alexis Galarneau;ATP;2
Gales R.;Romain Gales;ATP;2
Galino V. G.;Valentin Gonzalez Galino;ATP;3
Gallego J. I.;Juan Ignacio Gallego;ATP;3
Galus P.;Piotr Galus;ATP;2
Gamonsl D. O.;Diego Ortiz Gamonsl;ATP;3
Gandolfi G.;Giammarco Gandolfi;ATP;2
Ganesan A.;Adhithya Ganesan;ATP;2
Gannon C.;Conor Gannon;ATP;2
Garay V.;Valentin Garay;ATP;2
Garbero F. F.;Filippo Francesco Garbero;ATP;3
Garcia A.;Alejandro Garcia;ATP;2
Garcia A. G.;Aaron Gil Garcia;ATP;3
Garcia Longo N.;Nicolas Garcia Longo;ATP;3
Garcia Mestre J.;Jordi Garcia Mestre;ATP;3
Garcia Paez L.;Luis Garcia Paez;ATP;3
Garcian A.;Axel Garcian;ATP;2
Garin C.;Cristian Garin;ATP;2
Gasca M. S.;Mauricio Schtulmann Gasca;ATP;3
Gaston H.;Hugo Gaston;ATP;2
Gatoto A.;Allan Gatoto;ATP;2
Gaubas V.;Vilius Gaubas;ATP;2
Gautier A.;Alexis Gautier;ATP;2
Gava P.;Pietro Gava;ATP;2
Gavrielides L.;Liam Gavrielides;ATP;2
Gayk C.;Christoph Gayk;ATP;2
Gazeu P. B.;Paul Barbier Gazeu;ATP;3
Gea A.;Arthur Gea;ATP;2
Geerts M.;Michael Geerts;ATP;2
Gehrke A. V.;Alessio Vasquez Gehrke;ATP;3
Gengel M.;Marek Gengel;ATP;2
Genier T.;Tanguy Genier;ATP;2
Gentzsch T.;Tom Gentzsch;ATP;2
George B. T.;Benjamin Thomas George;ATP;3
George Gnjidic J.;Jou George Gnjidic;ATP;3
Gerasimov E.;Egor Gerasimov;ATP;2
Gerbaud T.;Thomas Gerbaud;ATP;2
Gerch L.;Lucas Gerch;ATP;2
Geschwind F. T.;Francisco Tomas Geschwind;ATP;3
Ghazouani Durand Y.;Yanis Ghazouani Durand;ATP;3
Ghetu G.;Gabriel Ghetu;ATP;2
Ghibaudo A.;Antoine Ghibaudo;ATP;2
Giamichelle S.;Santiago Giamichelle;ATP;2
Gigante M.;Matteo Gigante;ATP;2
Gil Garcia A.;Aaron Gil Garcia;ATP;3
Gill F.;Felix Gill;ATP;2
Gima S.;Sebastian Gima;ATP;2
Gimenez I.;Igor Gimenez;ATP;2
Giotis R.;Rafael Giotis;ATP;2
Giraldi C.;Carlos Giraldi;ATP;2
Giron M.;Marcos Giron;ATP;2
Giunta M.;Massimo Giunta;ATP;2
Giustino L.;Lorenzo Giustino;ATP;2
Glinka D.;Daniil Glinka;ATP;2
Gloeckler M.;Michael Gloeckler;ATP;2
Glomb A.;Alexander Glomb;ATP;2
Gnjidic J. G.;Jou George Gnjidic;ATP;3
Gobat A.;Adrien Gobat;ATP;2
Godsick N.;Nicholas Godsick;ATP;2
Goffin D.;David Goffin;ATP;2
Gogineni V.;Vignesh Gogineni;ATP;2
Goity Zapico S.;Segundo Goity Zapico;ATP;3
Gojo B.;Borna Gojo;ATP;2
Gokpinar H. C.;Haydar Cem Gokpinar;ATP;3
Golubev D.;Daniil Golubev;ATP;2
Gombos N.;Norbert Gombos;ATP;2
Gomez F. A.;Federico Agustin Gomez;ATP;3
Gomez J. S.;Juan Sebastian Gomez;ATP;3
Gomez P. M.;Pablo Martinez Gomez;ATP;3
Gonzalez E.;Eudald Gonzalez;ATP;2
Gonzalez Fernandez M.;Mario Gonzalez Fernandez;ATP;3
Gonzalez Galino V.;Valentin Gonzalez Galino;ATP;3
Goode G.;Gavin Goode;ATP;2
Goran Verwerft L.;Lars Goran Verwerft;ATP;3
Gorzny S.;Sebastian Gorzny;ATP;2
Graa J.;Joao Graa;ATP;2
Grandinetti T.;Tobia Grandinetti;ATP;2
Grandinot D. J.;David Jeanne Grandinot;ATP;3
Grant W.;William Grant;ATP;2
Gray A.;Alastair Gray;ATP;2
Grenier H.;Hugo Grenier;ATP;2
Gretskiy I.;Ivan Gretskiy;ATP;2
Griekspoor T.;Tallon Griekspoor;ATP;2
Grippo V.;Valentino Grippo;ATP;2
Gruenig G.;Gian Gruenig;ATP;2
Grumet G.;Gus Grumet;ATP;2
Grundtvig Jorgensen S.;Sebastian Grundtvig Jorgensen;ATP;3
Grzegorzewski O.;Oskar Grzegorzewski;ATP;2
Gschiel A.;Alexander Gschiel;ATP;2
Gschwendtner J.;Jeremy Gschwendtner;ATP;2
Guadagno V.;Valentin Guadagno;ATP;2
Guerrieri A.;Andrea Guerrieri;ATP;2
Gueymard Wayenburg S.;Sascha Gueymard Wayenburg;ATP;3
Guilleme J.;Joaquin Guilleme;ATP;2
Guillen Meza A.;Alvaro Guillen Meza;ATP;3
Guimaraes R. F.;Roberto Ferrer Guimaraes;ATP;3
Guinard M.;Manuel Guinard;ATP;2
Gulin S.;Svyatoslav Gulin;ATP;2
Guna R.;Robert Guna;ATP;2
Gundacker J.;Jonas Gundacker;ATP;2
Gunzinger T.;Thomas Gunzinger;ATP;2
Gurenko V.;Volodymyr Gurenko;ATP;2
Gurmendi A.;Alexis Gurmendi;ATP;2
Gurri M. A.;Max Alcala Gurri;ATP;3
Gusic Wan B.;Benjamin Gusic Wan;ATP;3
Gustafsson F.;Filip Gustafsson;ATP;2
Gutierrez O. J.;Oscar Jose Gutierrez;ATP;3
Guto Miguel L.;Luis Guto Miguel;ATP;3
Guttau N.;Niklas Guttau;ATP;2
Habib A.;Ali Habib;ATP;2
Habib H.;Hady Habib;ATP;2
Haita S. H.;Stefan Horia Haita;ATP;3
Haliak M.;Mikalai Haliak;ATP;2
Hallquist Lithen J.;John Hallquist Lithen;ATP;3
Halys Q.;Quentin Halys;ATP;2
Hammes T.;Tim Hammes;ATP;2
Hamza Reguig S.;Samir Hamza Reguig;ATP;3
Han X.;Xirui Han;ATP;2
Hance K.;Keaton Hance;ATP;2
Handel T.;Tim Handel;ATP;2
Hanfmann Y.;Yannick Hanfmann;ATP;2
Hannestad B.;Benjamin Hannestad;ATP;2
Hans K.;Kabir Hans;ATP;2
Hans Rehberg M.;Max Hans Rehberg;ATP;3
Hao Huang T.;Tsung Hao Huang;ATP;3
Hao Luo J.;Jun Hao Luo;ATP;3
Harazaki A.;Asahi Harazaki;ATP;2
Hardt N.;Nick Hardt;ATP;2
Harper C.;Cleeve Harper;ATP;2
Harris B.;Billy Harris;ATP;2
Harris L.;Lloyd Harris;ATP;2
Hartenstein J. P.;Jonas Pelle Hartenstein;ATP;3
Hartig R.;Ruben Hartig;ATP;2
Hashimoto H.;Hugo Hashimoto;ATP;2
Hassan B.;Benjamin Hassan;ATP;2
Hassani Y. K.;Youssef Kadiri Hassani;ATP;3
Hasson J.;Jordan Hasson;ATP;2
Hausberger G.;Gregor Hausberger;ATP;2
Hayen A.;Alejandro Hayen;ATP;2
Hazawa S.;Shinji Hazawa;ATP;2
Heck H.;Hunter Heck;ATP;2
Hede L. F.;Ludvig Fredrik Hede;ATP;3
Hee Lee D.;Duck Hee Lee;ATP;3
Heide G.;Gustavo Heide;ATP;2
Heisnam S.;Shanker Heisnam;ATP;2
Helguera Casado L.;Lucca Helguera Casado;ATP;3
Hemery C.;Calvin Hemery;ATP;2
Hendrikx J.;Jim Hendrikx;ATP;2
Henning P.;Philip Henning;ATP;2
Herbert P. H.;Pierre Hugues Herbert;ATP;3
Herck L. V.;Louis Van Herck;ATP;3
Heredia S.;Samuel Heredia;ATP;2
Hernandez C.;Carles Hernandez;ATP;2
Hernandez Mariona K.;Kaeri Hernandez Mariona;ATP;3
Hernandez S. P.;Sergio Planella Hernandez;ATP;3
Hernando S. C.;Sergio Callejon Hernando;ATP;3
Herrmann T.;Theo Herrmann;ATP;2
Herzeele J. V.;James Van Herzeele;ATP;3
Hewitt C.;Cruz Hewitt;ATP;2
Hijikata R.;Rinky Hijikata;ATP;2
Hilaire M. S.;Maxime St Hilaire;ATP;3
Hilderbrand T.;Trey Hilderbrand;ATP;2
Hipfl N.;Nico Hipfl;ATP;2
Hirose Y.;Yuya Hirose;ATP;2
Ho Ko M.;Min Ho Ko;ATP;3
Hodkin S.;Sean Hodkin;ATP;2
Hoeyeraal H.;Herman Hoeyeraal;ATP;2
Hohmann R.;Ronald Hohmann;ATP;2
Holder C.;Carl Holder;ATP;2
Hollender N.;Nicolas Hollender;ATP;2
Holmgren A.;August Holmgren;ATP;2
Holt B.;Brandon Holt;ATP;2
Homberg M.;Maximilian Homberg;ATP;2
Homola P.;Patrik Homola;ATP;2
Honda N.;Naoya Honda;ATP;2
Hooper L.;Luke Hooper;ATP;2
Hopp M.;Michel Hopp;ATP;2
Hopper J.;James Hopper;ATP;2
Horia Haita S.;Stefan Horia Haita;ATP;3
Horiuchi R.;Ryusuke Horiuchi;ATP;2
Hornung G.;Gabor Hornung;ATP;2
Horoz A.;Alp Horoz;ATP;2
Host T.;Ty Host;ATP;2
Hou C. C.;Chun Chien Hou;ATP;3
Houkes M.;Max Houkes;ATP;2
Hrazdil J.;Jan Hrazdil;ATP;2
Hribar M.;Matic Hribar;ATP;2
Hsin Tseng C.;Chun Hsin Tseng;ATP;3
Hsiou Hsu Y.;Yu Hsiou Hsu;ATP;3
Hsu Y. H.;Yu Hsiou Hsu;ATP;3
Huang H.;Haoyuan Huang;ATP;2
Huang T. H.;Tsung Hao Huang;ATP;3
Hudd E.;Emile Hudd;ATP;2
Huens H.;Harold Huens;ATP;2
Huesler M. A.;Marc Andrea Huesler;ATP;3
Hugues Herbert P.;Pierre Hugues Herbert;ATP;3
Hui Sin S.;San Hui Sin;ATP;3
Hulme M.;Matt Hulme;ATP;2
Humbert U.;Ugo Humbert;ATP;2
Hurkacz H.;Hubert Hurkacz;ATP;2
Hurrion M.;Millen Hurrion;ATP;2
Hussey G.;Giles Hussey;ATP;2
Huszar A.;Alex Huszar;ATP;2
Hwang J.;Juchan Hwang;ATP;2
Hyuk Cho M.;Min Hyuk Cho;ATP;3
Hyun Choo S.;Suk Hyun Choo;ATP;3
I Wang K.;Kai I Wang;ATP;3
Iakubenko V.;Volodymyr Iakubenko;ATP;2
Ian Kotzen N.;Nicolas Ian Kotzen;ATP;3
Ianin N.;Nikita Ianin;ATP;2
Iannaccone F.;Federico Iannaccone;ATP;2
Ibrahim K.;Karim Ibrahim;ATP;2
Ibraimi Y.;Ymerali Ibraimi;ATP;2
Ichikawa T.;Taisei Ichikawa;ATP;2
Ifi N.;Nicolas Ifi;ATP;2
Iftikhar S.;Samir Iftikhar;ATP;2
Ignacio Barraza J.;Juan Ignacio Barraza;ATP;3
Ignacio Gallego J.;Juan Ignacio Gallego;ATP;3
Ignatik U.;Uladzimir Ignatik;ATP;2
Ignatov I.;Ilya Ignatov;ATP;2
Ilagan A.;Andre Ilagan;ATP;2
Imai S.;Shintaro Imai;ATP;2
Imamura M.;Masamichi Imamura;ATP;2
Inchauspe P.;Paul Inchauspe;ATP;2
Ingildsen J.;Johannes Ingildsen;ATP;2
Inui Y.;Yuichiro Inui;ATP;2
Ion N.;Nicola Ion;ATP;2
Ionel N. D.;Nicholas David Ionel;ATP;3
Iradukunda G. O.;Guy Orly Iradukunda;ATP;3
Isak Kosaner K.;Kaan Isak Kosaner;ATP;3
Ishikawa M.;Masaki Ishikawa;ATP;2
Isomura K.;Kokoro Isomura;ATP;2
Iutkin I.;Ivan Iutkin;ATP;2
Ivan Justo G.;Guido Ivan Justo;ATP;3
Ivanisevic E.;Emanuel Ivanisevic;ATP;2
Ivanov I.;Ivan Ivanov;ATP;2
Ivanov S.;Saveliy Ivanov;ATP;2
Ivanovski K.;Kalin Ivanovski;ATP;2
Ivashka I.;Ilya Ivashka;ATP;2
Izquierdo Luque R.;Rafael Izquierdo Luque;ATP;3
Izquierdo N. S.;Nikolas Sanchez Izquierdo;ATP;3
J Wolf J.;J J Wolf;ATP;3
Jacquet K.;Kyrian Jacquet;ATP;2
Jade D.;Daniel Jade;ATP;2
Jadoun N.;Nicolas Jadoun;ATP;2
Jager J. D.;Jesse De Jager;ATP;3
Jaisinghani R.;Raghav Jaisinghani;ATP;2
James Mcfadzean L.;Lachlan James Mcfadzean;ATP;3
James Storrie R.;Ryan James Storrie;ATP;3
James Williams A.;Aaron James Williams;ATP;3
Jamji A.;Amine Jamji;ATP;2
Jang Y.;Yunseok Jang;ATP;2
Jankanj V.;Vlado Jankanj;ATP;2
Jans J.;Jarno Jans;ATP;2
Jansen W.;William Jansen;ATP;2
Janvier M.;Maxime Janvier;ATP;2
Jarry Fillol D.;Diego Jarry Fillol;ATP;3
Jarry N.;Nicolas Jarry;ATP;2
Jasika O.;Omar Jasika;ATP;2
Javia D.;Dev Javia;ATP;2
Jeanne Grandinot D.;David Jeanne Grandinot;ATP;3
Jedrzejczak J.;Jakub Jedrzejczak;ATP;2
Jeff Planinsek F.;Filip Jeff Planinsek;ATP;3
Jefferson H.;Henry Jefferson;ATP;2
Jeran A.;Aljaz Jeran;ATP;2
Jiang F.;Fumin Jiang;ATP;2
Jianu F. C.;Filip Cristian Jianu;ATP;3
Jilly A.;Adam Jilly;ATP;2
Jin J.;Jeremy Jin;ATP;2
Jin Y.;Yuquan Jin;ATP;2
Joaquin Rodriguez L.;Lorenzo Joaquin Rodriguez;ATP;3
Jodar R.;Rafael Jodar;ATP;2
Jody Maginley H.;Herbert Jody Maginley;ATP;3
Johan Reinhard B.;Bengt Johan Reinhard;ATP;3
Johansson O.;Oliver Johansson;ATP;2
John Lock C.;Courtney John Lock;ATP;3
Johns G.;Garrett Johns;ATP;2
Johnson A.;Andrew Johnson;ATP;2
Johnson S.;Spencer Johnson;ATP;2
Johnston N.;Noah Johnston;ATP;2
Jones A.;Alex Jones;ATP;2
Jones B.;Ben Jones;ATP;2
Jones H.;Hayden Jones;ATP;2
Jones J. P.;Jack Pinnington Jones;ATP;3
Jones R.;Roan Jones;ATP;2
Jones S.;Scott Jones;ATP;2
Jong J. D.;Jesper De Jong;ATP;3
Jong S.;Sander Jong;ATP;2
Jonge D. D.;Daniel De Jonge;ATP;3
Jorda Sanchis D.;David Jorda Sanchis;ATP;3
Jordan P.;Phillip Jordan;ATP;2
Jordi Leston T.;Tomas Jordi Leston;ATP;3
Jorgensen S. G.;Sebastian Grundtvig Jorgensen;ATP;3
Jose Gutierrez O.;Oscar Jose Gutierrez;ATP;3
Jose Nakamine L.;Luis Jose Nakamine;ATP;3
Jovanovic P.;Petar Jovanovic;ATP;2
Jovanovski D.;Daniel Jovanovski;ATP;2
Jover C. S.;Carlos Sanchez Jover;ATP;3
Jovic N.;Nikola Jovic;ATP;2
Jr. Olivarez E.;Eric Jr. Olivarez;ATP;3
Ju Kim D.;Dong Ju Kim;ATP;3
Juan Mano A.;Alejandro Juan Mano;ATP;3
Juan S. F.;Sergi Fita Juan;ATP;3
Juarez F.;Facundo Juarez;ATP;2
Jubb P.;Paul Jubb;ATP;2
Juhas K.;Kristijan Juhas;ATP;2
Julian Werner E.;Elias Julian Werner;ATP;3
Jun Kim G.;Geun Jun Kim;ATP;3
Juncadella M. L.;Manel Lazaro Juncadella;ATP;3
Jung J.;Jason Jung;ATP;2
Justo G. I.;Guido Ivan Justo;ATP;3
Kaan Oktay R.;Ramazan Kaan Oktay;ATP;3
Kachmazov A.;Alibek Kachmazov;ATP;2
Kaczmarek A.;Adam Kaczmarek;ATP;2
Kadiri Hassani Y.;Youssef Kadiri Hassani;ATP;3
Kajin K.;Karlo Kajin;ATP;2
Kakhniuk D.;Daniil Kakhniuk;ATP;2
Kalina V.;Vit Kalina;ATP;2
Kalovelonis M.;Markos Kalovelonis;ATP;2
Kalyanpur A.;Adil Kalyanpur;ATP;2
Kamath M.;Madhwin Kamath;ATP;2
Kamboj U.;Udit Kamboj;ATP;2
Kamrowski M.;Marcel Kamrowski;ATP;2
Kandil O.;Omar Kandil;ATP;2
Kaouk M.;Mickael Kaouk;ATP;2
Karatsev A.;Aslan Karatsev;ATP;2
Karigyo T.;Toshiki Karigyo;ATP;2
Karki R.;Ronit Karki;ATP;2
Karlovskiy E.;Evgeny Karlovskiy;ATP;2
Karma N.;Noah Karma;ATP;2
Karol M.;Milos Karol;ATP;2
Karthik P.;Pranav Karthik;ATP;2
Kasnikowski M.;Maks Kasnikowski;ATP;2
Katayama S.;Sho Katayama;ATP;2
Kawahashi Y.;Yuta Kawahashi;ATP;2
Kawanishi H.;Hyu Kawanishi;ATP;2
Kazuma Lee K.;Karl Kazuma Lee;ATP;3
Kecmanovic M.;Miomir Kecmanovic;ATP;2
Kellovsky D.;Dominik Kellovsky;ATP;2
Kelm Y.;Yannik Kelm;ATP;2
Kennedy J.;Jack Kennedy;ATP;2
Kesharwani M.;Maan Kesharwani;ATP;2
Kestelboim M.;Mariano Kestelboim;ATP;2
Khachanov K.;Karen Khachanov;ATP;2
Khalil Y.;Yousaf Khalil;ATP;2
Kharlamov R.;Roman Kharlamov;ATP;2
Khazime D.;Daniel Khazime;ATP;2
Khoeblal E.;Elgin Khoeblal;ATP;2
Kicker N.;Nicolas Kicker;ATP;2
Kielan S.;Szymon Kielan;ATP;2
Kikuchi Y.;Yuta Kikuchi;ATP;2
Kim A.;Aidan Kim;ATP;2
Kim D. J.;Dong Ju Kim;ATP;3
Kim G. J.;Geun Jun Kim;ATP;3
Kim J.;Jangjun Kim;ATP;2
Kimhi O.;Orel Kimhi;ATP;2
King D.;Darian King;ATP;2
Kingsley C.;Cannon Kingsley;ATP;2
Kirchheimer S.;Strong Kirchheimer;ATP;2
Kirci K.;Koray Kirci;ATP;2
Kirkin E.;Ergi Kirkin;ATP;2
Kisantal B.;Botond Kisantal;ATP;2
Kisimov D.;Dimitar Kisimov;ATP;2
Kivattsev K.;Kirill Kivattsev;ATP;2
Kjaer N. B.;Nicolai Budkov Kjaer;ATP;3
Klaassen S.;Stian Klaassen;ATP;2
Kleiman M.;Matt Kleiman;ATP;2
Klein L.;Lukas Klein;ATP;2
Klimas J.;Jan Klimas;ATP;2
Klintcharov A.;Alexander Klintcharov;ATP;2
Klok D.;Denys Klok;ATP;2
Knaff A.;Alex Knaff;ATP;2
Knitter K.;Kacper Knitter;ATP;2
Ko M. H.;Min Ho Ko;ATP;3
Koay H. S.;Hao Sheng Koay;ATP;3
Kobelt A.;Alex Kobelt;ATP;2
Kobelt N.;Nicolas Kobelt;ATP;2
Kodat T. A.;Toby Alex Kodat;ATP;3
Koenig L.;Luc Koenig;ATP;2
Koizumi N.;Noritaka Koizumi;ATP;2
Kokkinakis T.;Thanasi Kokkinakis;ATP;2
Kolar Z.;Zdenek Kolar;ATP;2
Komagata R.;Reiya Komagata;ATP;2
Konduri T.;Tanishk Konduri;ATP;2
Kong W.;Weiyi Kong;ATP;2
Konovchuk V.;Vadym Konovchuk;ATP;2
Kopilevich D.;Dmitry Kopilevich;ATP;2
Kopp S.;Sandro Kopp;ATP;2
Kopriva V.;Vit Kopriva;ATP;2
Korda S.;Sebastian Korda;ATP;2
Kosaner K. I.;Kaan Isak Kosaner;ATP;3
Kostka T.;Thomas Kostka;ATP;2
Kotov P.;Pavel Kotov;ATP;2
Kotzen A.;Alexander Kotzen;ATP;2
Kotzen N. I.;Nicolas Ian Kotzen;ATP;3
Kouame M.;Moise Kouame;ATP;2
Kountourakis I.;Ioannis Kountourakis;ATP;2
Kouzmine C. B.;Constantin Bittoun Kouzmine;ATP;3
Kovacevic A.;Aleksandar Kovacevic;ATP;2
Kovalik J.;Jozef Kovalik;ATP;2
Koyama H.;Hiromasa Koyama;ATP;2
Kozlov S.;Stefan Kozlov;ATP;2
Krajci M.;Michal Krajci;ATP;2
Krall L.;Liam Krall;ATP;2
Kravchenko G.;Georgii Kravchenko;ATP;2
Kravtsov A. P.;Albert Pedrico Kravtsov;ATP;3
Kretzer A. M.;Alejandro Melero Kretzer;ATP;3
Kriznik M.;Matic Kriznik;ATP;2
Krom M. D.;Michiel De Krom;ATP;3
Krstic V.;Veljko Krstic;ATP;2
Krueger M.;Mitchell Krueger;ATP;2
Krumich M.;Martin Krumich;ATP;2
Krutykh O.;Oleksii Krutykh;ATP;2
Kshitij A.;Aradhya Kshitij;ATP;2
Kubler J.;Jason Kubler;ATP;2
Kucera J.;Jonas Kucera;ATP;2
Kucukhuseyin C. C.;Cem Christopher Kucukhuseyin;ATP;3
Kudernatsch M.;Moritz Kudernatsch;ATP;2
Kudriashov I.;Igor Kudriashov;ATP;2
Kuhar M.;Matt Kuhar;ATP;2
Kujisaki K.;Kanta Kujisaki;ATP;2
Kukasian A.;Artur Kukasian;ATP;2
Kukushkin M.;Mikhail Kukushkin;ATP;2
Kumar M.;Melvin Kumar;ATP;2
Kumar Mukund S.;Sasi Kumar Mukund;ATP;3
Kumar P.;Pranav Kumar;ATP;2
Kumar Sinha N.;Nitin Kumar Sinha;ATP;3
Kumasaka T.;Takuya Kumasaka;ATP;2
Kumstat J.;Jan Kumstat;ATP;2
Kunitsyn A.;Andrei Kunitsyn;ATP;2
Kupcic J.;Jan Kupcic;ATP;2
Kuperstein A.;Alex Kuperstein;ATP;2
Kurale S. D.;Sandesh Dattatray Kurale;ATP;3
Kusuhara Y.;Yusuke Kusuhara;ATP;2
Kuzmanov D.;Dimitar Kuzmanov;ATP;2
Kuzuhara B.;Bruno Kuzuhara;ATP;2
Kwiatkowski T. S.;Thai Son Kwiatkowski;ATP;3
Kwon S. W.;Soon Woo Kwon;ATP;3
Kym J.;Jerome Kym;ATP;2
Kypriotis E.;Evangelos Kypriotis;ATP;2
Kypson P.;Patrick Kypson;ATP;2
Kyrgios N.;Nick Kyrgios;ATP;2
La Vela G.;Giuseppe La Vela;ATP;3
Laaroussi Y. L.;Younes Lalami Laaroussi;ATP;3
Lacides O.;Oscar Lacides;ATP;2
Lagarrigue L.;Leo Lagarrigue;ATP;2
Lagerbohm L.;Linus Lagerbohm;ATP;2
Lagutin P.;Pavel Lagutin;ATP;2
Lahjomri Y.;Yazid Lahjomri;ATP;2
Lajal M.;Mark Lajal;ATP;2
Lajovic D.;Dusan Lajovic;ATP;2
Lakshmanan A.;Aryan Lakshmanan;ATP;2
Lalami Laaroussi Y.;Younes Lalami Laaroussi;ATP;3
Lammons N.;Nathaniel Lammons;ATP;2
Landaluce M.;Martin Landaluce;ATP;2
Lange P. D.;Pieter De Lange;ATP;3
Langmo C.;Christian Langmo;ATP;2
Lanik T.;Tomas Lanik;ATP;2
Lapalu V.;Valentin Lapalu;ATP;2
Lapuerta P. M.;Pablo Manzano Lapuerta;ATP;3
Lara Salmeron D.;Daniel Lara Salmeron;ATP;3
Larue L.;Louis Larue;ATP;2
Larwig N.;Noel Larwig;ATP;2
Latak M.;Marcel Latak;ATP;2
Latifovic A.;Anes Latifovic;ATP;2
Latinovic S.;Stefan Latinovic;ATP;2
Lavizzari M.;Matteo Lavizzari;ATP;2
Lawlor R.;Rhys Lawlor;ATP;2
Lazaro Juncadella M.;Manel Lazaro Juncadella;ATP;3
Lazarov G.;George Lazarov;ATP;2
Leach J.;Jagger Leach;ATP;2
Leal R.;Rodrigo Leal;ATP;2
Leather J.;Joe Leather;ATP;2
Lechno Wasiutynski F.;Fryderyk Lechno Wasiutynski;ATP;3
Lee D. H.;Duck Hee Lee;ATP;3
Lee G. C.;Gerard Campana Lee;ATP;3
Lee J. M.;Jea Moon Lee;ATP;3
Lee K. K.;Karl Kazuma Lee;ATP;3
Lee K. Y.;Kuan Yi Lee;ATP;3
Lee W. B.;Woong Bi Lee;ATP;3
Lee W. C.;Woong Chan Lee;ATP;3
Legout T.;Timo Legout;ATP;2
Lehecka J.;Jiri Lehecka;ATP;2
Leite W.;Wilson Leite;ATP;2
Lemire C.;Clement Lemire;ATP;2
Lenders J.;Justin Lenders;ATP;2
Lennard Struff J.;Jan Lennard Struff;ATP;3
Leroux J.;Jules Leroux;ATP;2
Lestir L.;Loan Lestir;ATP;2
Leston T. J.;Tomas Jordi Leston;ATP;3
Li C.;Christopher Li;ATP;2
Li Z.;Zhe Li;ATP;2
Lieberman H.;Henry Lieberman;ATP;2
Lien J. O.;Johan Oscar Lien;ATP;3
Ligniere E. C.;Edoardo Cherie Ligniere;ATP;3
Lilov V.;Victor Lilov;ATP;2
Lim A.;Alberto Lim;ATP;2
Lima E. C.;Enzo Camargo Lima;ATP;3
Lin Wu T.;Tung Lin Wu;ATP;3
Lipp M.;Mika Lipp;ATP;2
Lithen J. H.;John Hallquist Lithen;ATP;3
Liu H.;Hanyi Liu;ATP;2
Liu L.;Lucca Liu;ATP;2
Liu S.;Shaoyun Liu;ATP;2
Liutarevich I.;Ivan Liutarevich;ATP;2
Livet Novkirichka F.;Ferdinand Livet Novkirichka;ATP;3
Llamas Ruiz P.;Pablo Llamas Ruiz;ATP;3
Lock C. J.;Courtney John Lock;ATP;3
Loffhagen G.;George Loffhagen;ATP;2
Loge J.;Jack Loge;ATP;2
Lokoli L.;Laurent Lokoli;ATP;2
Lomakin G.;Grigoriy Lomakin;ATP;2
Loncarevic A.;Andrej Loncarevic;ATP;2
Long D.;Dylan Long;ATP;2
Longo N. G.;Nicolas Garcia Longo;ATP;3
Longwe Smit T.;Thando Longwe Smit;ATP;3
Loof T.;Thijmen Loof;ATP;2
Loore J. D.;Joris De Loore;ATP;3
Loosen T.;Tim Loosen;ATP;2
Lopatic L. T.;Luka Talan Lopatic;ATP;3
Lopez B. W.;Benjamin Winter Lopez;ATP;3
Lopez Cherubino N.;Noah Lopez Cherubino;ATP;3
Lopez Escribano A.;Alejandro Lopez Escribano;ATP;3
Lopez Montagud C.;Carlos Lopez Montagud;ATP;3
Lopez Morillo I.;Imanol Lopez Morillo;ATP;3
Lopez N.;Noah Lopez;ATP;2
Lora S.;Santiago Lora;ATP;2
Lorens M.;Mikolaj Lorens;ATP;2
Lorusso L.;Lorenzo Lorusso;ATP;2
Loutit J.;Jack Loutit;ATP;2
Lu L.;Liangxuan Lu;ATP;2
Lu P.;Pengyu Lu;ATP;2
Luca Tanner G.;Gian Luca Tanner;ATP;3
Ludoski Z.;Zoran Ludoski;ATP;2
Luis Claro J.;Jose Luis Claro;ATP;3
Luis N. R.;Noah Regas Luis;ATP;3
Luis Pinter P.;Piet Luis Pinter;ATP;3
Luis T.;Tomas Luis;ATP;2
Lumsden E.;Ewen Lumsden;ATP;2
Luo J. H.;Jun Hao Luo;ATP;3
Luque R. I.;Rafael Izquierdo Luque;ATP;3
Luz O.;Orlando Luz;ATP;2
Lynch A.;Adam Lynch;ATP;2
M Rifqi F.;Fitriadi M Rifqi;ATP;3
M'Chich A.;Andrea M'Chich;ATP;2
Mabrouk K.;Karim Mabrouk;ATP;2
Macedo T. D.;Tomas Dummer Macedo;ATP;3
Machac T.;Tomas Machac;ATP;2
Machado M. A.;Miguel Angel Machado;ATP;3
Mackenzie J.;Jamie Mackenzie;ATP;2
Madaras D. N.;Dragos Nicolae Madaras;ATP;3
Maestrelli F.;Francesco Maestrelli;ATP;2
Magadan A.;Alan Magadan;ATP;2
Maginley H. J.;Herbert Jody Maginley;ATP;3
Maia H.;Hugo Maia;ATP;2
Majchrzak A.;Adam Majchrzak;ATP;2
Majchrzak K.;Kamil Majchrzak;ATP;2
Majdandzic M.;Marc Majdandzic;ATP;2
Majdandzic O.;Oliver Majdandzic;ATP;2
Makhlouf M. N.;Mohamed Nazim Makhlouf;ATP;3
Makk P.;Peter Makk;ATP;2
Maksimovic M.;Marko Maksimovic;ATP;2
Malaszszak M.;Markus Malaszszak;ATP;2
Malesevic N.;Nemanja Malesevic;ATP;2
Malgaroli L.;Leonardo Malgaroli;ATP;2
Malige M.;Mae Malige;ATP;2
Malik A.;Ajay Malik;ATP;2
Malirz K.;Karol Malirz;ATP;2
Malla B.;Bastian Malla;ATP;2
Maloney P.;Patrick Maloney;ATP;2
Mannarino A.;Adrian Mannarino;ATP;2
Manning W.;William Manning;ATP;2
Mano A. J.;Alejandro Juan Mano;ATP;3
Mansilla Diez M.;Mario Mansilla Diez;ATP;3
Mansouri S.;Skander Mansouri;ATP;2
Manuel Cerundolo J.;Juan Manuel Cerundolo;ATP;3
Manukyan V.;Vardan Manukyan;ATP;2
Manzanera Pertusa A.;Alejandro Manzanera Pertusa;ATP;3
Manzano Lapuerta P.;Pablo Manzano Lapuerta;ATP;3
Marcel Stebe C.;Cedrik Marcel Stebe;ATP;3
Marchenko I.;Illya Marchenko;ATP;2
Marchi A. D.;Andrea De Marchi;ATP;3
Marco Ortenzi G.;Gian Marco Ortenzi;ATP;3
Marcondes I. R.;Igor Ribeiro Marcondes;ATP;3
Marcos P. V.;Pedro Vives Marcos;ATP;3
Maria Noce G.;Gabriele Maria Noce;ATP;3
Maria Zarate C.;Carlos Maria Zarate;ATP;3
Marinescu M. R.;Mihai Razvan Marinescu;ATP;3
Marini F.;Franco Marini;ATP;2
Marinkov P.;Pavle Marinkov;ATP;2
Marino P.;Pietro Marino;ATP;2
Mariona K. H.;Kaeri Hernandez Mariona;ATP;3
Marionneau L.;Lucas Marionneau;ATP;2
Markov V.;Viktor Markov;ATP;2
Markovina D.;Duje Markovina;ATP;2
Markovski O.;Obrad Markovski;ATP;2
Marmousez L.;Lilian Marmousez;ATP;2
Marozsan F.;Fabian Marozsan;ATP;2
Marques D.;Diogo Marques;ATP;2
Marques G.;Goncalo Marques;ATP;2
Marrero Curbelo I.;Ivan Marrero Curbelo;ATP;3
Martens N.;Noah Martens;ATP;2
Marti Pujolras A.;Alex Marti Pujolras;ATP;3
Martin B.;Benjamin Martin;ATP;2
Martin D.;Dan Martin;ATP;2
Martin Etcheverry T.;Tomas Martin Etcheverry;ATP;3
Martin M.;Matisse Martin;ATP;2
Martin T.;Toby Martin;ATP;2
Martin Tiffon P.;Pol Martin Tiffon;ATP;3
Martineau M.;Matteo Martineau;ATP;2
Martinez A.;Alex Martinez;ATP;2
Martinez B. S.;Benito Sanchez Martinez;ATP;3
Martinez D. S.;Daniel Salazar Martinez;ATP;3
Martinez Gomez P.;Pablo Martinez Gomez;ATP;3
Martinez L. D.;Luis David Martinez;ATP;3
Martinez M.;Mikel Martinez;ATP;2
Martinez P.;Pedro Martinez;ATP;2
Martinez Serrano M.;Mario Martinez Serrano;ATP;3
Martinez T.;Tomas Martinez;ATP;2
Marysko V.;Vincent Marysko;ATP;2
Masabayashi T.;Tomohiro Masabayashi;ATP;2
Mashtakov M.;Mykyta Mashtakov;ATP;2
Massard L.;Loann Massard;ATP;2
Massellani S.;Simone Massellani;ATP;2
Masur D.;Daniel Masur;ATP;2
Matijasic G.;Gasper Matijasic;ATP;2
Matsuda K.;Koki Matsuda;ATP;2
Matsuda R.;Ryuki Matsuda;ATP;2
Matsuoka H.;Hayato Matsuoka;ATP;2
Matsuoka S.;Shu Matsuoka;ATP;2
Matusevich A.;Anton Matusevich;ATP;2
Maxted L.;Lui Maxted;ATP;2
Mayew W.;Will Mayew;ATP;2
Mayo A.;Aidan Mayo;ATP;2
Mayo K.;Keenan Mayo;ATP;2
Mayot H.;Harold Mayot;ATP;2
Mazdrashki A.;Anas Mazdrashki;ATP;2
Mazza M.;Manuel Mazza;ATP;2
Mazzola F.;Filippo Mazzola;ATP;2
Mbithi M.;Mwendwa Mbithi;ATP;2
Mccabe J.;James Mccabe;ATP;2
Mccormick T.;Tristan Mccormick;ATP;2
Mcdonald M.;Mackenzie Mcdonald;ATP;2
Mcdonald N.;Niels Mcdonald;ATP;2
Mcfadzean L. J.;Lachlan James Mcfadzean;ATP;3
Mcgary J.;Jack Mcgary;ATP;2
Mchugh A.;Aidan Mchugh;ATP;2
Mckennon M.;Maxwell Mckennon;ATP;2
Mcleod A.;Ashton Mcleod;ATP;2
Mecarelli M.;Michele Mecarelli;ATP;2
Medjedovic H.;Hamad Medjedovic;ATP;2
Meduri A.;Andrea Meduri;ATP;2
Medvedev D.;Daniil Medvedev;ATP;2
Mehra R.;Rohan Mehra;ATP;2
Mehrotra A.;Arjun Mehrotra;ATP;2
Mejia N.;Nicolas Mejia;ATP;2
Melero Kretzer A.;Alejandro Melero Kretzer;ATP;3
Meligeni Alves F.;Felipe Meligeni Alves;ATP;3
Melnic V.;Vladislav Melnic;ATP;2
Mena F.;Facundo Mena;ATP;2
Mencaglia S.;Silvio Mencaglia;ATP;2
Mendez R. P.;Rodrigo Pacheco Mendez;ATP;3
Meneo T.;Tadeo Meneo;ATP;2
Meng C. Y.;Cing Yang Meng;ATP;3
Meng F.;Fanming Meng;ATP;2
Mensik J.;Jakub Mensik;ATP;2
Merida Aguilar D.;Daniel Merida Aguilar;ATP;3
Mert Ozdemir S.;S Mert Ozdemir;ATP;3
Mesa B. M.;Bernardo Munk Mesa;ATP;3
Mesarovic M.;Marko Mesarovic;ATP;2
Mestre J. G.;Jordi Garcia Mestre;ATP;3
Meszaros P.;Patrik Meszaros;ATP;2
Meza A. G.;Alvaro Guillen Meza;ATP;3
Michalik R.;Radovan Michalik;ATP;2
Michalski D.;Daniel Michalski;ATP;2
Michelsen A.;Alex Michelsen;ATP;2
Michnev P.;Petr Michnev;ATP;2
Midon L.;Lautaro Midon;ATP;2
Miguel L. F.;Luis Felipe Miguel;ATP;3
Miguel L. G.;Luis Guto Miguel;ATP;3
Mihai Papoe R.;Radu Mihai Papoe;ATP;3
Mihailovic A.;Aleksandar Mihailovic;ATP;2
Mikovic N.;Nik Mikovic;ATP;2
Mikrut L.;Luka Mikrut;ATP;2
Milad Fahim I.;Ilyas Milad Fahim;ATP;3
Miladinovic M.;Marko Miladinovic;ATP;2
Milanovic D.;Dusan Milanovic;ATP;2
Milavsky D.;Daniel Milavsky;ATP;2
Miletich I.;Iannis Miletich;ATP;2
Milev Y.;Yanaki Milev;ATP;2
Milic O.;Ognjen Milic;ATP;2
Milosavljevic M.;Marko Milosavljevic;ATP;2
Milushev A.;Amir Milushev;ATP;2
Minaur A. D.;Alex De Minaur;ATP;3
Minighini D.;Daniele Minighini;ATP;2
Miralles B. Z.;Bernabe Zapata Miralles;ATP;3
Mirarchi W.;William Mirarchi;ATP;2
Misasi G.;Giannicola Misasi;ATP;2
Misolic F.;Filip Misolic;ATP;2
Missoum A.;Ali Missoum;ATP;2
Mitsui S.;Shunsuke Mitsui;ATP;2
Miyoshi K.;Kenta Miyoshi;ATP;2
Mmoh M.;Michael Mmoh;ATP;2
Mo Y. C.;Ye Cong Mo;ATP;3
Mochizuki S.;Shintaro Mochizuki;ATP;2
Mochizuki Y.;Yuki Mochizuki;ATP;2
Moeller M.;Marvin Moeller;ATP;2
Mohar V.;Vid Mohar;ATP;2
Molcan A.;Alex Molcan;ATP;2
Molder M.;Markus Molder;ATP;2
Molino J.;Javier Molino;ATP;2
Molleker R.;Rudolf Molleker;ATP;2
Moller E.;Elmer Moller;ATP;2
Monday J.;Johannus Monday;ATP;2
Monferrer E.;Ezequiel Monferrer;ATP;2
Monfils G.;Gael Monfils;ATP;2
Montagud C. L.;Carlos Lopez Montagud;ATP;3
Monteiro T.;Thiago Monteiro;ATP;2
Montellano A. U.;Andres Urquiola Montellano;ATP;3
Montsi K.;Khololwam Montsi;ATP;2
Montsi S.;Siphosothando Montsi;ATP;2
Monzon I.;Ignacio Monzon;ATP;2
Moon Lee J.;Jea Moon Lee;ATP;3
Moonga E. A.;Eric Ahren Moonga;ATP;3
Moragrega M. S.;Marc Saura Moragrega;ATP;3
Morais D.;Diogo Morais;ATP;2
Moreno A.;Alejandro Moreno;ATP;2
Morillo I. L.;Imanol Lopez Morillo;ATP;3
Moriya H.;Hiroki Moriya;ATP;2
Moro Canas A.;Alejandro Moro Canas;ATP;3
Moroni F.;Filippo Moroni;ATP;2
Mosejczuk D.;Dominick Mosejczuk;ATP;2
Mott B.;Blake Mott;ATP;2
Mouilleron Salvo M.;Manuel Mouilleron Salvo;ATP;3
Moutet C.;Corentin Moutet;ATP;2
Mpetshi Perricard G.;Giovanni Mpetshi Perricard;ATP;3
Mridha J.;Jonathan Mridha;ATP;2
Mrva M.;Maxim Mrva;ATP;2
Mtisi R. T.;Ronan Tashinga Mtisi;ATP;3
Mueller C.;Calvin Mueller;ATP;2
Mujakic A.;Alen Mujakic;ATP;2
Mukund S. K.;Sasi Kumar Mukund;ATP;3
Muller A.;Alexandre Muller;ATP;2
Munar J.;Jaume Munar;ATP;2
Munk Mesa B.;Bernardo Munk Mesa;ATP;3
Munkhammar P.;Patrik Munkhammar;ATP;2
Munoz J. F.;Juan Francisco Munoz;ATP;3
Murgett F.;Finn Murgett;ATP;2
Murray F.;Freddy Murray;ATP;2
Murtaza M.;Muzammil Murtaza;ATP;2
Musetti L.;Lorenzo Musetti;ATP;2
Musitelli F.;Francois Musitelli;ATP;2
Muto S.;Shu Muto;ATP;2
Naci Turker M.;Mert Naci Turker;ATP;3
Nagal S.;Sumit Nagal;ATP;2
Nagel A.;Arthur Nagel;ATP;2
Naharro D.;David Naharro;ATP;2
Nakagawa N.;Naoki Nakagawa;ATP;2
Nakagawa S.;Shunsuke Nakagawa;ATP;2
Nakamine L. J.;Luis Jose Nakamine;ATP;3
Nakamura R.;Ren Nakamura;ATP;2
Nakanishi S.;Seiya Nakanishi;ATP;2
Nam J. S.;Ji Sung Nam;ATP;3
Nannelli M.;Mattia Nannelli;ATP;2
Napolitano S.;Stefano Napolitano;ATP;2
Nardi L.;Luca Nardi;ATP;2
Nasridinov A.;Amirkhamza Nasridinov;ATP;2
Nava E.;Emilio Nava;ATP;2
Navarro B. P.;Bruno Pujol Navarro;ATP;3
Navarro P. P.;Pablo Perez Navarro;ATP;3
Navasirisomboon J.;Jirat Navasirisomboon;ATP;2
Navone M.;Mariano Navone;ATP;2
Naw H.;Hazem Naw;ATP;2
Nazim Makhlouf M.;Mohamed Nazim Makhlouf;ATP;3
Nedelko I.;Ivan Nedelko;ATP;2
Nedev D.;Dian Nedev;ATP;2
Nedic A.;Andrej Nedic;ATP;2
Nefve A.;Axel Nefve;ATP;2
Negritu C.;Christoph Negritu;ATP;2
Neimanis R.;Rihards Neimanis;ATP;2
Nesterov P.;Petr Nesterov;ATP;2
Neuchrist M.;Maximilian Neuchrist;ATP;2
Neumayer L.;Lukas Neumayer;ATP;2
Ngijol Carre P.;Pierre Ngijol Carre;ATP;3
Nicholas Tudorica A.;Alvin Nicholas Tudorica;ATP;3
Nicod J.;Jakub Nicod;ATP;2
Nicolae Cazacu D.;Dragos Nicolae Cazacu;ATP;3
Nicolae Madaras D.;Dragos Nicolae Madaras;ATP;3
Nidunjianzan F.;Fnu Nidunjianzan;ATP;2
Niedner N.;Neo Niedner;ATP;2
Niggemann N.;Niklas Niggemann;ATP;2
Nijboer R.;Ryan Nijboer;ATP;2
Niklas Salminen P.;Patrik Niklas Salminen;ATP;3
Nikles J.;Johan Nikles;ATP;2
Nikolic M.;Marko Nikolic;ATP;2
Nima D.;Dingzheng Nima;ATP;2
Nishikori K.;Kei Nishikori;ATP;2
Nishioka Y.;Yoshihito Nishioka;ATP;2
Nishiwaki K.;Kazuki Nishiwaki;ATP;2
Nittmann Y.;Yannic Nittmann;ATP;2
Noatto K.;Kaue Noatto;ATP;2
Noce G. M.;Gabriele Maria Noce;ATP;3
Noguchi R.;Rio Noguchi;ATP;2
Nogueira H. O.;Henrique Ortenblad Nogueira;ATP;3
Nolan W.;William Nolan;ATP;2
Nordas B. W.;Baltazar Wiger Nordas;ATP;3
Nordquist A.;Arvid Nordquist;ATP;2
Norrie C.;Cameron Norrie;ATP;2
Novak D.;Dennis Novak;ATP;2
Novakovic N.;Novak Novakovic;ATP;2
Novkirichka F. L.;Ferdinand Livet Novkirichka;ATP;3
Novo I.;Ignacio Novo;ATP;2
Nunez D. A.;Daniel Antonio Nunez;ATP;3
Nurlanuly Z.;Zangar Nurlanuly;ATP;2
O'Connell B.;Benjamin O'Connell;ATP;2
Oberleitner N.;Neil Oberleitner;ATP;2
Obradovic D.;Dusan Obradovic;ATP;2
Obrul L.;Lun Obrul;ATP;2
Ochi M.;Makoto Ochi;ATP;2
Oconnell C.;Christopher Oconnell;ATP;2
Oetzbach A.;Adrian Oetzbach;ATP;2
Oezcelik M.;Maximilian Oezcelik;ATP;2
Ofner S.;Sebastian Ofner;ATP;2
Ogura K.;Kosuke Ogura;ATP;2
Oh C. Y.;Chan Yeong Oh;ATP;3
Ojakaar O.;Oliver Ojakaar;ATP;2
Oki Y.;Yuto Oki;ATP;2
Okonkwo O.;Oliver Okonkwo;ATP;2
Oktay R. K.;Ramazan Kaan Oktay;ATP;3
Oliel Y.;Yshai Oliel;ATP;2
Olivarez E. J.;Eric Jr. Olivarez;ATP;3
Oliveira N.;Nicolas Oliveira;ATP;2
Oliver Statham M.;Mikal Oliver Statham;ATP;3
Olivieri G. A.;Genaro Alberto Olivieri;ATP;3
Omarkhanov A.;Amir Omarkhanov;ATP;2
Onclin G.;Gauthier Onclin;ATP;2
Opelka R.;Reilly Opelka;ATP;2
Opitz J.;Jannik Opitz;ATP;2
Oradini G.;Giovanni Oradini;ATP;2
Orderlain D. V.;Drew Van Orderlain;ATP;3
Orlov V.;Vladyslav Orlov;ATP;2
Orly Iradukunda G.;Guy Orly Iradukunda;ATP;3
Ortenblad Nogueira H.;Henrique Ortenblad Nogueira;ATP;3
Ortenzi G. M.;Gian Marco Ortenzi;ATP;3
Ortiz Gamonsl D.;Diego Ortiz Gamonsl;ATP;3
Oscar Lien J.;Johan Oscar Lien;ATP;3
Osorio J. S.;Juan Sebastian Osorio;ATP;3
Ostapenkov D.;Daniil Ostapenkov;ATP;2
Otegui J. B.;Juan Bautista Otegui;ATP;3
Otte O.;Oscar Otte;ATP;2
Ouakaa A.;Aziz Ouakaa;ATP;2
Ouden G. D.;Guy Den Ouden;ATP;3
Ouzilou H.;Hugo Ouzilou;ATP;2
Ovcharenko O.;Oleksandr Ovcharenko;ATP;2
Overbeck C. E.;Carl Emil Overbeck;ATP;3
Ozdemir S. M.;S Mert Ozdemir;ATP;3
Ozolins K.;Karlis Ozolins;ATP;2
Paardekooper S.;Stijn Paardekooper;ATP;2
Pablo Ficovich J.;Juan Pablo Ficovich;ATP;3
Pablo Paz J.;Juan Pablo Paz;ATP;3
Pablo Varillas J.;Juan Pablo Varillas;ATP;3
Pacheco Mendez R.;Rodrigo Pacheco Mendez;ATP;3
Pade M.;Max Pade;ATP;2
Paez L. G.;Luis Garcia Paez;ATP;3
Pagani D.;Dante Pagani;ATP;2
Pagnacco F.;Felipe Pagnacco;ATP;2
Palan D.;Dominik Palan;ATP;2
Palavestra I.;Ilija Palavestra;ATP;2
Paldanius O.;Oskari Paldanius;ATP;2
Palomar X.;Xavi Palomar;ATP;2
Palomero D. D.;Diego Dedura Palomero;ATP;3
Palosi S.;Stefan Palosi;ATP;2
Pan W.;Weiwen Pan;ATP;2
Panarin D.;Danil Panarin;ATP;2
Pankin S.;Semen Pankin;ATP;2
Pantaratorn K.;Kunanan Pantaratorn;ATP;2
Paolini A.;Andrea Paolini;ATP;2
Papa C.;Christopher Papa;ATP;2
Papamalamis T.;Theo Papamalamis;ATP;2
Paparkar A.;Arnav Paparkar;ATP;2
Pape V. F.;Valdemar Frederik Pape;ATP;3
Papoe C. G.;Cezar Gabriel Papoe;ATP;3
Papoe R. M.;Radu Mihai Papoe;ATP;3
Parenti L.;Luca Parenti;ATP;2
Paris T.;Tom Paris;ATP;2
Parisca I.;Ignacio Parisca;ATP;2
Parizzia N.;Nicolas Parizzia;ATP;2
Park M.;Minjong Park;ATP;2
Park S.;Seungmin Park;ATP;2
Park U.;Uisung Park;ATP;2
Parker S.;Stuart Parker;ATP;2
Paroulek T.;Tadeas Paroulek;ATP;2
Pascual Ferra R.;Roger Pascual Ferra;ATP;3
Passaro F.;Francesco Passaro;ATP;2
Paul J.;Jakub Paul;ATP;2
Paul T.;Tommy Paul;ATP;2
Paulson A.;Andrew Paulson;ATP;2
Pavlovic L.;Luka Pavlovic;ATP;2
Pawelski M.;Martyn Pawelski;ATP;2
Paz J. P.;Juan Pablo Paz;ATP;3
Pearson K.;Kody Pearson;ATP;2
Pecci A.;Alessandro Pecci;ATP;2
Peck J.;Joshua Peck;ATP;2
Pedrico Kravtsov A.;Albert Pedrico Kravtsov;ATP;3
Peiro Serrano A.;Alvaro Peiro Serrano;ATP;3
Pel S.;Stijn Pel;ATP;2
Peliwo F.;Filip Peliwo;ATP;2
Pelle Hartenstein J.;Jonas Pelle Hartenstein;ATP;3
Pellegrino A.;Andrea Pellegrino;ATP;2
Peniston R.;Ryan Peniston;ATP;2
Pennaforti G.;Gabriele Pennaforti;ATP;2
Penzlin J.;Julien Penzlin;ATP;2
Perego G.;Giulio Perego;ATP;2
Pereira J.;Jose Pereira;ATP;2
Pereira T.;Tiago Pereira;ATP;2
Perez A.;Alfredo Perez;ATP;2
Perez Contri S.;Sergi Perez Contri;ATP;3
Perez Navarro P.;Pablo Perez Navarro;ATP;3
Perez Ramos P.;Pablo Perez Ramos;ATP;3
Perez Socas R.;Roberto Perez Socas;ATP;3
Perfetti N.;Noah Perfetti;ATP;2
Pernas T. A.;Thiago Agustin Pernas;ATP;3
Perot R.;Raphael Perot;ATP;2
Perricard G. M.;Giovanni Mpetshi Perricard;ATP;3
Pertusa A. M.;Alejandro Manzanera Pertusa;ATP;3
Pesino S.;Santiago Pesino;ATP;2
Petak D.;Denis Petak;ATP;2
Petkovic M.;Mika Petkovic;ATP;2
Petrov A.;Alexander Petrov;ATP;2
Petrov S.;Sergey Petrov;ATP;2
Petrovic A.;Andreja Petrovic;ATP;2
Pham D.;Derek Pham;ATP;2
Philippov E.;Evgeny Philippov;ATP;2
Phillips D.;Daniel Phillips;ATP;2
Photiades P.;Photos Photiades;ATP;2
Piatti R.;Rocco Piatti;ATP;2
Picard M.;Mathys Picard;ATP;2
Picchione A.;Andrea Picchione;ATP;2
Pichler D.;David Pichler;ATP;2
Pieczkowski O.;Olaf Pieczkowski;ATP;2
Pieczonka F.;Filip Pieczonka;ATP;2
Pieleanu R. T.;Rares Teodor Pieleanu;ATP;3
Pieri S.;Samuele Pieri;ATP;2
Pierre H.;Hugo Pierre;ATP;2
Pietri B.;Benjamin Pietri;ATP;2
Pinnington Jones J.;Jack Pinnington Jones;ATP;3
Pino M. D.;Mateo Del Pino;ATP;3
Pinter P. L.;Piet Luis Pinter;ATP;3
Pinto L.;Lucca Pinto;ATP;2
Piraino G.;Gabriele Piraino;ATP;2
Piros Z.;Zsombor Piros;ATP;2
Pisaric A.;Aleksa Pisaric;ATP;2
Pizzigoni M.;Massimo Pizzigoni;ATP;2
Planella Hernandez S.;Sergio Planella Hernandez;ATP;3
Planinsek F. J.;Filip Jeff Planinsek;ATP;3
Plans J.;Jorge Plans;ATP;2
Pleshivtsev E.;Egor Pleshivtsev;ATP;2
Plunger M.;Manuel Plunger;ATP;2
Poertner L.;Lasse Poertner;ATP;2
Pohjola P.;Peetu Pohjola;ATP;2
Pokorny L.;Lukas Pokorny;ATP;2
Poling K.;Karl Poling;ATP;2
Poljak D.;David Poljak;ATP;2
Poljicak M.;Mili Poljicak;ATP;2
Polmans M.;Marc Polmans;ATP;2
Ponchet M.;Matt Ponchet;ATP;2
Pontoglio D.;Davide Pontoglio;ATP;2
Ponwith N.;Nathan Ponwith;ATP;2
Pop D. F.;Darius Florin Pop;ATP;3
Popko D.;Dmitry Popko;ATP;2
Popyrin A.;Alexei Popyrin;ATP;2
Porras J. C.;Julio Cesar Porras;ATP;3
Postolka R.;Roman Postolka;ATP;2
Potenza L.;Luca Potenza;ATP;2
Pouatcha P.;Paris Pouatcha;ATP;2
Poullain L.;Lucas Poullain;ATP;2
Poulsen O. B.;Oskar Brostrom Poulsen;ATP;3
Pow L.;Luca Pow;ATP;2
Preda L.;Luca Preda;ATP;2
Price S.;Salvador Price;ATP;2
Prihodko O.;Oleg Prihodko;ATP;2
Primucci L.;Leonardo Primucci;ATP;2
Prizmic D.;Dino Prizmic;ATP;2
Pujol Navarro B.;Bruno Pujol Navarro;ATP;3
Pujolras A. M.;Alex Marti Pujolras;ATP;3
Purcell M.;Max Purcell;ATP;2
Purtseladze S.;Saba Purtseladze;ATP;2
Qabazard E.;Essa Qabazard;ATP;2
Qing Xu K.;Kuang Qing Xu;ATP;3
Quan R.;Rudy Quan;ATP;2
Quilez A. S.;Alejo Sanchez Quilez;ATP;3
Quinn E.;Ethan Quinn;ATP;2
Radjenovic V.;Vuk Radjenovic;ATP;2
Radulov I.;Iliyan Radulov;ATP;2
Rafiq A.;Aniss Rafiq;ATP;2
Raguin N.;Ntungamili Raguin;ATP;2
Rahmani K.;Kasra Rahmani;ATP;2
Rai A.;Ajeet Rai;ATP;2
Ramanathan R.;Ramkumar Ramanathan;ATP;2
Ramirez I. U.;Iker Urribarrens Ramirez;ATP;3
Ramis M. T.;Maties Torres Ramis;ATP;3
Ramos A.;Albert Ramos;ATP;2
Ramos P. P.;Pablo Perez Ramos;ATP;3
Ramskogler G.;Gregor Ramskogler;ATP;2
Rapagnetta D.;Daniele Rapagnetta;ATP;2
Raquillet L.;Leo Raquillet;ATP;2
Raser F.;Felix Raser;ATP;2
Rathi A.;Arjun Rathi;ATP;2
Ratiu N.;Niels Ratiu;ATP;2
Ratti L.;Lucio Ratti;ATP;2
Ravasio G.;Gilberto Ravasio;ATP;2
Rawat S.;Sidharth Rawat;ATP;2
Raynel A.;Amaury Raynel;ATP;2
Razeghi A.;Alexander Razeghi;ATP;2
Razvan Marinescu M.;Mihai Razvan Marinescu;ATP;3
Recek D.;Dominik Recek;ATP;2
Reco A.;Alexandre Reco;ATP;2
Regas Luis N.;Noah Regas Luis;ATP;3
Reguig S. H.;Samir Hamza Reguig;ATP;3
Rehberg M. H.;Max Hans Rehberg;ATP;3
Reinhard B. J.;Bengt Johan Reinhard;ATP;3
Reisach V.;Vincent Reisach;ATP;2
Rejchtman Vinciguerra W.;William Rejchtman Vinciguerra;ATP;3
Renard P.;Philippe Renard;ATP;2
Rengel Sierra T.;Tomas Rengel Sierra;ATP;3
Rengifo F.;Frazier Rengifo;ATP;2
Retelj M.;Marko Retelj;ATP;2
Reveniau S.;Simon Reveniau;ATP;2
Reymond A.;Arthur Reymond;ATP;2
Reyniak M.;Matias Reyniak;ATP;2
Ribecai M.;Michele Ribecai;ATP;2
Ribeiro E.;Eduardo Ribeiro;ATP;2
Ribeiro Marcondes I.;Igor Ribeiro Marcondes;ATP;3
Ribero F.;Franco Ribero;ATP;2
Ricci P.;Pietro Ricci;ATP;2
Rice K.;Keegan Rice;ATP;2
Riedi L.;Leandro Riedi;ATP;2
Rifqi F. M.;Fitriadi M Rifqi;ATP;3
Rincon D.;Daniel Rincon;ATP;2
Rinderknech A.;Arthur Rinderknech;ATP;2
Rispoli N.;Nicola Rispoli;ATP;2
Ristov M.;Milan Ristov;ATP;2
Ritschard A.;Alexander Ritschard;ATP;2
Rivera L.;Leyton Rivera;ATP;2
Rivet M.;Maxence Rivet;ATP;2
Roberts J.;Justin Roberts;ATP;2
Roberts N.;Nicholas Roberts;ATP;2
Robertson C.;Charlie Robertson;ATP;2
Robson F. E.;Finn Emslie Robson;ATP;3
Roca Batalla O.;Oriol Roca Batalla;ATP;3
Rocens M.;Martins Rocens;ATP;2
Rocha F.;Francisco Rocha;ATP;2
Rocha H.;Henrique Rocha;ATP;2
Rocha L.;Lautaro Rocha;ATP;2
Roddick J.;Jerry Roddick;ATP;2
Rodenas P.;Pedro Rodenas;ATP;2
Rodesch C.;Chris Rodesch;ATP;2
Rodionov J.;Jurij Rodionov;ATP;2
Rodrigues N.;Natan Rodrigues;ATP;2
Rodrigues P.;Pedro Rodrigues;ATP;2
Rodriguez C.;Cristian Rodriguez;ATP;2
Rodriguez L. J.;Lorenzo Joaquin Rodriguez;ATP;3
Rodriguez R.;Ricardo Rodriguez;ATP;2
Roh H.;Hoyoung Roh;ATP;2
Roig A. S.;Andres Santamarta Roig;ATP;3
Rolland D.;Dominique Rolland;ATP;2
Romano F.;Filippo Romano;ATP;2
Romeo Scomparin P.;Pietro Romeo Scomparin;ATP;3
Roncadelli F.;Franco Roncadelli;ATP;2
Rosenkranz M.;Mats Rosenkranz;ATP;2
Rossi L.;Leonardo Rossi;ATP;2
Rottgering M.;Mees Rottgering;ATP;2
Rottoli L.;Lorenzo Rottoli;ATP;2
Royer V.;Valentin Royer;ATP;2
Rozin S.;Sasha Rozin;ATP;2
Rublev A.;Andrey Rublev;ATP;2
Ruggeri S. V.;Samuel Vincent Ruggeri;ATP;3
Ruiz P. L.;Pablo Llamas Ruiz;ATP;3
Ruland L.;Lambert Ruland;ATP;2
Rune H.;Holger Rune;ATP;2
Ruud C.;Casper Ruud;ATP;2
Ruusuvuori E.;Emil Ruusuvuori;ATP;2
Ryan Ziegann S.;Sam Ryan Ziegann;ATP;3
Rybakov A.;Alex Rybakov;ATP;2
Rybkin S.;Savva Rybkin;ATP;2
Sabaliauskas A.;Ainius Sabaliauskas;ATP;2
Sabas M.;Martin Sabas;ATP;2
Sach T.;Tai Sach;ATP;2
Sachko V.;Vitaliy Sachko;ATP;2
Sadzik J.;Jan Sadzik;ATP;2
Safiullin R.;Roman Safiullin;ATP;2
Safwat M.;Mohamed Safwat;ATP;2
Sahtali T.;Toufik Sahtali;ATP;2
Saitoh K.;Keisuke Saitoh;ATP;2
Sakagawa H.;Hiroki Sakagawa;ATP;2
Sakamoto P.;Pedro Sakamoto;ATP;2
Sakamoto R.;Rei Sakamoto;ATP;2
Sakellaridis D.;Dimitris Sakellaridis;ATP;2
Sakellaridis M.;Michalis Sakellaridis;ATP;2
Sakellaridis S.;Stefanos Sakellaridis;ATP;2
Salazar Martinez D.;Daniel Salazar Martinez;ATP;3
Salmeron D. L.;Daniel Lara Salmeron;ATP;3
Salminen P. N.;Patrik Niklas Salminen;ATP;3
Salvestre D.;Damien Salvestre;ATP;2
Salvo M. M.;Manuel Mouilleron Salvo;ATP;3
Sambeek F. V.;Fons Van Sambeek;ATP;3
Samrej K.;Kasidit Samrej;ATP;2
Samuel T.;Toby Samuel;ATP;2
Sanchez Izquierdo N.;Nikolas Sanchez Izquierdo;ATP;3
Sanchez Jover C.;Carlos Sanchez Jover;ATP;3
Sanchez M.;Manuel Sanchez;ATP;2
Sanchez Martinez B.;Benito Sanchez Martinez;ATP;3
Sanchez Quilez A.;Alejo Sanchez Quilez;ATP;3
Sanchis D. J.;David Jorda Sanchis;ATP;3
Sancilio R.;Roman Sancilio;ATP;2
Sanders O.;Oliver Sanders;ATP;2
Sanjeev Shanmugam A.;Abhinav Sanjeev Shanmugam;ATP;3
Sanogo E.;Elijah Sanogo;ATP;2
Santamarta Roig A.;Andres Santamarta Roig;ATP;3
Santillan A.;Akira Santillan;ATP;2
Sapic D.;Djordje Sapic;ATP;2
Sarksian D.;Daniil Sarksian;ATP;2
Satara H.;Harrison Satara;ATP;2
Satterfield J.;Jack Satterfield;ATP;2
Sau Franco A.;Alan Sau Franco;ATP;3
Saura Moragrega M.;Marc Saura Moragrega;ATP;3
Savano M.;Michael Savano;ATP;2
Sborowsky Y.;Yoshka Sborowsky;ATP;2
Scaglia M.;Mathieu Scaglia;ATP;2
Schachter N.;Noah Schachter;ATP;2
Schaer J.;Jonas Schaer;ATP;2
Schell N.;Niklas Schell;ATP;2
Schenekenberg G.;Gabriel Schenekenberg;ATP;2
Schepper K. D.;Kenny De Schepper;ATP;3
Schiessl E.;Erik Schiessl;ATP;2
Schiessl J. E.;Joao Eduardo Schiessl;ATP;3
Schifris J.;Jeremy Schifris;ATP;2
Schinteie G. C.;Gheorghe Claudiu Schinteie;ATP;3
Schlagenhauf N.;Noah Schlagenhauf;ATP;2
Schlageter J.;Justin Schlageter;ATP;2
Schoen P.;Patrick Schoen;ATP;2
Schoenhaus M.;Max Schoenhaus;ATP;2
Schoolkate T.;Tristan Schoolkate;ATP;2
Schtulmann Gasca M.;Mauricio Schtulmann Gasca;ATP;3
Schwaerzler J.;Joel Schwaerzler;ATP;2
Sciahbasi L.;Lorenzo Sciahbasi;ATP;2
Sciahbasi M.;Matteo Sciahbasi;ATP;2
Scomparin P. R.;Pietro Romeo Scomparin;ATP;3
Searle H.;Henry Searle;ATP;2
Sebastian Gomez J.;Juan Sebastian Gomez;ATP;3
Sebastian Osorio J.;Juan Sebastian Osorio;ATP;3
Sebesta J.;Jan Sebesta;ATP;2
Secord J.;Jack Secord;ATP;2
Seelig K.;Kyle Seelig;ATP;2
Segado Esteve R.;Rafael Segado Esteve;ATP;3
Seggerman R.;Ryan Seggerman;ATP;2
Seghetti S.;Samuele Seghetti;ATP;2
Segura M.;Matthew Segura;ATP;2
Seidman L.;Lev Seidman;ATP;2
Seifert S.;Stefan Seifert;ATP;2
Sekachov G.;Glib Sekachov;ATP;2
Sekulic P.;Philip Sekulic;ATP;2
Sell K.;Karue Sell;ATP;2
Sels J.;Jelle Sels;ATP;2
Sengul B.;Bora Sengul;ATP;2
Senn N.;Nicola Senn;ATP;2
Serafini M.;Marcello Serafini;ATP;2
Serazhetdinov R.;Ruslan Serazhetdinov;ATP;2
Serdarusic N.;Nino Serdarusic;ATP;2
Serrano A. P.;Alvaro Peiro Serrano;ATP;3
Serrano M. M.;Mario Martinez Serrano;ATP;3
Sesko Z.;Ziga Sesko;ATP;2
Setkic A.;Aldin Setkic;ATP;2
Seyboth Wild T.;Thiago Seyboth Wild;ATP;3
Shah A.;Aryan Shah;ATP;2
Shang J.;Juncheng Shang;ATP;2
Shanmugam A. S.;Abhinav Sanjeev Shanmugam;ATP;3
Shapovalov D.;Denis Shapovalov;ATP;2
Sharipov M.;Marat Sharipov;ATP;2
Shebekin G.;Grigory Shebekin;ATP;2
Sheehy J.;Joshua Sheehy;ATP;2
Shelbayh A.;Abedallah Shelbayh;ATP;2
Shelton B.;Ben Shelton;ATP;2
Sheng Koay H.;Hao Sheng Koay;ATP;3
Shepp A.;Anton Shepp;ATP;2
Shevchenko A.;Alexander Shevchenko;ATP;2
Sheyngezikht L.;Leonid Sheyngezikht;ATP;2
Shibano K.;Kosuke Shibano;ATP;2
Shick B.;Braden Shick;ATP;2
Shimabukuro S.;Sho Shimabukuro;ATP;2
Shimanov O.;Ofek Shimanov;ATP;2
Shimizu Y.;Yuta Shimizu;ATP;2
Shin M.;Maxim Shin;ATP;2
Shin W.;Woobin Shin;ATP;2
Shiraishi H.;Hikaru Shiraishi;ATP;2
Shirokyi D.;Dmytro Shirokyi;ATP;2
Shoaib M.;Muhammad Shoaib;ATP;2
Shuo Yin B.;Bang Shuo Yin;ATP;3
Shvangiradze A.;Aleksandre Shvangiradze;ATP;2
Shyla Y.;Yaraslav Shyla;ATP;2
Shylov H.;Heorhii Shylov;ATP;2
Sickenberger T.;Tom Sickenberger;ATP;2
Siddiqui A.;Amaan Siddiqui;ATP;2
Sierra T. R.;Tomas Rengel Sierra;ATP;3
Sigsgaard C.;Christian Sigsgaard;ATP;2
Sik M. E.;Mustafa Ege Sik;ATP;3
Silva F. F.;Frederico Ferreira Silva;ATP;3
Silva J.;Joao Silva;ATP;2
Silva T.;Tiago Silva;ATP;2
Sim S.;Sungbeen Sim;ATP;2
Simakin I.;Ilia Simakin;ATP;2
Simkiss L.;Luke Simkiss;ATP;2
Simonsson J.;Jan Simonsson;ATP;2
Simundza J.;Josip Simundza;ATP;2
Sin S. H.;San Hui Sin;ATP;3
Sinclair C.;Colin Sinclair;ATP;2
Singh D.;Digvijaypratap Singh;ATP;2
Singh K.;Karan Singh;ATP;2
Singh S.;Svarmanyu Singh;ATP;2
Sinha N. K.;Nitin Kumar Sinha;ATP;3
Siniakov D.;Daniel Siniakov;ATP;2
Sinner J.;Jannik Sinner;ATP;2
Skatov T.;Timofey Skatov;ATP;2
Slavic N.;Nikola Slavic;ATP;2
Sloboda L.;Leon Sloboda;ATP;2
Slump S.;Stijn Slump;ATP;2
Smiej Y.;Yassine Smiej;ATP;2
Smit T. L.;Thando Longwe Smit;ATP;3
Smith C.;Colton Smith;ATP;2
Smith J. B.;Jack Bruce Smith;ATP;3
Smith K.;Keegan Smith;ATP;2
Snitari I.;Ilya Snitari;ATP;2
Sobhy M. B.;Michael Bassem Sobhy;ATP;3
Socas R. P.;Roberto Perez Socas;ATP;3
Soetebier J.;Jannik Soetebier;ATP;2
Son Kwiatkowski T.;Thai Son Kwiatkowski;ATP;3
Sonego L.;Lorenzo Sonego;ATP;2
Sorger S.;Sebastian Sorger;ATP;2
Soriano Barrera A.;Adria Soriano Barrera;ATP;3
Sornlaksup P.;Pawit Sornlaksup;ATP;2
Soto M.;Matias Soto;ATP;2
Spadola A.;Alessandro Spadola;ATP;2
Sperle J.;John Sperle;ATP;2
Speziali F.;Filippo Speziali;ATP;2
Spiridon D. C.;Denis Constantin Spiridon;ATP;3
Spizzirri E.;Eliot Spizzirri;ATP;2
Squire H.;Henri Squire;ATP;2
Srirat T.;Tanakorn Srirat;ATP;2
St Hilaire M.;Maxime St Hilaire;ATP;3
Staeheli L.;Luca Staeheli;ATP;2
Stankovic S.;Simeon Stankovic;ATP;2
Statham M. O.;Mikal Oliver Statham;ATP;3
Stearns P.;Preston Stearns;ATP;2
Stebe C. M.;Cedrik Marcel Stebe;ATP;3
Steiglehner N.;Nicholas Steiglehner;ATP;2
Steiner M.;Maik Steiner;ATP;2
Stepanov T.;Timofey Stepanov;ATP;2
Stephens Z.;Zach Stephens;ATP;2
Stephenson E.;Eli Stephenson;ATP;2
Sterniczuk O.;Oliwier Sterniczuk;ATP;2
Stevens Z.;Zane Stevens;ATP;2
Stewart H.;Hamish Stewart;ATP;2
Stice T.;Tyler Stice;ATP;2
Stirbu C. T.;Calin Teodor Stirbu;ATP;3
Stolarik S.;Samuel Stolarik;ATP;2
Stoot N.;Nikolas Stoot;ATP;2
Storch S.;Stefan Storch;ATP;2
Storrie R. J.;Ryan James Storrie;ATP;3
Story J.;James Story;ATP;2
Stricker D.;Dominic Stricker;ATP;2
Stringer T.;Tristan Stringer;ATP;2
Stroemberg I.;Isac Stroemberg;ATP;2
Strom G.;Gustaf Strom;ATP;2
Strombachs R.;Robert Strombachs;ATP;2
Struff J. L.;Jan Lennard Struff;ATP;3
Suarez B.;Billy Suarez;ATP;2
Suarez L.;Leonardo Suarez;ATP;2
Suksumrarn T.;Thantub Suksumrarn;ATP;2
Sultanov K.;Khumoyun Sultanov;ATP;2
Sumizawa D.;Daisuke Sumizawa;ATP;2
Summers M.;Matthew Summers;ATP;2
Sun F.;Fajing Sun;ATP;2
Sun Q.;Qian Sun;ATP;2
Sung Nam J.;Ji Sung Nam;ATP;3
Sureshkumar M.;Manish Sureshkumar;ATP;2
Susanto A.;Anthony Susanto;ATP;2
Suzuki K.;Ko Suzuki;ATP;2
Svajda T.;Trevor Svajda;ATP;2
Svajda Z.;Zachary Svajda;ATP;2
Svrcina D.;Dalibor Svrcina;ATP;2
Sweeny D.;Dane Sweeny;ATP;2
Swenson B.;Bjorn Swenson;ATP;2
Syed S.;Sulaiman Syed;ATP;2
Szajrych J.;Jasza Szajrych;ATP;2
Szymkowiak K.;Kacper Szymkowiak;ATP;2
Tabacco F.;Fausto Tabacco;ATP;2
Tabacco G.;Giorgio Tabacco;ATP;2
Tabata R.;Ryo Tabata;ATP;2
Taberner C.;Carlos Taberner;ATP;2
Tabilo A.;Alejandro Tabilo;ATP;2
Tabur C.;Clement Tabur;ATP;2
Tadic V.;Vladan Tadic;ATP;2
Taguchi R.;Ryotaro Taguchi;ATP;2
Tailleu P. A.;Pierre Antoine Tailleu;ATP;3
Tajima N.;Naoki Tajima;ATP;2
Taka Y.;Yua Taka;ATP;2
Takahashi Y.;Yusuke Takahashi;ATP;2
Takahata R.;Riku Takahata;ATP;2
Takamisawa T.;Taketo Takamisawa;ATP;2
Talan Lopatic L.;Luka Talan Lopatic;ATP;3
Talavera Cortes E.;Esteban Talavera Cortes;ATP;3
Talha A.;Abubakar Talha;ATP;2
Tamm K.;Kristjan Tamm;ATP;2
Tammaro M.;Mariano Tammaro;ATP;2
Tang S.;Sheng Tang;ATP;2
Tange S.;Saki Tange;ATP;2
Tanner G. L.;Gian Luca Tanner;ATP;3
Tanuma R.;Ryota Tanuma;ATP;2
Tarvet O.;Oliver Tarvet;ATP;2
Tashinga Mtisi R.;Ronan Tashinga Mtisi;ATP;3
Tazabekov D.;Daniel Tazabekov;ATP;2
Te R.;Rigele Te;ATP;2
Tenti F.;Fermin Tenti;ATP;2
Teodor Pieleanu R.;Rares Teodor Pieleanu;ATP;3
Teodor Stirbu C.;Calin Teodor Stirbu;ATP;3
Tepmahc N.;Nicolas Tepmahc;ATP;2
Tessa L.;Louis Tessa;ATP;2
Teunissen L.;Laurence Teunissen;ATP;2
Thanos A.;Aristotelis Thanos;ATP;2
Thomas Byers L.;Loren Thomas Byers;ATP;3
Thomas F.;Flynn Thomas;ATP;2
Thomas George B.;Benjamin Thomas George;ATP;3
Thompson J.;Jordan Thompson;ATP;2
Thompson K.;Kai Thompson;ATP;2
Thomson C.;Connor Thomson;ATP;2
Thomson M.;Matthew Thomson;ATP;2
Thurgur C.;Cole Thurgur;ATP;2
Thurner N.;Noah Thurner;ATP;2
Thursfield H.;Harry Thursfield;ATP;2
Tiafoe F.;Frances Tiafoe;ATP;2
Tien L.;Learner Tien;ATP;2
Tiffon P. M.;Pol Martin Tiffon;ATP;3
Timini A.;Andreas Timini;ATP;2
Tirante T. A.;Thiago Agustin Tirante;ATP;3
Tiukaev R.;Ruslan Tiukaev;ATP;2
Tiutchenko A.;Alexandr Tiutchenko;ATP;2
Tixhon D.;David Tixhon;ATP;2
Tkemaladze Z.;Zura Tkemaladze;ATP;2
Tobon M.;Miguel Tobon;ATP;2
Todoran M.;Matei Todoran;ATP;2
Todorov M.;Maximilian Todorov;ATP;2
Toffanin N.;Nicolo Toffanin;ATP;2
Tokac T.;Togan Tokac;ATP;2
Tokuda R.;Renta Tokuda;ATP;2
Tolev A.;Aleksandar Tolev;ATP;2
Tomas Geschwind F.;Francisco Tomas Geschwind;ATP;3
Tomescu D. A.;Dan Alexandru Tomescu;ATP;3
Tomic B.;Bernard Tomic;ATP;2
Tomida Y.;Yuta Tomida;ATP;2
Topo M.;Marko Topo;ATP;2
Torcq B.;Benoit Torcq;ATP;2
Torrealba B.;Benjamin Torrealba;ATP;2
Torres Espinosa J.;Joan Torres Espinosa;ATP;3
Torres J. B.;Juan Bautista Torres;ATP;3
Torres R.;Ryan Torres;ATP;2
Torres Ramis M.;Maties Torres Ramis;ATP;3
Torres T.;Tiago Torres;ATP;2
Tortora D.;Davide Tortora;ATP;2
Tosetto R.;Rafael Tosetto;ATP;2
Trainauskas J.;Justas Trainauskas;ATP;2
Travaglia S.;Stefano Travaglia;ATP;2
Tremblay D.;Dorian Tremblay;ATP;2
Trhac P.;Patrik Trhac;ATP;2
Trifi A.;Alaa Trifi;ATP;2
Tripathi A.;Aadarsh Tripathi;ATP;2
Trismuwantara G.;Gunawan Trismuwantara;ATP;2
Trongcharoenchaikul W.;Wishaya Trongcharoenchaikul;ATP;2
Trotter J.;James Trotter;ATP;2
Trouve N.;Nathan Trouve;ATP;2
Trufelli T.;Timeo Trufelli;ATP;2
Trungelliti M.;Marco Trungelliti;ATP;2
Tsapenko M.;Mikhail Tsapenko;ATP;2
Tseng C. H.;Chun Hsin Tseng;ATP;3
Tsitsipas S.;Stefanos Tsitsipas;ATP;2
Tu L.;Li Tu;ATP;2
Tudorica A. N.;Alvin Nicholas Tudorica;ATP;3
Tufecki C. E.;Cagan Efe Tufecki;ATP;3
Tunas G.;Guillermo Tunas;ATP;2
Turcanu R. D.;Radu David Turcanu;ATP;3
Turker M. N.;Mert Naci Turker;ATP;3
Turriziani Alvarez A.;Alejandro Turriziani Alvarez;ATP;3
Tyagi K.;Kriish Tyagi;ATP;2
Tyurnev E.;Evgeny Tyurnev;ATP;2
Uchida K.;Kaichi Uchida;ATP;2
Uchiyama Y.;Yasutaka Uchiyama;ATP;2
Uesugi K.;Kaito Uesugi;ATP;2
Ugo Carabelli C.;Camilo Ugo Carabelli;ATP;3
Ujvary M.;Matthias Ujvary;ATP;2
Ullah B.;Barkat Ullah;ATP;2
Urquiola Montellano A.;Andres Urquiola Montellano;ATP;3
Urrea A.;Andres Urrea;ATP;2
Urribarrens Ramirez I.;Iker Urribarrens Ramirez;ATP;3
Ursu V.;Vadym Ursu;ATP;2
Uta D.;Daniel Uta;ATP;2
Vaccari L.;Ludovico Vaccari;ATP;2
Vacherot V.;Valentin Vacherot;ATP;2
Vaitiekunas P.;Pijus Vaitiekunas;ATP;2
Vale D.;Duarte Vale;ATP;2
Valente R.;Rocco Valente;ATP;2
Valenzuela J.;Julian Valenzuela;ATP;2
Vales A.;Amit Vales;ATP;2
Valiente I. A.;Izan Almazan Valiente;ATP;3
Valkusz M.;Mate Valkusz;ATP;2
Valle E. D.;Enrico Dalla Valle;ATP;3
Valle F.;Federico Valle;ATP;2
Vallejo A. D.;Adolfo Daniel Vallejo;ATP;3
Valletta L.;Luigi Valletta;ATP;2
Van Assche L.;Luca Van Assche;ATP;3
Van Herck L.;Louis Van Herck;ATP;3
Van Herzeele J.;James Van Herzeele;ATP;3
Van Orderlain D.;Drew Van Orderlain;ATP;3
Van Sambeek F.;Fons Van Sambeek;ATP;3
Van Wyk K.;Kris Van Wyk;ATP;3
Vandecasteele Q.;Quinn Vandecasteele;ATP;2
Vandermeersch C.;Cyril Vandermeersch;ATP;2
Vankan M.;Marlon Vankan;ATP;2
Vanshelboim E.;Eric Vanshelboim;ATP;2
Vanta V.;Valentin Vanta;ATP;2
Vardhan V.;Vishnu Vardhan;ATP;2
Varillas J. P.;Juan Pablo Varillas;ATP;3
Varona N. A.;Nicolas Alvarez Varona;ATP;3
Vasa E.;Eero Vasa;ATP;2
Vasa I.;Iiro Vasa;ATP;2
Vasami J.;Jacopo Vasami;ATP;2
Vasilev A.;Alexander Vasilev;ATP;2
Vasiliauskas M.;Matas Vasiliauskas;ATP;2
Vasquez Gehrke A.;Alessio Vasquez Gehrke;ATP;3
Vasser O.;Oren Vasser;ATP;2
Vatutin A.;Alexey Vatutin;ATP;2
Vavassori A.;Andrea Vavassori;ATP;2
Vela G. L.;Giuseppe La Vela;ATP;3
Velazquez Farre A.;Adria Velazquez Farre;ATP;3
Velcz Z.;Zsombor Velcz;ATP;2
Veliz A.;Angel Veliz;ATP;2
Vera T. B.;Tomas Barrios Vera;ATP;3
Verbeek D.;Daniel Verbeek;ATP;2
Verdese G.;Guglielmo Verdese;ATP;2
Verwerft L. G.;Lars Goran Verwerft;ATP;3
Vetrih M.;Miha Vetrih;ATP;2
Vialla Z.;Zack Vialla;ATP;2
Vilicich B.;Bautista Vilicich;ATP;2
Villalon N.;Nicolas Villalon;ATP;2
Villanueva G.;Gonzalo Villanueva;ATP;2
Villoslada E.;Edouard Villoslada;ATP;2
Vincent Ruggeri S.;Samuel Vincent Ruggeri;ATP;3
Vinciguerra W. R.;William Rejchtman Vinciguerra;ATP;3
Virgili Berini F.;Felipe Virgili Berini;ATP;3
Virtanen O.;Otto Virtanen;ATP;2
Visaya A.;Azuma Visaya;ATP;2
Vishal Balsekar A.;Aditya Vishal Balsekar;ATP;3
Vishenchuk Vishenko D.;Denis Vishenchuk Vishenko;ATP;3
Vishenko D. V.;Denis Vishenchuk Vishenko;ATP;3
Visker N.;Niels Visker;ATP;2
Visser M.;Mac Visser;ATP;2
Vithoontien L.;Leo Vithoontien;ATP;2
Vitter B.;Benjamin Vitter;ATP;2
Vives Marcos P.;Pedro Vives Marcos;ATP;3
Voelzke G.;Gray Voelzke;ATP;2
Voljavec A.;Antonio Voljavec;ATP;2
Volonski N.;Nikita Volonski;ATP;2
Volpi G.;Gabriele Volpi;ATP;2
Vrba J.;Jakub Vrba;ATP;2
Vrbensky M.;Michael Vrbensky;ATP;2
Vujic S.;Stefan Vujic;ATP;2
Vukadin N.;Noa Vukadin;ATP;2
Vukic A.;Aleksandar Vukic;ATP;2
Vulpitta G.;Gabriele Vulpitta;ATP;2
Vylegzhanin N.;Nikolay Vylegzhanin;ATP;2
Wagner A.;Alexander Wagner;ATP;2
Waldner N.;Niklas Waldner;ATP;2
Walkin B.;Brandon Walkin;ATP;2
Wallart E.;Enzo Wallart;ATP;2
Wallin O.;Olle Wallin;ATP;2
Walters M.;Marcus Walters;ATP;2
Walton A.;Adam Walton;ATP;2
Wan B. G.;Benjamin Gusic Wan;ATP;3
Wang A.;Aoran Wang;ATP;2
Wang K. I.;Kai I Wang;ATP;3
Wang X.;Xiaofei Wang;ATP;2
Warik C.;Caheer Warik;ATP;2
Wasiutynski F. L.;Fryderyk Lechno Wasiutynski;ATP;3
Wassermann D.;Deney Wassermann;ATP;2
Watanabe S.;Seita Watanabe;ATP;2
Watanuki Y.;Yosuke Watanuki;ATP;2
Watt J.;James Watt;ATP;2
Watzka R.;Robert Watzka;ATP;2
Wawrinka S.;Stan Wawrinka;ATP;2
Wayenburg S. G.;Sascha Gueymard Wayenburg;ATP;3
Wazny A.;Alan Wazny;ATP;2
Weber A.;Arthur Weber;ATP;2
Weber J.;James Weber;ATP;2
Wedel C.;Christian Wedel;ATP;2
Wehnelt K.;Kai Wehnelt;ATP;2
Weightman O.;Oscar Weightman;ATP;2
Weis A.;Alexander Weis;ATP;2
Wendelken H.;Harry Wendelken;ATP;2
Wendler Filho J.;Jefferson Wendler Filho;ATP;3
Wenger D.;Damien Wenger;ATP;2
Werner E. J.;Elias Julian Werner;ATP;3
Wessels L.;Louis Wessels;ATP;2
Whitehouse M.;Mark Whitehouse;ATP;2
Wiedenmann L.;Luca Wiedenmann;ATP;2
Wiger Nordas B.;Baltazar Wiger Nordas;ATP;3
Wild T. S.;Thiago Seyboth Wild;ATP;3
William Donald M.;Matthew William Donald;ATP;3
Williams A. J.;Aaron James Williams;ATP;3
Williams C.;Cooper Williams;ATP;2
Willman F.;Finn Willman;ATP;2
Willwerth B.;Benjamin Willwerth;ATP;2
Winegar T.;Theodore Winegar;ATP;2
Winter E.;Edward Winter;ATP;2
Winter Lopez B.;Benjamin Winter Lopez;ATP;3
Wiskandt M.;Max Wiskandt;ATP;2
Witz A.;Antonin Witz;ATP;2
Woestendick C.;Cooper Woestendick;ATP;2
Wolf J. J.;J J Wolf;ATP;3
Wong C.;Coleman Wong;ATP;2
Woo Cho S.;Seung Woo Cho;ATP;3
Woo Kwon S.;Soon Woo Kwon;ATP;3
Wright A.;Anthony Wright;ATP;2
Wu K. A.;Kai An Wu;ATP;3
Wu T. L.;Tung Lin Wu;ATP;3
Wu Y.;Yibing Wu;ATP;2
Wygona J.;Jan Wygona;ATP;2
Wyk K. V.;Kris Van Wyk;ATP;3
Xiao L.;Linang Xiao;ATP;2
Xilas I.;Ioannis Xilas;ATP;2
Xu K. Q.;Kuang Qing Xu;ATP;3
Yamacita F.;Fernando Yamacita;ATP;2
Yamamoto N.;Natsuki Yamamoto;ATP;2
Yamanaka T.;Taiyo Yamanaka;ATP;2
Yamasaki J.;Jumpei Yamasaki;ATP;2
Yang Meng C.;Cing Yang Meng;ATP;3
Yang X.;Xiaoyin Yang;ATP;2
Yazdani A.;Ali Yazdani;ATP;2
Yeong Oh C.;Chan Yeong Oh;ATP;3
Yevseyev D.;Denis Yevseyev;ATP;2
Yi Lee K.;Kuan Yi Lee;ATP;3
Yilmaz K.;Kerem Yilmaz;ATP;2
Yin B. S.;Bang Shuo Yin;ATP;3
Ymer E.;Elias Ymer;ATP;2
Ymer M.;Mikael Ymer;ATP;2
Ymer R.;Rafael Ymer;ATP;2
Yoshikawa Y.;Yusuke Yoshikawa;ATP;2
Young G.;Gavin Young;ATP;2
Yunchaokete B.;Bu Yunchaokete;ATP;2
Yunez L.;Lucas Yunez;ATP;2
Yuzuki T.;Takeru Yuzuki;ATP;2
Yves Bailly P.;Pierre Yves Bailly;ATP;3
Zahraj P.;Patrick Zahraj;ATP;2
Zakaryia F.;Faris Zakaryia;ATP;2
Zamora N.;Noah Zamora;ATP;2
Zanada E.;Edoardo Zanada;ATP;2
Zanellato N.;Nicolas Zanellato;ATP;2
Zapata Miralles B.;Bernabe Zapata Miralles;ATP;3
Zapico S. G.;Segundo Goity Zapico;ATP;3
Zapp L.;Logan Zapp;ATP;2
Zarate C. M.;Carlos Maria Zarate;ATP;3
Zeballos F.;Federico Zeballos;ATP;2
Zeitune M.;Maximo Zeitune;ATP;2
Zeng Y.;Yaojie Zeng;ATP;2
Zeppieri G.;Giulio Zeppieri;ATP;2
Zeuch T.;Tom Zeuch;ATP;2
Zgirovsky A.;Alexander Zgirovsky;ATP;2
Zhang B.;Boxiong Zhang;ATP;2
Zhang J.;Jeremy Zhang;ATP;2
Zhang M.;Minghui Zhang;ATP;2
Zhang T.;Tianhui Zhang;ATP;2
Zhang Z.;Zhizhen Zhang;ATP;2
Zhao L.;Lingxi Zhao;ATP;2
Zhao Z.;Zhao Zhao;ATP;2
Zheng M.;Michael Zheng;ATP;2
Zheng Z.;Zhan Zheng;ATP;2
Zhou Y.;Yi Zhou;ATP;2
Zhu E.;Evan Zhu;ATP;2
Zhu M.;Michael Zhu;ATP;2
Zhu S.;Shixun Zhu;ATP;2
Zhukayev B.;Beibit Zhukayev;ATP;2
Zhukov M.;Maxim Zhukov;ATP;2
Zhzhenov K.;Konstantin Zhzhenov;ATP;2
Zick S.;Sydney Zick;ATP;2
Ziegann S. R.;Sam Ryan Ziegann;ATP;3
Zielinski M.;Marcel Zielinski;ATP;2
Zimmermann I.;Ilias Zimmermann;ATP;2
Zink T.;Tyler Zink;ATP;2
Ziverts J. E.;Jonas Eriksson Ziverts;ATP;3
Zurmendi T.;Tomas Zurmendi;ATP;2
Zverev A.;Alexander Zverev;ATP;2
Abanda F.;Francoise Abanda;WTA;2
Abbagnato A.;Anastasia Abbagnato;WTA;2
Abe H.;Hiromi Abe;WTA;2
Abouelsaad H.;Hania Abouelsaad;WTA;2
Abril Bruno V.;Valentina Abril Bruno;WTA;3
Adams J.;Julia Adams;WTA;2
Adeshina E.;Esther Adeshina;WTA;2
Adkar V.;Vaishnavi Adkar;WTA;2
Adrover C. D.;Cristina Diaz Adrover;WTA;3
Agra Amorim G.;Garbiela Agra Amorim;WTA;3
Aguirre I. B.;Isabella Barrera Aguirre;WTA;3
Ahlawat S.;Shruti Ahlawat;WTA;2
Ahn A.;Alyssa Ahn;WTA;2
Ahn Y. J.;Yu Jin Ahn;WTA;3
Aiava D.;Destanee Aiava;WTA;2
Aikawa M.;Mayuka Aikawa;WTA;2
Akasha Ceuca A.;Ann Akasha Ceuca;WTA;3
Akita S.;Shiho Akita;WTA;2
Akli A.;Ayana Akli;WTA;2
Aksu A.;Ayla Aksu;WTA;2
Akua Stoiber R.;Ranah Akua Stoiber;WTA;3
Akugue N. N.;Noma Noha Akugue;WTA;3
Alarcon L. P.;Lucciana Perez Alarcon;WTA;3
Albon Y. I.;Ylena In Albon;WTA;3
Alcaraz E. L.;Esther Lopez Alcaraz;WTA;3
Alessia Monteleone G.;Giulia Alessia Monteleone;WTA;3
Alexander A.;Avery Alexander;WTA;2
Alexandrova E.;Ekaterina Alexandrova;WTA;2
Alexia Todoni A.;Anca Alexia Todoni;WTA;3
Allegre C.;Camille Allegre;WTA;2
Allen K.;Kolie Allen;WTA;2
Allen V.;Victoria Allen;WTA;2
Alvarez E. G.;Eva Guerrero Alvarez;WTA;3
Alvarez Sande E.;Eva Alvarez Sande;WTA;3
Alves C.;Carolina Alves;WTA;2
Alvisi E.;Eleonora Alvisi;WTA;2
Amariei I. D.;Ilinca Dalina Amariei;WTA;3
Ambrosio S.;Silvia Ambrosio;WTA;2
Amiraghyan A.;Ani Amiraghyan;WTA;2
Amorim G. A.;Garbiela Agra Amorim;WTA;3
An L.;Liuyan An;WTA;2
An Lin F.;Fang An Lin;WTA;3
Anderson R.;Robin Anderson;WTA;2
Andrea Knutson G.;Gabriela Andrea Knutson;WTA;3
Andreea Craciun G.;Georgia Andreea Craciun;WTA;3
Andreea Herea C.;Carmen Andreea Herea;WTA;3
Andreescu B.;Bianca Andreescu;WTA;2
Andreeva E.;Erika Andreeva;WTA;2
Andreeva M.;Mirra Andreeva;WTA;2
Andrianjafitrimo T.;Tessah Andrianjafitrimo;WTA;2
Andrienko M.;Maria Andrienko;WTA;2
Anghel A. I.;Alexandra Irina Anghel;WTA;3
Anisimova A.;Amanda Anisimova;WTA;2
Ansari C.;Carolyn Ansari;WTA;2
Anshba A.;Amina Anshba;WTA;2
Anson Sanchez C.;Celia Anson Sanchez;WTA;3
Appleton E.;Emily Appleton;WTA;2
Arabarco I.;Isabel Arabarco;WTA;2
Arakawa H.;Haruna Arakawa;WTA;2
Arakawa N.;Natsuho Arakawa;WTA;2
Arango E.;Emiliana Arango;WTA;2
Araujo L. P.;Luana Plaza Araujo;WTA;3
Arconada U. M.;Usue Maitane Arconada;WTA;3
Argyrokastriti M.;Marianna Argyrokastriti;WTA;2
Arias V. M.;Valentina Mediorreal Arias;WTA;3
Arifullina A.;Arina Arifullina;WTA;2
Arnautovic L.;Larisa Arnautovic;WTA;2
Arora A.;Anya Arora;WTA;2
Arseneault A.;Ariana Arseneault;WTA;2
Artemeva V.;Valeriia Artemeva;WTA;2
Arun Munde P.;Parthasarthi Arun Munde;WTA;3
Arystanbekova A.;Asylzhan Arystanbekova;WTA;2
Astakhova D.;Darya Astakhova;WTA;2
Atay S.;Selina Atay;WTA;2
Atia M.;Mariam Atia;WTA;2
Auer S.;Stefanie Auer;WTA;2
Aulia A.;Audrey Aulia;WTA;2
Aulia C.;Catherine Aulia;WTA;2
Avanesyan E.;Elina Avanesyan;WTA;2
Avataneo S.;Sofia Avataneo;WTA;2
Avdeeva J.;Julia Avdeeva;WTA;2
Awad J. C.;Jacqueline Cabaj Awad;WTA;3
Ayala L.;Lourdes Ayala;WTA;2
Aytoyan M.;Maria Aytoyan;WTA;2
Azarenka V.;Victoria Azarenka;WTA;2
Babel O.;Oceane Babel;WTA;2
Back D.;Dayeon Back;WTA;2
Badia L.;Laura Badia;WTA;2
Badosa P.;Paula Badosa;WTA;2
Bagaric L. C.;Lucija Ciric Bagaric;WTA;3
Bai Z.;Zhuoxuan Bai;WTA;2
Bains N.;Naiktha Bains;WTA;2
Bajraliu L.;Linea Bajraliu;WTA;2
Bakhmutkina P.;Polina Bakhmutkina;WTA;2
Balan S. V.;Sara Victoria Balan;WTA;3
Balus I.;Irina Balus;WTA;2
Bandecchi S.;Susan Bandecchi;WTA;2
Bandurowska X.;Xenia Bandurowska;WTA;2
Banks A.;Amarni Banks;WTA;2
Banuls C. E.;Charo Esquiva Banuls;WTA;3
Baptiste H.;Hailey Baptiste;WTA;2
Baptiste L. J.;Lauryn John Baptiste;WTA;3
Barbulescu B. E.;Bianca Elena Barbulescu;WTA;3
Barrera Aguirre I.;Isabella Barrera Aguirre;WTA;3
Barros V. L.;Victoria Luiza Barros;WTA;3
Barry M.;Monique Barry;WTA;2
Bartashevich Y.;Yaroslava Bartashevich;WTA;2
Bartel K.;Karla Bartel;WTA;2
Bartha P.;Panna Bartha;WTA;2
Barthel M.;Mona Barthel;WTA;2
Bartone K.;Kamilla Bartone;WTA;2
Bartunkova N.;Nikola Bartunkova;WTA;2
Basiletti N.;Noemi Basiletti;WTA;2
Baslilar S.;Seda Baslilar;WTA;2
Bassols Ribera M.;Marina Bassols Ribera;WTA;3
Bataikina K.;Kira Bataikina;WTA;2
Bayerlova M.;Michaela Bayerlova;WTA;2
Bazderova A.;Anna Bazderova;WTA;2
Beck A.;Ava Beck;WTA;2
Bedini V.;Viola Bedini;WTA;2
Bednarz Z.;Zuzanna Bednarz;WTA;2
Begu I. C.;Irina Camelia Begu;WTA;3
Bejlek S.;Sara Bejlek;WTA;2
Bektas E.;Emina Bektas;WTA;2
Belgraver J.;Julie Belgraver;WTA;2
Belkova K.;Kristina Belkova;WTA;2
Belyaeva D.;Daria Belyaeva;WTA;2
Bencic B.;Belinda Bencic;WTA;2
Bennemann E.;Eva Bennemann;WTA;2
Bennett D. J.;D J Bennett;WTA;3
Berecoechea N.;Nahia Berecoechea;WTA;2
Bergen M.;Mariia Bergen;WTA;2
Bernardes B.;Bianca Bernardes;WTA;2
Bertacchi A.;Anastasia Bertacchi;WTA;2
Bertea E. R.;Elena Ruxandra Bertea;WTA;3
Bertoldo J.;Jessica Bertoldo;WTA;2
Bestetti G.;Giuliana Bestetti;WTA;2
Beveraggi Lespiau P.;Pilar Beveraggi Lespiau;WTA;3
Bhamidipaty S. R.;Shrivalli Rashmikaa Bhamidipaty;WTA;3
Bhatia K.;Kashish Bhatia;WTA;2
Bhatia R.;Riya Bhatia;WTA;2
Bhunu V.;Valeria Bhunu;WTA;2
Bianca Bulgaru M.;Miriam Bianca Bulgaru;WTA;3
Bielinska S.;Sofiia Bielinska;WTA;2
Bienzobas Fernandez O.;Olga Bienzobas Fernandez;WTA;3
Bilardo F.;Federica Bilardo;WTA;2
Biolay S.;Sophia Biolay;WTA;2
Birrell K.;Kimberly Birrell;WTA;2
Bista A.;Abhilasha Bista;WTA;2
Bjork J.;June Bjork;WTA;2
Black B.;Brooke Black;WTA;2
Blake A.;Angelica Blake;WTA;2
Blatter L.;Luciana Blatter;WTA;2
Blinkova A.;Anna Blinkova;WTA;2
Blokhina A.;Alexis Blokhina;WTA;2
Blomqvist C.;Clarissa Blomqvist;WTA;2
Boehner L.;Laura Boehner;WTA;2
Bohrer Martins C.;Carolina Bohrer Martins;WTA;3
Boisson L.;Lois Boisson;WTA;2
Bojica S.;Stefania Bojica;WTA;2
Bojovic J.;Jana Bojovic;WTA;2
Bolkvadze M.;Mariam Bolkvadze;WTA;2
Bolsova A.;Aliona Bolsova;WTA;2
Boluda A. F.;Angela Fita Boluda;WTA;3
Bonardi B.;Berta Bonardi;WTA;2
Bondar A.;Anna Bondar;WTA;2
Bonelli E.;Elsa Bonelli;WTA;2
Borodulina V.;Victoria Borodulina;WTA;2
Bosio V.;Victoria Bosio;WTA;2
Boskovic L.;Lea Boskovic;WTA;2
Bosman C.;Coco Bosman;WTA;2
Bouchard E.;Eugenie Bouchard;WTA;2
Bougouffa H.;Hanna Bougouffa;WTA;2
Bougrat M.;Maelys Bougrat;WTA;2
Boukirat M.;Massiva Boukirat;WTA;2
Boulard L.;Liv Boulard;WTA;2
Boullay O.;Ophelie Boullay;WTA;2
Boulter K.;Katie Boulter;WTA;2
Bouzas Maneiro J.;Jessica Bouzas Maneiro;WTA;3
Bouzkova M.;Marie Bouzkova;WTA;2
Bouzo Zanotti N.;Noelia Bouzo Zanotti;WTA;3
Boyden M.;Melissa Boyden;WTA;2
Brace C.;Cadence Brace;WTA;2
Brady J.;Jennifer Brady;WTA;2
Brancaccio N.;Nuria Brancaccio;WTA;2
Brand V.;Victoria Brand;WTA;2
Branstine C.;Carson Branstine;WTA;2
Brantmeier R.;Reese Brantmeier;WTA;2
Breaz A.;Alesia Breaz;WTA;2
Bredberg Canizares D.;Didi Bredberg Canizares;WTA;3
Breen S.;Saoirse Breen;WTA;2
Brengle M.;Madison Brengle;WTA;2
Bretnacher J.;Justine Bretnacher;WTA;2
Broadfoot G.;Gabriella Broadfoot;WTA;2
Broadus S.;Savannah Broadus;WTA;2
Brockmann T. J.;Tessa Johanna Brockmann;WTA;3
Bronzetti L.;Lucia Bronzetti;WTA;2
Brooks A.;Amelie Brooks;WTA;2
Brown J.;Jaedan Brown;WTA;2
Brunkel L.;Laura Brunkel;WTA;2
Bruno V. A.;Valentina Abril Bruno;WTA;3
Bucea I.;Iulia Bucea;WTA;2
Buchnik M.;Mika Buchnik;WTA;2
Bucsa C.;Cristina Bucsa;WTA;2
Buculei I. M.;Iulia Maria Buculei;WTA;3
Bueno H.;Helena Bueno;WTA;2
Bulatova A.;Arina Bulatova;WTA;2
Bulbarella M.;Marina Bulbarella;WTA;2
Bulgaru M. B.;Miriam Bianca Bulgaru;WTA;3
Burcescu M. I.;Maia Ilinca Burcescu;WTA;3
Burdina E.;Evgeniya Burdina;WTA;2
Burel C.;Clara Burel;WTA;2
Burgic E.;Ema Burgic;WTA;2
Burillo Escorihuela I.;Irene Burillo Escorihuela;WTA;3
Burrage J.;Jodie Burrage;WTA;2
Burylo M.;Matylda Burylo;WTA;2
Bush T.;Tegan Bush;WTA;2
Buyukakcay C.;Cagla Buyukakcay;WTA;2
Buzarnescu M.;Mihaela Buzarnescu;WTA;2
Cabaj Awad J.;Jacqueline Cabaj Awad;WTA;3
Caballero Chica R.;Raquel Caballero Chica;WTA;3
Cabrera L.;Lizette Cabrera;WTA;2
Cadar E. T.;Elena Teodora Cadar;WTA;3
Cagnina N. L.;Noemi La Cagnina;WTA;3
Cai J.;Jialan Cai;WTA;2
Cakarevic S.;Sara Cakarevic;WTA;2
Camelia Begu I.;Irina Camelia Begu;WTA;3
Candiotto A.;Ana Candiotto;WTA;2
Canizares D. B.;Didi Bredberg Canizares;WTA;3
Capurro Taborda M.;Martina Capurro Taborda;WTA;3
Cardenas Oliveras A.;Abril Cardenas Oliveras;WTA;3
Carle M. L.;Maria Lourdes Carle;WTA;3
Carnicella K.;Kaitlyn Carnicella;WTA;2
Carolina Millan I.;Ingrid Carolina Millan;WTA;3
Carre M. N.;Mathilde Ngijol Carre;WTA;3
Castillo Meza M.;Midori Castillo Meza;WTA;3
Catanzarite A.;Ava Catanzarite;WTA;2
Caterina Grant T.;Tyra Caterina Grant;WTA;3
Cayetano E.;Eryn Cayetano;WTA;2
Ccuno R.;Romina Ccuno;WTA;2
Ce G.;Gabriela Ce;WTA;2
Cembranos P.;Paula Cembranos;WTA;2
Cengiz B.;Berfu Cengiz;WTA;2
Cervino Ruiz C.;Celia Cervino Ruiz;WTA;3
Ceuca A. A.;Ann Akasha Ceuca;WTA;3
Chainykova Y.;Yelyzaveta Chainykova;WTA;2
Chan J. Y.;Jo Yee Chan;WTA;3
Chang H.;Hanna Chang;WTA;2
Chanta A.;Aunchisa Chanta;WTA;2
Chapman D. D.;Danielle Dai Chapman;WTA;3
Charaeva A.;Alina Charaeva;WTA;2
Charney E.;Emma Charney;WTA;2
Charney P.;Piper Charney;WTA;2
Chaudhari V.;Vaidehi Chaudhari;WTA;2
Chavez T.;Teah Chavez;WTA;2
Cheapchandej P.;Patcharin Cheapchandej;WTA;2
Chen Lin Y.;Yu Chen Lin;WTA;3
Chen M. Y.;Meng Yi Chen;WTA;3
Chen Y.;Yiru Chen;WTA;2
Cherny I.;Isabelle Cherny;WTA;2
Cherubini D.;Diletta Cherubini;WTA;2
Chiarello K.;Kim Chiarello;WTA;2
Chica R. C.;Raquel Caballero Chica;WTA;3
Chiesa D.;Deborah Chiesa;WTA;2
Chiesa E.;Enola Chiesa;WTA;2
Chikaraishi Y.;Yui Chikaraishi;WTA;2
Ching Wu H.;Ho Ching Wu;WTA;3
Chirico L.;Louisa Chirico;WTA;2
Chlpac A.;Agustina Chlpac;WTA;2
Choi O.;Onyu Choi;WTA;2
Choi S. Y.;Seo Yun Choi;WTA;3
Chong E. W.;Eudice Wong Chong;WTA;3
Christie F.;Freya Christie;WTA;2
Christine Svendsen J.;Johanne Christine Svendsen;WTA;3
Chudejova M.;Mia Chudejova;WTA;2
Chwalinska M.;Maja Chwalinska;WTA;2
Cid M. G.;Maria Garcia Cid;WTA;3
Cinalli L. M.;Luna Maria Cinalli;WTA;3
Ciocan M.;Milena Ciocan;WTA;2
Cirez C. M.;Carlota Martinez Cirez;WTA;3
Ciric Bagaric L.;Lucija Ciric Bagaric;WTA;3
Cirotte A.;Astrid Cirotte;WTA;2
Cirpanli D.;Defne Cirpanli;WTA;2
Cirstea S.;Sorana Cirstea;WTA;2
Claeys L.;Lisa Claeys;WTA;2
Clarke C.;Chukwumelije Clarke;WTA;2
Cocciaretto E.;Elisabetta Cocciaretto;WTA;2
Coleman E.;Elizabeth Coleman;WTA;2
Colling S.;Solymar Colling;WTA;2
Collins D.;Danielle Collins;WTA;2
Collins K.;Kylie Collins;WTA;2
Colmegna M.;Martina Colmegna;WTA;2
Colyer R.;Rita Colyer;WTA;2
Combs E.;Emery Combs;WTA;2
Cooling R.;Ruby Cooling;WTA;2
Coppez K.;Kaat Coppez;WTA;2
Corte C.;Carlota Corte;WTA;2
Cortez Llorca L.;Lucia Cortez Llorca;WTA;3
Corvi A.;Aurora Corvi;WTA;2
Costoulas S.;Sofia Costoulas;WTA;2
Craciun G. A.;Georgia Andreea Craciun;WTA;3
Crawley F.;Fiona Crawley;WTA;2
Crinebouch H.;Hajar Crinebouch;WTA;2
Cristian J.;Jaqueline Cristian;WTA;2
Crocker V.;Virginia Crocker;WTA;2
Cross K.;Kayla Cross;WTA;2
Crossley M.;Mayu Crossley;WTA;2
Cui A.;Angela Cui;WTA;2
Curmi F.;Francesca Curmi;WTA;2
Cvetkovic A.;Anastasija Cvetkovic;WTA;2
Daavettila S.;Sara Daavettila;WTA;2
Daems J.;Josy Daems;WTA;2
Dahlstrom S.;Sara Dahlstrom;WTA;2
Dai Chapman D.;Danielle Dai Chapman;WTA;3
Dal S.;Selina Dal;WTA;2
Dalina Amariei I.;Ilinca Dalina Amariei;WTA;3
Dandu L.;Laxmisiri Dandu;WTA;2
Dang Y.;Yiming Dang;WTA;2
Daniel J.;Jaeda Daniel;WTA;2
Daniels E.;Ellie Daniels;WTA;2
Danilova A.;Alisa Danilova;WTA;2
Danilova O.;Olga Danilova;WTA;2
Danilovic O.;Olga Danilovic;WTA;2
Dapkute I.;Iveta Dapkute;WTA;2
Dart H.;Harriet Dart;WTA;2
Darta Feldmane D.;Daniela Darta Feldmane;WTA;3
Das A.;Aishi Das;WTA;2
Davies A. K.;Allegra Korpanec Davies;WTA;3
Dawson N.;Najah Dawson;WTA;2
Day K.;Kayla Day;WTA;2
De Koning R.;Rikke De Koning;WTA;3
De Oliveira E.;Emily De Oliveira;WTA;3
De Stefano S.;Samira De Stefano;WTA;3
De Zeeuw J.;Joy De Zeeuw;WTA;3
Dean J.;Jenna Dean;WTA;2
Defalco J.;Jenna Defalco;WTA;2
Deichmann K. V.;Kathinka Von Deichmann;WTA;3
Delaunay C.;Carolann Delaunay;WTA;2
Delledera F.;Francesca Delledera;WTA;2
Dencheva R.;Rositsa Dencheva;WTA;2
Deng T. T.;Tiana Tian Deng;WTA;3
Dernikovic R.;Ria Dernikovic;WTA;2
Desai Z.;Zeel Desai;WTA;2
Dessolis B.;Barbara Dessolis;WTA;2
Dessolis M.;Marcella Dessolis;WTA;2
Desvignes E. M.;Eva Marie Desvignes;WTA;3
Dho N.;Nahjime Dho;WTA;2
Di Genova C.;Chiara Di Genova;WTA;3
Di Girolami T.;Tilwith Di Girolami;WTA;3
Di Sarra F.;Federica Di Sarra;WTA;3
Dias T. F.;Teresa Franco Dias;WTA;3
Diatchenko V.;Vitalia Diatchenko;WTA;2
Diaz Adrover C.;Cristina Diaz Adrover;WTA;3
Diaz N. P.;Nuria Parrizas Diaz;WTA;3
Dibenedetto C.;Carolina Dibenedetto;WTA;2
Diianni J.;Jensen Diianni;WTA;2
Dileep Nitture A.;Akanksha Dileep Nitture;WTA;3
Dilek D.;Deniz Dilek;WTA;2
Dittmann G. M.;Gina Marie Dittmann;WTA;3
Diyas Z.;Zarina Diyas;WTA;2
Dmitrichenko Y.;Yekaterina Dmitrichenko;WTA;2
Dmitruk K.;Kristina Dmitruk;WTA;2
Dodin O.;Oceane Dodin;WTA;2
Dolehide C.;Caroline Dolehide;WTA;2
Dols S.;Sara Dols;WTA;2
Domingo L. L.;Lucia Llinares Domingo;WTA;3
Donoso L. S.;Lorena Solar Donoso;WTA;3
Dore P.;Pauline Dore;WTA;2
Dorofeeva Rybas F.;Felitsata Dorofeeva Rybas;WTA;3
Dotsenko E.;Ekaterina Dotsenko;WTA;2
Dourado J. R.;Jennifer Rosa Dourado;WTA;3
Drame P.;Petja Drame;WTA;2
Drenser Hagmann K.;Kennedy Drenser Hagmann;WTA;3
Drobysheva M.;Mariia Drobysheva;WTA;2
Drugdova S.;Salma Drugdova;WTA;2
Du Pree B.;Britt Du Pree;WTA;3
Dudeney A.;Alicia Dudeney;WTA;2
Duerst J.;Jenny Duerst;WTA;2
Dunne K.;Katy Dunne;WTA;2
Dvorackova A.;Anna Dvorackova;WTA;2
Dyussebay I.;Ingkar Dyussebay;WTA;2
Dzimovic S.;Stela Dzimovic;WTA;2
Dzjachangirova M.;Michelle Dzjachangirova;WTA;2
Eala A.;Alexandra Eala;WTA;2
Easwaramurthi A.;Ashmitha Easwaramurthi;WTA;2
Ebeling Koning L.;Loes Ebeling Koning;WTA;3
Ebster A. L.;Anna Lena Ebster;WTA;3
Eduarda Lages M.;Maria Eduarda Lages;WTA;3
Efremova A.;Anastasia Efremova;WTA;2
Efremova K.;Ksenia Efremova;WTA;2
Egorova D.;Daria Egorova;WTA;2
Ekshibarova V.;Vlada Ekshibarova;WTA;2
Ekstrand M.;Monika Ekstrand;WTA;2
El Jardi D.;Diae El Jardi;WTA;3
El Sayed A.;Aya El Sayed;WTA;3
Elena Barbulescu B.;Bianca Elena Barbulescu;WTA;3
Elena Tiglea C.;Cristina Elena Tiglea;WTA;3
Elkady J.;Joody Elkady;WTA;2
Emst S. V.;Sarah Van Emst;WTA;3
Encheva L.;Lidia Encheva;WTA;2
Ercan M.;Melisa Ercan;WTA;2
Erjavec V.;Veronika Erjavec;WTA;2
Escorihuela I. B.;Irene Burillo Escorihuela;WTA;3
Esina Samardzic A.;Ayline Esina Samardzic;WTA;3
Esquiva Banuls C.;Charo Esquiva Banuls;WTA;3
Estevez J.;Josefina Estevez;WTA;2
Eto N.;Naoko Eto;WTA;2
Eum Lee H.;Ha Eum Lee;WTA;3
Evans K.;Kailey Evans;WTA;2
Evans T.;Tatum Evans;WTA;2
Evtimova D.;Dia Evtimova;WTA;2
Ewald W.;Weronika Ewald;WTA;2
Ewing S.;Salma Ewing;WTA;2
Ezzat Y.;Yasmin Ezzat;WTA;2
Failla J.;Jessica Failla;WTA;2
Fairclough L.;Lily Fairclough;WTA;2
Fajmonova S. M.;Sarah Melany Fajmonova;WTA;3
Fakih K.;Kate Fakih;WTA;2
Falei A.;Aliona Falei;WTA;2
Falkner Z.;Ziva Falkner;WTA;2
Falkowska W.;Weronika Falkowska;WTA;2
Farzami M.;Mandegar Farzami;WTA;2
Federica Oana A.;Anamaria Federica Oana;WTA;3
Fedorova A.;Aglaya Fedorova;WTA;2
Feistel G.;Gina Feistel;WTA;2
Feldmane D. D.;Daniela Darta Feldmane;WTA;3
Ferlito A.;Alice Ferlito;WTA;2
Fernandez B. J.;Bianca Jolie Fernandez;WTA;3
Fernandez O. B.;Olga Bienzobas Fernandez;WTA;3
Ferrer C. H.;Claudia Hoste Ferrer;WTA;3
Ferrer Perez C.;Claudia Ferrer Perez;WTA;3
Ferro F.;Fiona Ferro;WTA;2
Fetecau I.;Irina Fetecau;WTA;2
Fett J.;Jana Fett;WTA;2
Filipa Santos A.;Ana Filipa Santos;WTA;3
Fiquet T.;Tiphanie Fiquet;WTA;2
Firman A.;Anastasiia Firman;WTA;2
Fita Boluda A.;Angela Fita Boluda;WTA;3
Florencia Urrutia M.;Maria Florencia Urrutia;WTA;3
Fontenel C.;Chelsea Fontenel;WTA;2
Fornasieri C.;Chiara Fornasieri;WTA;2
Foshee I.;Isabella Foshee;WTA;2
Fossa Huergo N.;Nicole Fossa Huergo;WTA;3
Fouad H.;Hala Fouad;WTA;2
Fouad N.;Nada Fouad;WTA;2
Franco Dias T.;Teresa Franco Dias;WTA;3
Frech M.;Magdalena Frech;WTA;2
Freitas A.;Analu Freitas;WTA;2
Frey A.;Anna Frey;WTA;2
Friedsam A. L.;Anna Lena Friedsam;WTA;3
Frodin T.;Thea Frodin;WTA;2
Fruhvirtova B.;Brenda Fruhvirtova;WTA;2
Fruhvirtova L.;Linda Fruhvirtova;WTA;2
Fry S.;Sophia Fry;WTA;2
Fulgenzi B.;Brandelyn Fulgenzi;WTA;2
Fullana L.;Luiza Fullana;WTA;2
Gabriel A.;Anais Gabriel;WTA;2
Gabriela Ruse E.;Elena Gabriela Ruse;WTA;3
Gabriela Vasilescu A.;Arina Gabriela Vasilescu;WTA;3
Gadamauri T.;Tamila Gadamauri;WTA;2
Gadecki O.;Olivia Gadecki;WTA;2
Gadient N.;Nicole Gadient;WTA;2
Gae M.;Mara Gae;WTA;2
Gailis R.;Rachel Gailis;WTA;2
Gaillard D.;Delia Gaillard;WTA;2
Galfi D.;Dalma Galfi;WTA;2
Gallardo Guevara C.;Carmen Gallardo Guevara;WTA;3
Gandolfi F.;Francesca Gandolfi;WTA;2
Ganz F.;Fiona Ganz;WTA;2
Gao X.;Xinyu Gao;WTA;2
Garakani S.;Sana Garakani;WTA;2
Garcia A. L.;Andrea Lazaro Garcia;WTA;3
Garcia A. R.;Alba Rey Garcia;WTA;3
Garcia C.;Caroline Garcia;WTA;2
Garcia Cid M.;Maria Garcia Cid;WTA;3
Garcia M.;Maria Garcia;WTA;2
Garcia M. T.;Meritxell Teixido Garcia;WTA;3
Garcia Perez G.;Georgina Garcia Perez;WTA;3
Garcia Ruiz J.;Julia Garcia Ruiz;WTA;3
Garcia Vidal L.;Leticia Garcia Vidal;WTA;3
Garland J.;Joanna Garland;WTA;2
Garnevska V.;Valeria Garnevska;WTA;2
Gasanova A.;Anastasia Gasanova;WTA;2
Gasparovic C.;Claudia Gasparovic;WTA;2
Gauff C.;Coco Gauff;WTA;2
Gay C.;Cayetana Gay;WTA;2
Geerlings A.;Ariana Geerlings;WTA;2
Gennaro C.;Camilla Gennaro;WTA;2
Genova C. D.;Chiara Di Genova;WTA;3
Gentili A.;Agnese Gentili;WTA;2
Georgeta Simion O.;Oana Georgeta Simion;WTA;3
Georgiana Goina P.;Patricia Georgiana Goina;WTA;3
Gettwart F.;Fabienne Gettwart;WTA;2
Ghirardato E. O.;Emma Ottavia Ghirardato;WTA;3
Giaccio J.;Juliana Giaccio;WTA;2
Giambelli C.;Carla Giambelli;WTA;2
Giavara H.;Haley Giavara;WTA;2
Gibson T.;Talia Gibson;WTA;2
Giessler E.;Elena Giessler;WTA;2
Gillan A.;Alice Gillan;WTA;2
Gimbrere J.;Jasmijn Gimbrere;WTA;2
Giordano M.;Maddalena Giordano;WTA;2
Giovannini L.;Luisina Giovannini;WTA;2
Girolami T. D.;Tilwith Di Girolami;WTA;3
Giza L.;Lola Giza;WTA;2
Gjorcheska L.;Lina Gjorcheska;WTA;2
Gloeckner P.;Pauline Gloeckner;WTA;2
Glozman V.;Valerie Glozman;WTA;2
Glushko L.;Lina Glushko;WTA;2
Glushkova D.;Denislava Glushkova;WTA;2
Gniewkowska O.;Oriana Gniewkowska;WTA;2
Goina P. G.;Patricia Georgiana Goina;WTA;3
Golovina M.;Maria Golovina;WTA;2
Golubic V.;Viktorija Golubic;WTA;2
Gomez J. H.;Jessica Hinojosa Gomez;WTA;3
Gomez L. N.;Lucia Natal Gomez;WTA;3
Gomez V.;Victoria Gomez;WTA;2
Gonzalez Vilar R.;Raquel Gonzalez Vilar;WTA;3
Gorgodze E.;Ekaterine Gorgodze;WTA;2
Gormaz L. R.;Leyre Romero Gormaz;WTA;3
Gorska D.;Daria Gorska;WTA;2
Goto R.;Reina Goto;WTA;2
Gowda T.;Thara Gowda;WTA;2
Grabher J.;Julia Grabher;WTA;2
Gracheva V.;Varvara Gracheva;WTA;2
Grammatikopoulou V.;Valentini Grammatikopoulou;WTA;2
Grana Pedretti T.;Thaisa Grana Pedretti;WTA;3
Grant T. C.;Tyra Caterina Grant;WTA;3
Granwehr A.;Alina Granwehr;WTA;2
Greiner S.;Sophie Greiner;WTA;2
Grekul E.;Elena Grekul;WTA;2
Groen J.;Jade Groen;WTA;2
Groth G.;Georgina Groth;WTA;2
Grubor A.;Ana Grubor;WTA;2
Guerrero Alvarez E.;Eva Guerrero Alvarez;WTA;3
Guerrero D. M.;Daniela Martinez Guerrero;WTA;3
Guevara C. G.;Carmen Gallardo Guevara;WTA;3
Guillen G. I.;Giselle Isabella Guillen;WTA;3
Guo H.;Hanyu Guo;WTA;2
Guo M.;Meiqi Guo;WTA;2
Gupta A.;Aaddi Gupta;WTA;2
Gureva A.;Anastasiia Gureva;WTA;2
Guth M.;Mara Guth;WTA;2
Guzman D.;Dana Guzman;WTA;2
Ha Jang S.;Soo Ha Jang;WTA;3
Ha S. M.;Sun Min Ha;WTA;3
Haavisto E.;Ella Haavisto;WTA;2
Haddad Maia B.;Beatriz Haddad Maia;WTA;3
Hageman M.;Madelief Hageman;WTA;2
Hagmann K. D.;Kennedy Drenser Hagmann;WTA;3
Han J.;Jiangxue Han;WTA;2
Hanatani N.;Nagi Hanatani;WTA;2
Hansen S.;Sarafina Hansen;WTA;2
Hartono A.;Arianne Hartono;WTA;2
Harvison I.;Isabella Harvison;WTA;2
Hatouka Y.;Yuliya Hatouka;WTA;2
Havermans D.;Danique Havermans;WTA;2
Havlickova L.;Lucie Havlickova;WTA;2
Hayasaka K.;Kurea Hayasaka;WTA;2
Heddar F.;Farah Heddar;WTA;2
Hedrzak M.;Magdalena Hedrzak;WTA;2
Hejtmanek A. J.;Amelie Justine Hejtmanek;WTA;3
Helgo M.;Malene Helgo;WTA;2
Hennemann C. W.;Caijsa Wilda Hennemann;WTA;3
Hercog P.;Polona Hercog;WTA;2
Herea C. A.;Carmen Andreea Herea;WTA;3
Herrero Linana A.;Alicia Herrero Linana;WTA;3
Herrmann S.;Sina Herrmann;WTA;2
Hertel A.;Ania Hertel;WTA;2
Hesse A.;Amandine Hesse;WTA;2
Heuser M.;Megan Heuser;WTA;2
Hewitt D.;Dalayna Hewitt;WTA;2
Hibino N.;Nao Hibino;WTA;2
Hietaranta L.;Laura Hietaranta;WTA;2
Hinojosa Gomez J.;Jessica Hinojosa Gomez;WTA;3
Hobgarski K.;Katharina Hobgarski;WTA;2
Hodzic M.;Mina Hodzic;WTA;2
Hoedt M.;Merel Hoedt;WTA;2
Hon P.;Priscilla Hon;WTA;2
Honer A.;Amelia Honer;WTA;2
Hontama M.;Mai Hontama;WTA;2
Horvit M.;Mia Horvit;WTA;2
Hosogi S.;Sakura Hosogi;WTA;2
Hosoki Y.;Yuka Hosoki;WTA;2
Hossam Salah J.;Jana Hossam Salah;WTA;3
Hoste Ferrer C.;Claudia Hoste Ferrer;WTA;3
Hou Y.;Yanan Hou;WTA;2
Houghton I.;India Houghton;WTA;2
Hozumi E.;Eri Hozumi;WTA;2
Hrabavets U.;Ulyana Hrabavets;WTA;2
Hrastar A.;Ava Hrastar;WTA;2
Hruncakova V.;Viktoria Hruncakova;WTA;2
Hsuan Lee Y.;Ya Hsuan Lee;WTA;3
Hu F.;Feier Hu;WTA;2
Hu V.;Victoria Hu;WTA;2
Huang Y.;Yujia Huang;WTA;2
Huergo N. F.;Nicole Fossa Huergo;WTA;3
Hui K.;Katherine Hui;WTA;2
Hule P.;Petra Hule;WTA;2
Hunter S.;Storm Hunter;WTA;2
Hurkacz N.;Nika Hurkacz;WTA;2
Husarova S.;Silvia Husarova;WTA;2
Hutchings L.;Lily Hutchings;WTA;2
Hyun Kang N.;Na Hyun Kang;WTA;3
Iankovskaia A.;Aleksandra Iankovskaia;WTA;2
Iatcenko P.;Polina Iatcenko;WTA;2
Ibragimova A.;Alevtina Ibragimova;WTA;2
Iglesias L. T.;Lena Thomas Iglesias;WTA;3
Iliev S.;Sarah Iliev;WTA;2
Ilinca Burcescu M.;Maia Ilinca Burcescu;WTA;3
Im H.;Heerae Im;WTA;2
Imamura S.;Saki Imamura;WTA;2
Imbo Nloga S.;Samantha Imbo Nloga;WTA;3
Impe A. V.;Amelie Van Impe;WTA;3
In Albon Y.;Ylena In Albon;WTA;3
Ingale P.;Pooja Ingale;WTA;2
Inglis M.;Maddison Inglis;WTA;2
Inisan E.;Eleejah Inisan;WTA;2
Inoue H.;Hina Inoue;WTA;2
Ioana Simionescu D.;Diana Ioana Simionescu;WTA;3
Ionescu E.;Elizabeth Ionescu;WTA;2
Ionescu E. M.;Eva Maria Ionescu;WTA;3
Ipunesso L.;Leilany Ipunesso;WTA;2
Irina Anghel A.;Alexandra Irina Anghel;WTA;3
Isabella Guillen G.;Giselle Isabella Guillen;WTA;3
Isakova P.;Polina Isakova;WTA;2
Ishii S.;Sayaka Ishii;WTA;2
Ismail T.;Tasnim Ismail;WTA;2
Ito A.;Aoi Ito;WTA;2
Ivanov E.;Elizabeth Ivanov;WTA;2
Ivanov V.;Valentina Ivanov;WTA;2
Ivanova B.;Briyana Ivanova;WTA;2
Ivanova D.;Dasha Ivanova;WTA;2
Ivanova I.;Iva Ivanova;WTA;2
Ivanovic G.;Gala Ivanovic;WTA;2
Ivanovic I.;Iva Ivanovic;WTA;2
Ivantsiv M.;Milana Ivantsiv;WTA;2
Iyengar M.;Maya Iyengar;WTA;2
J Bennett D.;D J Bennett;WTA;3
Jackson E.;Emma Jackson;WTA;2
Jackson J.;Jennifer Jackson;WTA;2
Jacquemot E.;Elsa Jacquemot;WTA;2
Jakupovic D.;Dalila Jakupovic;WTA;2
Jamrichova R.;Renata Jamrichova;WTA;2
Jamshidi E.;Elena Jamshidi;WTA;2
Jang S. H.;Soo Ha Jang;WTA;3
Jang S. J.;Su Jeong Jang;WTA;3
Janicijevic S.;Selena Janicijevic;WTA;2
Jara S.;Sydney Jara;WTA;2
Jardi D. E.;Diae El Jardi;WTA;3
Jaskova A.;Anika Jaskova;WTA;2
Jauffret C.;Capucine Jauffret;WTA;2
Jeanjean L.;Leolia Jeanjean;WTA;2
Jeong B.;Boyoung Jeong;WTA;2
Jeong Jang S.;Su Jeong Jang;WTA;3
Jeong S.;Sunam Jeong;WTA;2
Jeong U. S.;Ui Su Jeong;WTA;3
Jialin T.;Tian Jialin;WTA;2
Jiang Z.;Zijun Jiang;WTA;2
Jimenez Kasintseva V.;Victoria Jimenez Kasintseva;WTA;3
Jin Ahn Y.;Yu Jin Ahn;WTA;3
Job K. M.;Karine Marion Job;WTA;3
Johanna Brockmann T.;Tessa Johanna Brockmann;WTA;3
John Baptiste L.;Lauryn John Baptiste;WTA;3
Johnson S.;Sofia Johnson;WTA;2
Joint M.;Maya Joint;WTA;2
Jokic K.;Katarina Jokic;WTA;2
Jolie Fernandez B.;Bianca Jolie Fernandez;WTA;3
Jones E.;Emerson Jones;WTA;2
Jones F.;Francesca Jones;WTA;2
Jorge F.;Francisca Jorge;WTA;2
Jorge M.;Matilde Jorge;WTA;2
Jovanovic M.;Mirjana Jovanovic;WTA;2
Jovic I.;Iva Jovic;WTA;2
Judith Visscher S.;Stephanie Judith Visscher;WTA;3
Jun Lin Y.;Yu Jun Lin;WTA;3
Jurna E.;Elizabeth Jurna;WTA;2
Justine Hejtmanek A.;Amelie Justine Hejtmanek;WTA;3
Juvan K.;Kaja Juvan;WTA;2
Kabbaj Y.;Yasmine Kabbaj;WTA;2
Kaibekova P.;Polina Kaibekova;WTA;2
Kaji H.;Haruka Kaji;WTA;2
Kaler H. K.;Havah Kaur Kaler;WTA;3
Kalieva E.;Elvina Kalieva;WTA;2
Kalinina A.;Anhelina Kalinina;WTA;2
Kalinskaya A.;Anna Kalinskaya;WTA;2
Kalyakina M.;Maria Kalyakina;WTA;2
Kamper E.;Emma Kamper;WTA;2
Kang N. H.;Na Hyun Kang;WTA;3
Kapcia V.;Victoria Kapcia;WTA;2
Karatancheva A.;Alexa Karatancheva;WTA;2
Karatancheva L.;Lia Karatancheva;WTA;2
Kardava Z.;Zoziya Kardava;WTA;2
Kartal S.;Sonay Kartal;WTA;2
Kartseva A.;Anna Kartseva;WTA;2
Karunaratne A.;Adithya Karunaratne;WTA;2
Kasatkina D.;Daria Kasatkina;WTA;2
Kashyap T.;Tanisha Kashyap;WTA;2
Kasintseva V. J.;Victoria Jimenez Kasintseva;WTA;3
Katsumi N.;Nanari Katsumi;WTA;2
Kaur Kaler H.;Havah Kaur Kaler;WTA;3
Kaur Sandhu G.;Gurmanat Kaur Sandhu;WTA;3
Kawa K.;Katarzyna Kawa;WTA;2
Kawagishi N.;Nana Kawagishi;WTA;2
Kawaguchi N.;Natsumi Kawaguchi;WTA;2
Kawamura M.;Mana Kawamura;WTA;2
Kazionova E.;Ekaterina Kazionova;WTA;2
Keller K.;Kelly Keller;WTA;2
Kenin S.;Sofia Kenin;WTA;2
Kenzhibayeva S.;Sandugash Kenzhibayeva;WTA;2
Kessler M.;Mccartney Kessler;WTA;2
Keys M.;Madison Keys;WTA;2
Khan L.;Laquisa Khan;WTA;2
Khayrutdinova E.;Ekaterina Khayrutdinova;WTA;2
Khodzhaeva E.;Ekaterina Khodzhaeva;WTA;2
Khomutsianskaya D.;Daria Khomutsianskaya;WTA;2
Khramtsova J.;Julia Khramtsova;WTA;2
Khrebtova V.;Valentina Khrebtova;WTA;2
Kiara Toth A.;Amarissa Kiara Toth;WTA;3
Kikawada R.;Riko Kikawada;WTA;2
Kim C.;Cherry Kim;WTA;2
Kim D.;Dabin Kim;WTA;2
Kim Y.;Yujin Kim;WTA;2
Kinard T.;Tori Kinard;WTA;2
Kingsley R.;Raveena Kingsley;WTA;2
Kinoshita H.;Hayu Kinoshita;WTA;2
Kitahara Y.;Yuno Kitahara;WTA;2
Kladivova A.;Aneta Kladivova;WTA;2
Klimovicova L.;Linda Klimovicova;WTA;2
Klugman H.;Hannah Klugman;WTA;2
Kmiecik A.;Anna Kmiecik;WTA;2
Knutson G. A.;Gabriela Andrea Knutson;WTA;3
Kobayashi H.;Honoka Kobayashi;WTA;2
Kobori M.;Momoko Kobori;WTA;2
Kocak B.;Berrak Kocak;WTA;2
Koevermans A.;Anouk Koevermans;WTA;2
Koike E.;Ena Koike;WTA;2
Kokkinis T.;Tahlia Kokkinis;WTA;2
Kolb M.;Maryna Kolb;WTA;2
Kolb N.;Nadiia Kolb;WTA;2
Koller A.;Arabella Koller;WTA;2
Kolodynska J.;Jana Kolodynska;WTA;2
Komano M.;Margaux Komano;WTA;2
Koning L. E.;Loes Ebeling Koning;WTA;3
Koning R. D.;Rikke De Koning;WTA;3
Konjikusic P.;Petra Konjikusic;WTA;2
Konjuh A.;Ana Konjuh;WTA;2
Kononova M.;Maria Kononova;WTA;2
Konstantinova Y.;Yoana Konstantinova;WTA;2
Korhonen C.;Cara Korhonen;WTA;2
Korneeva A.;Alina Korneeva;WTA;2
Korokozidi E.;Elena Korokozidi;WTA;2
Korpanec Davies A.;Allegra Korpanec Davies;WTA;3
Korpatsch T.;Tamara Korpatsch;WTA;2
Kosan K.;Klara Kosan;WTA;2
Koshiishi A.;Ayumi Koshiishi;WTA;2
Kostecka B.;Barbara Kostecka;WTA;2
Kostenko L.;Lyubov Kostenko;WTA;2
Kostina A.;Arina Kostina;WTA;2
Kostovic T.;Teodora Kostovic;WTA;2
Kostyuk M.;Marta Kostyuk;WTA;2
Kotliar Y.;Yelyzaveta Kotliar;WTA;2
Kovacevic T.;Tea Kovacevic;WTA;2
Kovacic N.;Nala Kovacic;WTA;2
Kovackova A.;Alena Kovackova;WTA;2
Kovackova J.;Jana Kovackova;WTA;2
Kovapitukted P.;Punnin Kovapitukted;WTA;2
Kovinic D.;Danka Kovinic;WTA;2
Koyama H.;Honori Koyama;WTA;2
Kozak V.;Vlada Kozak;WTA;2
Kozyreva M.;Maria Kozyreva;WTA;2
Kraus S.;Sinja Kraus;WTA;2
Krejcikova B.;Barbora Krejcikova;WTA;2
Krockova N.;Natalia Krockova;WTA;2
Kroitor K.;Kristina Kroitor;WTA;2
Krueger A.;Ashlyn Krueger;WTA;2
Kruger I.;Isabella Kruger;WTA;2
Krunic A.;Aleksandra Krunic;WTA;2
Krupenina K.;Ksenia Krupenina;WTA;2
Ku Y. W.;Yeon Woo Ku;WTA;3
Kubareva A.;Anna Kubareva;WTA;2
Kubka M.;Martyna Kubka;WTA;2
Kucikova K. N.;Kiara Nina Kucikova;WTA;3
Kuczer D.;Daria Kuczer;WTA;2
Kudashova D.;Daria Kudashova;WTA;2
Kudermetova P.;Polina Kudermetova;WTA;2
Kudermetova V.;Veronika Kudermetova;WTA;2
Kuharenko P.;Polina Kuharenko;WTA;2
Kuhl C.;Carolina Kuhl;WTA;2
Kujovic K.;Katarina Kujovic;WTA;2
Kulambayeva Z.;Zhibek Kulambayeva;WTA;2
Kulhava V.;Veronika Kulhava;WTA;2
Kulikova A.;Anastasia Kulikova;WTA;2
Kumru A.;Ada Kumru;WTA;2
Kung L.;Leonie Kung;WTA;2
Kunz J.;Josephine Kunz;WTA;2
Kuparev A.;Anastasiya Kuparev;WTA;2
Kupres M.;Mia Kupres;WTA;2
Kuramochi M.;Miho Kuramochi;WTA;2
Kurt I.;Irem Kurt;WTA;2
Kuwata H.;Hiroko Kuwata;WTA;2
Kuzmova K.;Katarina Kuzmova;WTA;2
Kuznetsova E.;Ekaterina Kuznetsova;WTA;2
Kvitova P.;Petra Kvitova;WTA;2
La Cagnina N.;Noemi La Cagnina;WTA;3
Laboutkova A.;Aneta Laboutkova;WTA;2
Labrana F.;Fernanda Labrana;WTA;2
Lacasse R.;Raphaelle Lacasse;WTA;2
Lachinova A.;Adelina Lachinova;WTA;2
Lagaev N.;Nadia Lagaev;WTA;2
Lages M. E.;Maria Eduarda Lages;WTA;3
Lahey A.;Ashley Lahey;WTA;2
Lam S.;Shannon Lam;WTA;2
Lamens S.;Suzan Lamens;WTA;2
Lanca S.;Sara Lanca;WTA;2
Lancelot O.;Olympe Lancelot;WTA;2
Langlais C.;Cindy Langlais;WTA;2
Lansere S.;Sofya Lansere;WTA;2
Laron M.;Maayan Laron;WTA;2
Laskevich E.;Evialina Laskevich;WTA;2
Laskutova K.;Ksenia Laskutova;WTA;2
Lavinia Puiac A.;Alexia Lavinia Puiac;WTA;3
Lazarenko K.;Kateryna Lazarenko;WTA;2
Lazarenko M.;Masha Lazarenko;WTA;2
Lazaro Garcia A.;Andrea Lazaro Garcia;WTA;3
Le Roux D.;Donna Le Roux;WTA;3
Leclercq M.;Maelle Leclercq;WTA;2
Lee G.;Gabriela Lee;WTA;2
Lee G. S.;Gyeong Seo Lee;WTA;3
Lee H. E.;Ha Eum Lee;WTA;3
Lee S.;Suha Lee;WTA;2
Lee Y. H.;Ya Hsuan Lee;WTA;3
Lekomtseva U.;Ustiniya Lekomtseva;WTA;2
Lena Ebster A.;Anna Lena Ebster;WTA;3
Lena Friedsam A.;Anna Lena Friedsam;WTA;3
Lene E.;Emma Lene;WTA;2
Leon I.;Ines Leon;WTA;2
Leon S.;Sabastiani Leon;WTA;2
Leonard M.;Manon Leonard;WTA;2
Lepchenko V.;Varvara Lepchenko;WTA;2
Lespiau P. B.;Pilar Beveraggi Lespiau;WTA;3
Lewis M.;Mary Lewis;WTA;2
Leykina P.;Polina Leykina;WTA;2
Li A.;Ann Li;WTA;2
Li X.;Xiaowei Li;WTA;2
Li Y.;Yuyao Li;WTA;2
Li Z.;Zongyu Li;WTA;2
Liang E. S.;En Shuo Liang;WTA;3
Lim A.;Alize Lim;WTA;2
Lim J.;Jenny Lim;WTA;2
Lin F. A.;Fang An Lin;WTA;3
Lin Y. C.;Yu Chen Lin;WTA;3
Lin Y. J.;Yu Jun Lin;WTA;3
Linana A. H.;Alicia Herrero Linana;WTA;3
Lincer O.;Olivia Lincer;WTA;2
Linette M.;Magda Linette;WTA;2
Liu C.;Claire Liu;WTA;2
Liu F.;Fangzhou Liu;WTA;2
Liu K.;Kallista Liu;WTA;2
Liu M.;Min Liu;WTA;2
Liu Y.;Yuhan Liu;WTA;2
Liutova K.;Kristina Liutova;WTA;2
Lizarazo Y.;Yuliana Lizarazo;WTA;2
Lizunova A.;Anastasia Lizunova;WTA;2
Llaverias R. R.;Ruth Roura Llaverias;WTA;3
Llewellyn S.;Sophie Llewellyn;WTA;2
Llinares Domingo L.;Lucia Llinares Domingo;WTA;3
Llorca L. C.;Lucia Cortez Llorca;WTA;3
Lodikova D.;Daria Lodikova;WTA;2
Loeb J.;Jamie Loeb;WTA;2
Lollia M.;Mathilde Lollia;WTA;2
Lombardini M.;Marta Lombardini;WTA;2
Longueville R.;Romane Longueville;WTA;2
Lopez Alcaraz E.;Esther Lopez Alcaraz;WTA;3
Lopez C.;Chrystal Lopez;WTA;2
Lopez E.;Eva Lopez;WTA;2
Lopez Martinez C.;Carmen Lopez Martinez;WTA;3
Lopez P.;Paola Lopez;WTA;2
Losciale V.;Valentina Losciale;WTA;2
Lourdes Carle M.;Maria Lourdes Carle;WTA;3
Lovric P.;Pia Lovric;WTA;2
Luciano L.;Lavinia Luciano;WTA;2
Luikham J.;Jennifer Luikham;WTA;2
Luisa Oliveira M.;Maria Luisa Oliveira;WTA;3
Luiza Barros V.;Victoria Luiza Barros;WTA;3
Lukas T.;Tena Lukas;WTA;2
Lukosiute A.;Andre Lukosiute;WTA;2
Lunde E. S.;Emily Sartz Lunde;WTA;3
Luo X.;Xi Luo;WTA;2
Lys E.;Eva Lys;WTA;2
Ma L.;Lea Ma;WTA;2
Ma Y. X.;Ye Xin Ma;WTA;3
Madelyn Nugroho P.;Priska Madelyn Nugroho;WTA;3
Maduzzi G.;Gaia Maduzzi;WTA;2
Mahendran K.;Krisha Mahendran;WTA;2
Maia B. H.;Beatriz Haddad Maia;WTA;3
Maines N.;Noemi Maines;WTA;2
Mair L.;Laura Mair;WTA;2
Maitane Arconada U.;Usue Maitane Arconada;WTA;3
Maklakova E.;Ekaterina Maklakova;WTA;2
Malkin M.;Misa Malkin;WTA;2
Maloney E.;Eliz Maloney;WTA;2
Malygina E.;Elena Malygina;WTA;2
Mamedova E.;Edda Mamedova;WTA;2
Mandelikova K.;Katerina Mandelikova;WTA;2
Mandlik E.;Elizabeth Mandlik;WTA;2
Maneiro J. B.;Jessica Bouzas Maneiro;WTA;3
Manescu T.;Tina Manescu;WTA;2
Mansfield K.;Kate Mansfield;WTA;2
Mansouri Y.;Yasmine Mansouri;WTA;2
Maquet M.;Margaux Maquet;WTA;2
Marcinkevica D.;Diana Marcinkevica;WTA;2
Marcinko P.;Petra Marcinko;WTA;2
Maria Buculei I.;Iulia Maria Buculei;WTA;3
Maria Cinalli L.;Luna Maria Cinalli;WTA;3
Maria Ionescu E.;Eva Maria Ionescu;WTA;3
Maria Maruca M.;Melina Maria Maruca;WTA;3
Maria Serban I.;Isabella Maria Serban;WTA;3
Maria T.;Tatjana Maria;WTA;2
Maria Tig P.;Patricia Maria Tig;WTA;3
Maria Vancea G.;Gabriela Maria Vancea;WTA;3
Mariani M.;Matilde Mariani;WTA;2
Maric D.;Dunja Maric;WTA;2
Marie Desvignes E.;Eva Marie Desvignes;WTA;3
Marie Dittmann G.;Gina Marie Dittmann;WTA;3
Marie Nijkamp R.;Rose Marie Nijkamp;WTA;3
Marie Voracek E.;Eva Marie Voracek;WTA;3
Marinescu A.;Alessia Marinescu;WTA;2
Marinkovic I.;Iva Marinkovic;WTA;2
Marino R.;Rebecca Marino;WTA;2
Marion Job K.;Karine Marion Job;WTA;3
Markham A.;Ava Markham;WTA;2
Marlies Rothensteiner L.;Liel Marlies Rothensteiner;WTA;3
Martianova S.;Sofia Martianova;WTA;2
Martic P.;Petra Martic;WTA;2
Martincova T.;Tereza Martincova;WTA;2
Martinez C. L.;Carmen Lopez Martinez;WTA;3
Martinez Cirez C.;Carlota Martinez Cirez;WTA;3
Martinez Guerrero D.;Daniela Martinez Guerrero;WTA;3
Martinez V.;Violeta Martinez;WTA;2
Martinez Vaquero M.;Maria Martinez Vaquero;WTA;3
Martins C. B.;Carolina Bohrer Martins;WTA;3
Marton I.;Isabella Marton;WTA;2
Martynov D.;Diana Martynov;WTA;2
Maruca M. M.;Melina Maria Maruca;WTA;3
Masarova R.;Rebeka Masarova;WTA;2
Masic M.;Mila Masic;WTA;2
Masiianskaia M.;Mariia Masiianskaia;WTA;2
Maslenkova M.;Milana Maslenkova;WTA;2
Matias M.;Madalena Matias;WTA;2
Matoula M.;Martha Matoula;WTA;2
Matsuda M.;Misaki Matsuda;WTA;2
Matsuda R.;Rinko Matsuda;WTA;2
Mattel M.;Marie Mattel;WTA;2
Mattioli F.;Francesca Mattioli;WTA;2
Matushkina K.;Kira Matushkina;WTA;2
Mazzola A.;Alessandra Mazzola;WTA;2
Mazzoni E.;Emma Mazzoni;WTA;2
Mboko V.;Victoria Mboko;WTA;2
Mcadoo R.;Rasheeda Mcadoo;WTA;2
Mcbride J.;Jordyn Mcbride;WTA;2
Mcdonald E.;Ella Mcdonald;WTA;2
Mcgiffin T.;Tenika Mcgiffin;WTA;2
Mckenzie N.;Naomi Mckenzie;WTA;2
Mcnally C.;Caty Mcnally;WTA;2
Mcneil C.;Christasha Mcneil;WTA;2
Meabe S.;Sofia Meabe;WTA;2
Mediorreal Arias V.;Valentina Mediorreal Arias;WTA;3
Medvedeva M.;Miroslava Medvedeva;WTA;2
Melany Fajmonova S.;Sarah Melany Fajmonova;WTA;3
Meliss V.;Verena Meliss;WTA;2
Menendez E. Z.;Eugenia Zozaya Menendez;WTA;3
Menguene M.;Malkia Menguene;WTA;2
Meri E.;Eszter Meri;WTA;2
Mertens E.;Elise Mertens;WTA;2
Meshcheryakova K.;Ksenia Meshcheryakova;WTA;2
Messerli T.;Tia Messerli;WTA;2
Mettraux M.;Marie Mettraux;WTA;2
Meza M. C.;Midori Castillo Meza;WTA;3
Mi L.;Lan Mi;WTA;2
Michalkova B.;Barbora Michalkova;WTA;2
Michel E.;Elena Michel;WTA;2
Micic E.;Elena Micic;WTA;2
Mikaca S.;Sara Mikaca;WTA;2
Mikhailova M.;Maria Mikhailova;WTA;2
Mikulskyte J.;Justina Mikulskyte;WTA;2
Milanese S.;Sara Milanese;WTA;2
Mildren S.;Sarah Mildren;WTA;2
Milic E. N.;Ela Nala Milic;WTA;3
Millan I. C.;Ingrid Carolina Millan;WTA;3
Milovanova V.;Victoria Milovanova;WTA;2
Milovanovic E.;Elena Milovanovic;WTA;2
Min Ha S.;Sun Min Ha;WTA;3
Mincheva V.;Vlada Mincheva;WTA;2
Minnen G.;Greet Minnen;WTA;2
Miroshnichenko V.;Veronica Miroshnichenko;WTA;2
Miskovic D.;Dora Miskovic;WTA;2
Miyamoto A.;Ayumi Miyamoto;WTA;2
Miyata M.;Moeka Miyata;WTA;2
Miyazaki Y.;Yuriko Miyazaki;WTA;2
Mladenovic K.;Kristina Mladenovic;WTA;2
Moccia C.;Carlotta Moccia;WTA;2
Moe K.;Kaya Moe;WTA;2
Molnar K.;Kitti Molnar;WTA;2
Monet Sycamore A.;Ava Monet Sycamore;WTA;3
Monnet C.;Carole Monnet;WTA;2
Monnot A.;Amandine Monnot;WTA;2
Monteleone G. A.;Giulia Alessia Monteleone;WTA;3
Montgomery R.;Robin Montgomery;WTA;2
Moon J.;Jeong Moon;WTA;2
Moore C.;Ciara Moore;WTA;2
Moratelli A.;Angelica Moratelli;WTA;2
Morderger T.;Tayisiya Morderger;WTA;2
Morderger Y.;Yana Morderger;WTA;2
Mortensen R. M.;Rebecca Munk Mortensen;WTA;3
Morvayova V.;Viktoria Morvayova;WTA;2
Motosono K.;Kianah Motosono;WTA;2
Moyano L.;Luciana Moyano;WTA;2
Mozgaleva A.;Anastasia Mozgaleva;WTA;2
Mpetshi Perricard D.;Daphnee Mpetshi Perricard;WTA;3
Mrazikova K.;Karolina Mrazikova;WTA;2
Muchova K.;Karolina Muchova;WTA;2
Mulville V.;Victoria Mulville;WTA;2
Munde P. A.;Parthasarthi Arun Munde;WTA;3
Munk Mortensen R.;Rebecca Munk Mortensen;WTA;3
Munzarova L.;Lenka Munzarova;WTA;2
Muramatsu C.;Chihiro Muramatsu;WTA;2
Murta I.;Ines Murta;WTA;2
Myatovic J.;Julie Myatovic;WTA;2
Nadine Smith T.;Tina Nadine Smith;WTA;3
Naef C.;Celine Naef;WTA;2
Nagata A.;Anri Nagata;WTA;2
Nagornaia S.;Sofiia Nagornaia;WTA;2
Nagy A.;Adrienn Nagy;WTA;2
Nahimana S.;Sada Nahimana;WTA;2
Nakashima M.;Miyu Nakashima;WTA;2
Naklo T.;Thasaporn Naklo;WTA;2
Nala Milic E.;Ela Nala Milic;WTA;3
Narti C.;Charlotte Narti;WTA;2
Natal Gomez L.;Lucia Natal Gomez;WTA;3
Navarro E.;Emma Navarro;WTA;2
Negishi Y.;Yuzuha Negishi;WTA;2
Neira A. S.;Agustina Soto Neira;WTA;3
Nepliy E.;Elina Nepliy;WTA;2
Newberry L.;Lois Newberry;WTA;2
Newman W.;Welles Newman;WTA;2
Ngijol Carre M.;Mathilde Ngijol Carre;WTA;3
Ngounoue C.;Clervie Ngounoue;WTA;2
Nguyen A.;Alexis Nguyen;WTA;2
Nguyen K.;Kenzie Nguyen;WTA;2
Nguyen Tan L.;Lucie Nguyen Tan;WTA;3
Nicoleta Todoni C.;Cristiana Nicoleta Todoni;WTA;3
Niemeier J.;Jule Niemeier;WTA;2
Nijkamp R. M.;Rose Marie Nijkamp;WTA;3
Nilsson L.;Lea Nilsson;WTA;2
Nina Kucikova K.;Kiara Nina Kucikova;WTA;3
Nishimoto S.;Sera Nishimoto;WTA;2
Nishimura K.;Kayo Nishimura;WTA;2
Nishino N.;Nao Nishino;WTA;2
Nitture A. D.;Akanksha Dileep Nitture;WTA;3
Nloga S. I.;Samantha Imbo Nloga;WTA;3
Noel C.;Chloe Noel;WTA;2
Noguchi S.;Sae Noguchi;WTA;2
Noha Akugue N.;Noma Noha Akugue;WTA;3
Norin F.;Fanny Norin;WTA;2
Nosei A.;Aurora Nosei;WTA;2
Noskova L.;Linda Noskova;WTA;2
Novak K.;Kristina Novak;WTA;2
Nozdrachova M.;Mariia Nozdrachova;WTA;2
Nugroho P. M.;Priska Madelyn Nugroho;WTA;3
Nuudi M.;Maileen Nuudi;WTA;2
Oana A. F.;Anamaria Federica Oana;WTA;3
Obradovic A.;Andrea Obradovic;WTA;2
Odorizzi C.;Caterina Odorizzi;WTA;2
Ogescu S.;Simona Ogescu;WTA;2
Ogunwale J.;Jaquelyn Ogunwale;WTA;2
Oh J.;Jeongha Oh;WTA;2
Ohashi R.;Remika Ohashi;WTA;2
Ohashi Y.;Yuna Ohashi;WTA;2
Ohwaki Y.;Yui Ohwaki;WTA;2
Okalova M.;Martina Okalova;WTA;2
Okamura K.;Kyoka Okamura;WTA;2
Oktiabreva A.;Alisa Oktiabreva;WTA;2
Okutoyi A.;Angella Okutoyi;WTA;2
Oliveira E. D.;Emily De Oliveira;WTA;3
Oliveira M. L.;Maria Luisa Oliveira;WTA;3
Oliver Sanchez M.;Maria Oliver Sanchez;WTA;3
Oliveras A. C.;Abril Cardenas Oliveras;WTA;3
Oliynykova O.;Oleksandra Oliynykova;WTA;2
Ortenzi B.;Benedetta Ortenzi;WTA;2
Ortenzi J.;Jazmin Ortenzi;WTA;2
Osaka N.;Naomi Osaka;WTA;2
Osborne A.;Alexandra Osborne;WTA;2
Osorio C.;Camila Osorio;WTA;2
Ostapenko J.;Jelena Ostapenko;WTA;2
Osterreicher M.;Mavie Osterreicher;WTA;2
Osuigwe V.;Victoria Osuigwe;WTA;2
Osuigwe W.;Whitney Osuigwe;WTA;2
Ottavia Ghirardato E.;Emma Ottavia Ghirardato;WTA;3
Otway J.;Jade Otway;WTA;2
Otzipka J.;Jana Otzipka;WTA;2
Ovcharenko E.;Ekaterina Ovcharenko;WTA;2
Oz I.;Ipek Oz;WTA;2
Ozeki M.;Michika Ozeki;WTA;2
Ozerova A.;Anna Ozerova;WTA;2
Pace F.;Francesca Pace;WTA;2
Paganetti V.;Vittoria Paganetti;WTA;2
Palicova B.;Barbora Palicova;WTA;2
Panshina V.;Varvara Panshina;WTA;2
Panwar Y.;Yashaswini Panwar;WTA;2
Paolini J.;Jasmine Paolini;WTA;2
Papamichail D.;Despina Papamichail;WTA;2
Paquet C.;Chloe Paquet;WTA;2
Parcelli F.;Francesca Parcelli;WTA;2
Pareja J.;Julieta Pareja;WTA;2
Park E.;Eunyeong Park;WTA;2
Park S.;Sohyun Park;WTA;2
Parks A.;Alycia Parks;WTA;2
Parres L. R.;Lucia Ros Parres;WTA;3
Parrizas Diaz N.;Nuria Parrizas Diaz;WTA;3
Parry D.;Diane Parry;WTA;2
Passola B.;Berta Passola;WTA;2
Pastikova J.;Julie Pastikova;WTA;2
Paszun A.;Amelia Paszun;WTA;2
Paterno G.;Giulia Paterno;WTA;2
Patil S.;Sonal Patil;WTA;2
Pavlou D.;Dimitra Pavlou;WTA;2
Pavlova K.;Kira Pavlova;WTA;2
Pavlyuchenkova A.;Anastasia Pavlyuchenkova;WTA;2
Pawelska M.;Maja Pawelska;WTA;2
Pawlak L.;Lucie Pawlak;WTA;2
Pawlikowska Z.;Zuzanna Pawlikowska;WTA;2
Payne B.;Bella Payne;WTA;2
Pedone G.;Georgia Pedone;WTA;2
Pedretti T. G.;Thaisa Grana Pedretti;WTA;3
Peer L.;Lisa Peer;WTA;2
Peeters A. V.;Anouck Vrancken Peeters;WTA;3
Pegula J.;Jessica Pegula;WTA;2
Penickova A.;Annika Penickova;WTA;2
Penickova K.;Kristina Penickova;WTA;2
Pera B.;Bernarda Pera;WTA;2
Perapekhina Y.;Yuliya Perapekhina;WTA;2
Pereira R.;Rebeca Pereira;WTA;2
Perello Saavedra J.;Judith Perello Saavedra;WTA;3
Perelygina E.;Ekaterina Perelygina;WTA;2
Perez Alarcon L.;Lucciana Perez Alarcon;WTA;3
Perez C. F.;Claudia Ferrer Perez;WTA;3
Perez G. G.;Georgina Garcia Perez;WTA;3
Perricard D. M.;Daphnee Mpetshi Perricard;WTA;3
Perry L.;Luciana Perry;WTA;2
Persson K. R.;Kajsa Rinaldo Persson;WTA;3
Petretic L.;Laia Petretic;WTA;2
Petruzelova L.;Lucie Petruzelova;WTA;2
Peyre L.;Lucia Peyre;WTA;2
Pieri J.;Jessica Pieri;WTA;2
Pieri T.;Tatiana Pieri;WTA;2
Pigato L.;Lisa Pigato;WTA;2
Pigossi L.;Laura Pigossi;WTA;2
Pikkaart C.;Charlotte Pikkaart;WTA;2
Pircher A.;Anna Pircher;WTA;2
Pirohova D.;Dominika Pirohova;WTA;2
Pistola I.;Ilary Pistola;WTA;2
Piter K.;Katarzyna Piter;WTA;2
Plaza Araujo L.;Luana Plaza Araujo;WTA;3
Plekhanova D.;Dasha Plekhanova;WTA;2
Plipuech P.;Peangtarn Plipuech;WTA;2
Pliskova K.;Karolina Pliskova;WTA;2
Plosnik E.;Ela Plosnik;WTA;2
Pochtovyk K.;Krystyna Pochtovyk;WTA;2
Podgorichani L.;Lidia Podgorichani;WTA;2
Podhajecka D.;Dominika Podhajecka;WTA;2
Podlinska M.;Marcelina Podlinska;WTA;2
Podoroska N.;Nadia Podoroska;WTA;2
Podrez V.;Veronika Podrez;WTA;2
Pohankova M.;Mia Pohankova;WTA;2
Pohle V.;Victoria Pohle;WTA;2
Polakovicova A.;Adela Polakovicova;WTA;2
Poling L.;Lilian Poling;WTA;2
Ponchet J.;Jessika Ponchet;WTA;2
Pop G.;Gloria Pop;WTA;2
Popa G. S.;Giulia Safina Popa;WTA;3
Popa M. S.;Maria Sara Popa;WTA;3
Popescu A.;Alessia Popescu;WTA;2
Popovic K.;Karla Popovic;WTA;2
Popovski D.;Dusica Popovski;WTA;2
Poppel E. V.;Emma Van Poppel;WTA;3
Potapova A.;Anastasia Potapova;WTA;2
Pozarenko A.;Aleksandra Pozarenko;WTA;2
Praefke P.;Pia Praefke;WTA;2
Pree B. D.;Britt Du Pree;WTA;3
Preston J.;Janae Preston;WTA;2
Preston T.;Taylah Preston;WTA;2
Pridankina E.;Elena Pridankina;WTA;2
Primorac I.;Iva Primorac;WTA;2
Prisacariu A.;Andreea Prisacariu;WTA;2
Prozorova T.;Tatiana Prozorova;WTA;2
Puiac A. L.;Alexia Lavinia Puiac;WTA;3
Pulchartova L.;Laetitia Pulchartova;WTA;2
Pushkar S.;Stefaniya Pushkar;WTA;2
Pushkareva A.;Anna Pushkareva;WTA;2
Putintseva Y.;Yulia Putintseva;WTA;2
Qian Wei Z.;Zhang Qian Wei;WTA;3
Qu Y.;Yihan Qu;WTA;2
Quevedo K.;Kaitlin Quevedo;WTA;2
Rabin S.;Sol Rabin;WTA;2
Rabl L.;Leonie Rabl;WTA;2
Rabman T.;Theadora Rabman;WTA;2
Rachapudi P.;Prathyusha Rachapudi;WTA;2
Radisic N.;Nika Radisic;WTA;2
Radivojevic L.;Lola Radivojevic;WTA;2
Radovanovic N.;Nina Radovanovic;WTA;2
Raducanu E.;Emma Raducanu;WTA;2
Radwanska U.;Urszula Radwanska;WTA;2
Raggi A.;Angelica Raggi;WTA;2
Raina A.;Ankita Raina;WTA;2
Rajecki A.;Amelia Rajecki;WTA;2
Rajeshwaran Revathi M.;Maaya Rajeshwaran Revathi;WTA;3
Rakhimova K.;Kamilla Rakhimova;WTA;2
Rame A.;Alice Rame;WTA;2
Rao S. S.;Sandeepti Singh Rao;WTA;3
Rapolu M.;Malaika Rapolu;WTA;2
Raschdorf C.;Carolin Raschdorf;WTA;2
Rashmikaa Bhamidipaty S.;Shrivalli Rashmikaa Bhamidipaty;WTA;3
Rasim M.;Melis Rasim;WTA;2
Rathi A.;Anjali Rathi;WTA;2
Rawat A.;Aditi Rawat;WTA;2
Reami A.;Adriana Reami;WTA;2
Reed L.;Lexington Reed;WTA;2
Refaat M.;Merna Refaat;WTA;2
Reguer A.;Alyssa Reguer;WTA;2
Ren K.;Ke Ren;WTA;2
Ren Y.;Yufei Ren;WTA;2
Rencheli A.;Abigail Rencheli;WTA;2
Rennert J. V.;Julia Victoria Rennert;WTA;3
Reva A.;Aliesia Reva;WTA;2
Revathi M. R.;Maaya Rajeshwaran Revathi;WTA;3
Rey Garcia A.;Alba Rey Garcia;WTA;3
Reyngold E.;Ekaterina Reyngold;WTA;2
Ribera M. B.;Marina Bassols Ribera;WTA;3
Ricci B.;Beatrice Ricci;WTA;2
Riera J.;Julia Riera;WTA;2
Rinaldo Persson K.;Kajsa Rinaldo Persson;WTA;3
Ristic M.;Mia Ristic;WTA;2
Rivera A. V.;Antonia Vergara Rivera;WTA;3
Rivoli P.;Pietra Rivoli;WTA;2
Robbe A.;Alice Robbe;WTA;2
Robinson J.;Jada Robinson;WTA;2
Rocchetti S.;Sofia Rocchetti;WTA;2
Rodero C.;Camila Rodero;WTA;2
Rodionova A.;Arina Rodionova;WTA;2
Rodriguez A.;Ava Rodriguez;WTA;2
Rodriguez V.;Victoria Rodriguez;WTA;2
Rogers A. S.;Anna Sinclair Rogers;WTA;3
Rojas S.;Sofia Rojas;WTA;2
Rokusek S.;Sarah Rokusek;WTA;2
Romanova L.;Leticia Romanova;WTA;2
Romero C.;Camila Romero;WTA;2
Romero Gormaz L.;Leyre Romero Gormaz;WTA;3
Ros Parres L.;Lucia Ros Parres;WTA;3
Rosa Dourado J.;Jennifer Rosa Dourado;WTA;3
Rosatello C.;Camilla Rosatello;WTA;2
Rothensteiner L. M.;Liel Marlies Rothensteiner;WTA;3
Roura Llaverias R.;Ruth Roura Llaverias;WTA;3
Rouvroy M.;Margaux Rouvroy;WTA;2
Roux D. L.;Donna Le Roux;WTA;3
Rowinska M.;Malwina Rowinska;WTA;2
Ruchkina K.;Kseniia Ruchkina;WTA;2
Ruggeri J.;Jennifer Ruggeri;WTA;2
Ruiz C. C.;Celia Cervino Ruiz;WTA;3
Ruiz J. G.;Julia Garcia Ruiz;WTA;3
Ruoxi M.;Ma Ruoxi;WTA;2
Rus A.;Arantxa Rus;WTA;2
Ruse E. G.;Elena Gabriela Ruse;WTA;3
Rushiti A.;Arlinda Rushiti;WTA;2
Russell T.;Tori Russell;WTA;2
Rutlauka S.;Sabine Rutlauka;WTA;2
Ruxandra Bertea E.;Elena Ruxandra Bertea;WTA;3
Ruzic A.;Antonia Ruzic;WTA;2
Rybakina E.;Elena Rybakina;WTA;2
Rybas F. D.;Felitsata Dorofeeva Rybas;WTA;3
Ryser V.;Valentina Ryser;WTA;2
Saavedra J. P.;Judith Perello Saavedra;WTA;3
Sabalenka A.;Aryna Sabalenka;WTA;2
Sacco F.;Federica Sacco;WTA;2
Sadiq S.;Soha Sadiq;WTA;2
Saffar Y.;Yael Saffar;WTA;2
Safi M.;Meshkatolzahra Safi;WTA;2
Safina Popa G.;Giulia Safina Popa;WTA;3
Safta A.;Anastasia Safta;WTA;2
Sagandykova A.;Aruzhan Sagandykova;WTA;2
Sagmar I.;Ilinca Sagmar;WTA;2
Sahdiieva A.;Anita Sahdiieva;WTA;2
Sahnoun N.;Nour Sahnoun;WTA;2
Saigo R.;Rina Saigo;WTA;2
Saito S.;Sara Saito;WTA;2
Sakatsume H.;Himeno Sakatsume;WTA;2
Sakellaridi S.;Sapfo Sakellaridi;WTA;2
Sakkari M.;Maria Sakkari;WTA;2
Salah J. H.;Jana Hossam Salah;WTA;3
Salazar N. S.;Natalia Sousa Salazar;WTA;3
Salkova D.;Dominika Salkova;WTA;2
Salvadori M.;Micol Salvadori;WTA;2
Samardzic A. E.;Ayline Esina Samardzic;WTA;3
Samir S.;Sandra Samir;WTA;2
Samson L.;Laura Samson;WTA;2
Samsonova L.;Liudmila Samsonova;WTA;2
Sanchez A. S.;Ana Sofia Sanchez;WTA;3
Sanchez C. A.;Celia Anson Sanchez;WTA;3
Sanchez M. O.;Maria Oliver Sanchez;WTA;3
Sandberg V.;Vivien Sandberg;WTA;2
Sande E. A.;Eva Alvarez Sande;WTA;3
Sandhu G. K.;Gurmanat Kaur Sandhu;WTA;3
Saner J.;Julita Saner;WTA;2
Sanon N.;Nehira Sanon;WTA;2
Santiago M. S.;Marta Soriano Santiago;WTA;3
Santos A. F.;Ana Filipa Santos;WTA;3
Sara A.;Angelica Sara;WTA;2
Sara Popa M.;Maria Sara Popa;WTA;3
Sarkisova K.;Karine Sarkisova;WTA;2
Sarra F. D.;Federica Di Sarra;WTA;3
Sarrazin L.;Laetitia Sarrazin;WTA;2
Sartz Lunde E.;Emily Sartz Lunde;WTA;3
Sasnovich A.;Aliaksandra Sasnovich;WTA;2
Sato N.;Naho Sato;WTA;2
Savinykh V.;Valeria Savinykh;WTA;2
Sawangkaew M.;Mananchaya Sawangkaew;WTA;2
Sawant M.;Madhurima Sawant;WTA;2
Sawashiro K.;Kanon Sawashiro;WTA;2
Sayed A. E.;Aya El Sayed;WTA;3
Schaedel L.;Lorena Schaedel;WTA;2
Schaefer A.;Anne Schaefer;WTA;2
Schmidt A.;Antonia Schmidt;WTA;2
Schoppe E.;Ellie Schoppe;WTA;2
Schruff L.;Luisa Schruff;WTA;2
Schueller A.;Ava Schueller;WTA;2
Schuknecht L.;Leonie Schuknecht;WTA;2
Schuman A.;Aspen Schuman;WTA;2
Schunk N.;Nastasja Schunk;WTA;2
Scott K.;Katrina Scott;WTA;2
Sebestova I.;Ivana Sebestova;WTA;2
Sebov K.;Katherine Sebov;WTA;2
Sedlackova P.;Petra Sedlackova;WTA;2
Sedysheva A.;Anna Sedysheva;WTA;2
Seibold E.;Emily Seibold;WTA;2
Seidel E.;Ella Seidel;WTA;2
Selekhmeteva O.;Oksana Selekhmeteva;WTA;2
Sema E.;Erika Sema;WTA;2
Semenistaja D.;Darja Semenistaja;WTA;2
Senic N.;Natalija Senic;WTA;2
Senica A.;Alja Senica;WTA;2
Sensano N. T.;Neus Torner Sensano;WTA;3
Seo Lee G.;Gyeong Seo Lee;WTA;3
Sequeira M.;Milla Sequeira;WTA;2
Serban I. M.;Isabella Maria Serban;WTA;3
Serban R.;Raluka Serban;WTA;2
Sevastova A.;Anastasija Sevastova;WTA;2
Sevcikova L.;Linda Sevcikova;WTA;2
Shaikh H.;Hibah Shaikh;WTA;2
Shao Y.;Yushan Shao;WTA;2
Shapatava S.;Sofia Shapatava;WTA;2
Sharma A.;Astra Sharma;WTA;2
Shcherbinina A.;Alina Shcherbinina;WTA;2
Shek C. Y.;Cheuk Ying Shek;WTA;3
Sherif M.;Mayar Sherif;WTA;2
Shi H.;Han Shi;WTA;2
Shibahara E.;Ena Shibahara;WTA;2
Shimizu A.;Ayano Shimizu;WTA;2
Shimizu E.;Eri Shimizu;WTA;2
Shin J.;Jiho Shin;WTA;2
Shinikova I.;Isabella Shinikova;WTA;2
Shkutova A.;Anna Shkutova;WTA;2
Shnaider D.;Diana Shnaider;WTA;2
Sholokhova M.;Maria Sholokhova;WTA;2
Shubladze A.;Alexandra Shubladze;WTA;2
Shuo Liang E.;En Shuo Liang;WTA;3
Shymanovich I.;Iryna Shymanovich;WTA;2
Sibai J.;Jizelle Sibai;WTA;2
Sidorova K.;Kristiana Sidorova;WTA;2
Sieg M.;Madison Sieg;WTA;2
Siegemund L.;Laura Siegemund;WTA;2
Sierra S.;Solana Sierra;WTA;2
Silva J.;Johanna Silva;WTA;2
Simes A.;Ashleigh Simes;WTA;2
Simion O. G.;Oana Georgeta Simion;WTA;3
Simionescu D. I.;Diana Ioana Simionescu;WTA;3
Sinclair Rogers A.;Anna Sinclair Rogers;WTA;3
Singh Rao S.;Sandeepti Singh Rao;WTA;3
Siniakova K.;Katerina Siniakova;WTA;2
Siskova A.;Anna Siskova;WTA;2
Skliar P.;Polina Skliar;WTA;2
Skoog I.;Isabel Skoog;WTA;2
Skopintseva P.;Polina Skopintseva;WTA;2
Slama M.;Mia Slama;WTA;2
Slavikova E.;Emma Slavikova;WTA;2
Smirnova K.;Ksenia Smirnova;WTA;2
Smith E. W.;Emily Webley Smith;WTA;3
Smith R.;Rachael Smith;WTA;2
Smith T. N.;Tina Nadine Smith;WTA;3
Snells J.;Jamilah Snells;WTA;2
Snigireva A.;Anna Snigireva;WTA;2
Snigur D.;Daria Snigur;WTA;2
Soboleva A.;Anastasiya Soboleva;WTA;2
Sofia Sanchez A.;Ana Sofia Sanchez;WTA;3
Sohns M.;Margaret Sohns;WTA;2
Soke D.;Duru Soke;WTA;2
Solakov L.;Leticia Solakov;WTA;2
Solar Donoso L.;Lorena Solar Donoso;WTA;3
Sonmez Z.;Zeynep Sonmez;WTA;2
Sonobe W.;Wakana Sonobe;WTA;2
Soriano Santiago M.;Marta Soriano Santiago;WTA;3
Sorribes Tormo S.;Sara Sorribes Tormo;WTA;3
Soto Neira A.;Agustina Soto Neira;WTA;3
Sousa Salazar N.;Natalia Sousa Salazar;WTA;3
Souza M.;Marjorie Souza;WTA;2
Sozaonova N.;Nina Sozaonova;WTA;2
Spasova B.;Beatris Spasova;WTA;2
Spink I.;Indianna Spink;WTA;2
Spiteri D.;Dalila Spiteri;WTA;2
Squarcialupi G.;Gaia Squarcialupi;WTA;2
Sramkova R.;Rebecca Sramkova;WTA;2
Sramkova T.;Tamara Sramkova;WTA;2
Stagno B.;Beatrice Stagno;WTA;2
Stakusic M.;Marina Stakusic;WTA;2
Stamatova J.;Julia Stamatova;WTA;2
Stankiewicz M.;Monika Stankiewicz;WTA;2
Stankovic A.;Anja Stankovic;WTA;2
Starodubtseva Y.;Yuliia Starodubtseva;WTA;2
Stearns P.;Peyton Stearns;WTA;2
Stefanini L.;Lucrezia Stefanini;WTA;2
Stefano S. D.;Samira De Stefano;WTA;3
Steiner V.;Valentina Steiner;WTA;2
Stephens S.;Sloane Stephens;WTA;2
Stevic H.;Helena Stevic;WTA;2
Stoiana M.;Mary Stoiana;WTA;2
Stoiber R. A.;Ranah Akua Stoiber;WTA;3
Stojsavljevic M.;Mika Stojsavljevic;WTA;2
Stoyanov A.;Antonia Stoyanov;WTA;2
Strakhova V.;Valeriya Strakhova;WTA;2
Straszewska B.;Barbara Straszewska;WTA;2
Struplova J.;Julie Struplova;WTA;2
Stusek J.;Julia Stusek;WTA;2
Su Jeong U.;Ui Su Jeong;WTA;3
Subasic A.;Alana Subasic;WTA;2
Sucha A.;Amy Sucha;WTA;2
Sun L.;Lulu Sun;WTA;2
Sun X.;Xinran Sun;WTA;2
Sun Y.;Yingqun Sun;WTA;2
Supova K.;Kali Supova;WTA;2
Sushkova A.;Antonina Sushkova;WTA;2
Suslova S.;Sofiia Suslova;WTA;2
Suvirdjonkova D.;Darja Suvirdjonkova;WTA;2
Suzuki N.;Nagisa Suzuki;WTA;2
Svatikova L.;Laura Svatikova;WTA;2
Svendsen J. C.;Johanne Christine Svendsen;WTA;3
Svitolina E.;Elina Svitolina;WTA;2
Swan K.;Katie Swan;WTA;2
Swiatek I.;Iga Swiatek;WTA;2
Sycamore A. M.;Ava Monet Sycamore;WTA;3
Sysoeva A.;Anastasia Sysoeva;WTA;2
Szabo B.;Briana Szabo;WTA;2
Sziedat F.;Franziska Sziedat;WTA;2
Szostak M.;Marine Szostak;WTA;2
Taborda M. C.;Martina Capurro Taborda;WTA;3
Tabunshchyk A.;Anna Tabunshchyk;WTA;2
Tagger L.;Lilli Tagger;WTA;2
Tamura K.;Kurumi Tamura;WTA;2
Tan H.;Harmony Tan;WTA;2
Tan L. N.;Lucie Nguyen Tan;WTA;3
Tanasie L.;Lavinia Tanasie;WTA;2
Tang Q.;Qianhui Tang;WTA;2
Tanguilig C.;Carson Tanguilig;WTA;2
Taraba Wallberg N.;Nellie Taraba Wallberg;WTA;3
Tararudee L.;Lanlana Tararudee;WTA;2
Tauson C.;Clara Tauson;WTA;2
Taylor L.;Lily Taylor;WTA;2
Teichmann J.;Jil Teichmann;WTA;2
Teixido Garcia M.;Meritxell Teixido Garcia;WTA;3
Teodora Cadar E.;Elena Teodora Cadar;WTA;3
Thamm M.;Mariella Thamm;WTA;2
Thandi K.;Karman Thandi;WTA;2
Thomas Iglesias L.;Lena Thomas Iglesias;WTA;3
Thompson B.;Belle Thompson;WTA;2
Tian Deng T.;Tiana Tian Deng;WTA;3
Tian F.;Fangran Tian;WTA;2
Tian N.;Niehua Tian;WTA;2
Tichackova E.;Eliska Tichackova;WTA;2
Tig P. M.;Patricia Maria Tig;WTA;3
Tiglea C. E.;Cristina Elena Tiglea;WTA;3
Tikhonova A.;Anastasia Tikhonova;WTA;2
Timofeeva M.;Maria Timofeeva;WTA;2
Tjen J.;Janice Tjen;WTA;2
Tkachenko A.;Adriana Tkachenko;WTA;2
Tkacheva M.;Mariia Tkacheva;WTA;2
Todoni A. A.;Anca Alexia Todoni;WTA;3
Todoni C. N.;Cristiana Nicoleta Todoni;WTA;3
Toma M.;Maria Toma;WTA;2
Tomai C.;Carla Tomai;WTA;2
Tomase E.;Elza Tomase;WTA;2
Tomljanovic A.;Ajla Tomljanovic;WTA;2
Tomova V.;Viktoriya Tomova;WTA;2
Tona M.;Miriana Tona;WTA;2
Topalova G.;Gergana Topalova;WTA;2
Tormo S. S.;Sara Sorribes Tormo;WTA;3
Torner Sensano N.;Neus Torner Sensano;WTA;3
Toth A. K.;Amarissa Kiara Toth;WTA;3
Townsend T.;Taylor Townsend;WTA;2
Tran D.;Demi Tran;WTA;2
Tran L.;Lian Tran;WTA;2
Trevisan F.;Federica Trevisan;WTA;2
Trevisan M.;Martina Trevisan;WTA;2
Triquart S.;Sophie Triquart;WTA;2
Trynkina A.;Alina Trynkina;WTA;2
Tsao C. Y.;Chia Yi Tsao;WTA;3
Tse E.;Elyse Tse;WTA;2
Tsetsou E.;Eleni Tsetsou;WTA;2
Tsujioka S.;Shiho Tsujioka;WTA;2
Tsygourova K.;Katerina Tsygourova;WTA;2
Tubello A.;Alice Tubello;WTA;2
Tucakovic S.;Suana Tucakovic;WTA;2
Tupitsyna E.;Ekaterina Tupitsyna;WTA;2
Turini V.;Viola Turini;WTA;2
Turkmen D.;Doga Turkmen;WTA;2
Uchijima M.;Moyuka Uchijima;WTA;2
Udvardy L.;Luca Udvardy;WTA;2
Udvardy P.;Panna Udvardy;WTA;2
Uebelhoer C.;Caroline Uebelhoer;WTA;2
Uemura M.;Mutsumi Uemura;WTA;2
Ulrich Z.;Zoe Ulrich;WTA;2
Urbanova L.;Lucie Urbanova;WTA;2
Urgesi F.;Federica Urgesi;WTA;2
Urhobo A.;Akasha Urhobo;WTA;2
Urrutia M. F.;Maria Florencia Urrutia;WTA;3
Urso A.;Aurora Urso;WTA;2
Usui K.;Kaede Usui;WTA;2
Vagramov A.;Alexandra Vagramov;WTA;2
Vaissaud D.;Dune Vaissaud;WTA;2
Valdmannova V.;Vendula Valdmannova;WTA;2
Valente D.;Denise Valente;WTA;2
Valentova T.;Tereza Valentova;WTA;2
Van Emst S.;Sarah Van Emst;WTA;3
Van Impe A.;Amelie Van Impe;WTA;3
Van Poppel E.;Emma Van Poppel;WTA;3
Van Zonneveld C.;Charlotte Van Zonneveld;WTA;3
Van Zyl J.;Jahnie Van Zyl;WTA;3
Van Zyl M.;Marilouise Van Zyl;WTA;3
Vancea G. M.;Gabriela Maria Vancea;WTA;3
Vandewinkel H.;Hanne Vandewinkel;WTA;2
Vandromme J.;Jeline Vandromme;WTA;2
Vaquero M. M.;Maria Martinez Vaquero;WTA;3
Varaksina A.;Arina Varaksina;WTA;2
Vargova N.;Nina Vargova;WTA;2
Vasilescu A. G.;Arina Gabriela Vasilescu;WTA;3
Vasileva A.;Alisa Vasileva;WTA;2
Vasilyeva A.;Alexandra Vasilyeva;WTA;2
Vazquez C.;Candela Vazquez;WTA;2
Vedder E.;Eva Vedder;WTA;2
Vekic D.;Donna Vekic;WTA;2
Veldman K.;Klara Veldman;WTA;2
Veleva V.;Viktoria Veleva;WTA;2
Velikova D.;Darya Velikova;WTA;2
Vergara Rivera A.;Antonia Vergara Rivera;WTA;3
Vickery S.;Sachia Vickery;WTA;2
Victoria Balan S.;Sara Victoria Balan;WTA;3
Victoria Rennert J.;Julia Victoria Rennert;WTA;3
Vidal L. G.;Leticia Garcia Vidal;WTA;3
Vidmanova D.;Darja Vidmanova;WTA;2
Vig S.;Saumya Vig;WTA;2
Vilar R. G.;Raquel Gonzalez Vilar;WTA;3
Villet M.;Marie Villet;WTA;2
Virc L.;Lana Virc;WTA;2
Vismane D.;Daniela Vismane;WTA;2
Visscher S. J.;Stephanie Judith Visscher;WTA;3
Vladson L.;Laima Vladson;WTA;2
Vlajic T.;Teodora Vlajic;WTA;2
Vlasselaer C.;Clara Vlasselaer;WTA;2
Vlckova K.;Karolina Vlckova;WTA;2
Vogt M.;Marie Vogt;WTA;2
Vojcinakova I.;Ingrid Vojcinakova;WTA;2
Voloshchuk A.;Angelina Voloshchuk;WTA;2
Volynets K.;Katie Volynets;WTA;2
Von Deichmann K.;Kathinka Von Deichmann;WTA;3
Vondrousova M.;Marketa Vondrousova;WTA;2
Voracek E. M.;Eva Marie Voracek;WTA;3
Vozniak K.;Khrystyna Vozniak;WTA;2
Vrancken Peeters A.;Anouck Vrancken Peeters;WTA;3
Vujovic L.;Luna Vujovic;WTA;2
Vukovic D.;Draginja Vukovic;WTA;2
Wainwright M.;Mia Wainwright;WTA;2
Walker B.;Brandy Walker;WTA;2
Wallberg N. T.;Nellie Taraba Wallberg;WTA;3
Waltert S.;Simona Waltert;WTA;2
Wan E.;Elsa Wan;WTA;2
Wan I. W.;I Wen Wan;WTA;3
Wang M.;Meiling Wang;WTA;2
Wang X.;Xiyu Wang;WTA;2
Wang X. Y.;Xin Yu Wang;WTA;3
Watson H.;Heather Watson;WTA;2
Wawrzkiewicz I.;Inka Wawrzkiewicz;WTA;2
Webb S.;Stefani Webb;WTA;2
Webley Smith E.;Emily Webley Smith;WTA;3
Weckerle M.;Marie Weckerle;WTA;2
Wei S.;Sijia Wei;WTA;2
Wei Z. Q.;Zhang Qian Wei;WTA;3
Wen Wan I.;I Wen Wan;WTA;3
Wiersholm K.;Katja Wiersholm;WTA;2
Wilda Hennemann C.;Caijsa Wilda Hennemann;WTA;3
Wildgruber A.;Anja Wildgruber;WTA;2
Williams S.;Serena Williams;WTA;2
Williams V.;Venus Williams;WTA;2
Wilson E.;Emma Wilson;WTA;2
Wirges A.;Angelina Wirges;WTA;2
Wobker I.;Ida Wobker;WTA;2
Wolff V.;Vivian Wolff;WTA;2
Wong Chong E.;Eudice Wong Chong;WTA;3
Wong I.;Isabella Wong;WTA;2
Woo Ku Y.;Yeon Woo Ku;WTA;3
Wu H. C.;Ho Ching Wu;WTA;3
Wu R. X.;Ru Xi Wu;WTA;3
Wurth T.;Tara Wurth;WTA;2
Xi Wu R.;Ru Xi Wu;WTA;3
Xiao L.;Lexue Xiao;WTA;2
Xin Ma Y.;Ye Xin Ma;WTA;3
Xu A.;Annabelle Xu;WTA;2
Xu J.;Jiayu Xu;WTA;2
Xu M.;Mingge Xu;WTA;2
Xu S.;Shilin Xu;WTA;2
Yamaguchi M.;Mei Yamaguchi;WTA;2
Yamalapalli S.;Sahaja Yamalapalli;WTA;2
Yamazaki I.;Ikumi Yamazaki;WTA;2
Yaneva E.;Elizara Yaneva;WTA;2
Yang A.;Anna Yang;WTA;2
Yang Y.;Yidi Yang;WTA;2
Yang Y. Y.;Ya Yi Yang;WTA;3
Yao X.;Xinxin Yao;WTA;2
Yardley S.;Summer Yardley;WTA;2
Yashina E.;Ekaterina Yashina;WTA;2
Yastremska D.;Dayana Yastremska;WTA;2
Ye Q. Y.;Qiu Yu Ye;WTA;3
Ye S.;Shiyu Ye;WTA;2
Yee Chan J.;Jo Yee Chan;WTA;3
Yersh K.;Kseniya Yersh;WTA;2
Yesypchuk D.;Daria Yesypchuk;WTA;2
Yi Chen M.;Meng Yi Chen;WTA;3
Yi Tsao C.;Chia Yi Tsao;WTA;3
Yi Yang Y.;Ya Yi Yang;WTA;3
Ying Shek C.;Cheuk Ying Shek;WTA;3
Yodpetch K.;Kamonwan Yodpetch;WTA;2
Yoruk I.;Ilay Yoruk;WTA;2
Yoshida S.;Sara Yoshida;WTA;2
Yoshimoto N.;Natsuki Yoshimoto;WTA;2
Yoshioka K.;Kisa Yoshioka;WTA;2
You X.;Xiaodi You;WTA;2
Yu W.;Wenfei Yu;WTA;2
Yu Wang X.;Xin Yu Wang;WTA;3
Yu Ye Q.;Qiu Yu Ye;WTA;3
Yuan C.;Chengyiyi Yuan;WTA;2
Yuan Y.;Yue Yuan;WTA;2
Yuldasheva S.;Sevil Yuldasheva;WTA;2
Yun Choi S.;Seo Yun Choi;WTA;3
Yuneva A.;Alina Yuneva;WTA;2
Yushchenko V.;Valeriya Yushchenko;WTA;2
Zaar L.;Lisa Zaar;WTA;2
Zakharova A.;Anastasia Zakharova;WTA;2
Zamarripa A.;Allura Zamarripa;WTA;2
Zamarripa M.;Maribella Zamarripa;WTA;2
Zanolini C.;Camilla Zanolini;WTA;2
Zanotti N. B.;Noelia Bouzo Zanotti;WTA;3
Zantedeschi A.;Aurora Zantedeschi;WTA;2
Zarazua R.;Renata Zarazua;WTA;2
Zavatska K.;Katarina Zavatska;WTA;2
Zaytseva K.;Ksenia Zaytseva;WTA;2
Zeballos N.;Noelia Zeballos;WTA;2
Zeeuw J. D.;Joy De Zeeuw;WTA;3
Zelinskaya D.;Daria Zelinskaya;WTA;2
Zelnickova R.;Radka Zelnickova;WTA;2
Zeltina B.;Beatrise Zeltina;WTA;2
Zhabrailova M.;Milana Zhabrailova;WTA;2
Zhang J.;Junhan Zhang;WTA;2
Zhang R.;Ruien Zhang;WTA;2
Zhang S.;Shuai Zhang;WTA;2
Zhang Y.;Ying Zhang;WTA;2
Zhao C.;Carol Zhao;WTA;2
Zhao X.;Xichen Zhao;WTA;2
Zheng Q.;Qinwen Zheng;WTA;2
Zheng S.;Saisai Zheng;WTA;2
Zheng W.;Wushuang Zheng;WTA;2
Zhenikhova S.;Sonja Zhenikhova;WTA;2
Zhiyenbayeva S.;Sonja Zhiyenbayeva;WTA;2
Zhu A.;Amy Zhu;WTA;2
Zhu C.;Chenting Zhu;WTA;2
Zhu L.;Lin Zhu;WTA;2
Zidansek T.;Tamara Zidansek;WTA;2
Zoldakova D.;Denisa Zoldakova;WTA;2
Zolotareva A.;Anastasia Zolotareva;WTA;2
Zolotareva R.;Rada Zolotareva;WTA;2
Zonneveld C. V.;Charlotte Van Zonneveld;WTA;3
Zoppas L.;Louna Zoppas;WTA;2
Zornada E.;Emily Zornada;WTA;2
Zou R.;Ruirui Zou;WTA;2
Zozaya Menendez E.;Eugenia Zozaya Menendez;WTA;3
Zucchini A.;Arianna Zucchini;WTA;2
Zund S.;Sylvie Zund;WTA;2
Zvonareva V.;Vera Zvonareva;WTA;2
Zyl J. V.;Jahnie Van Zyl;WTA;3
Zyl M. V.;Marilouise Van Zyl;WTA;3
