Player;Tour;Rank;EloRank;Elo;HardEloRank;HardElo;ClayEloRank;ClayElo;GrassEloRank;GrassElo;InRankings;InElo
Jannik Sinner;ATP;1;1;2331.9;1;2269.3;1;2221.8;1;2135.5;True;True
Alexander Zverev;ATP;2;3;2114.5;3;2048.9;3;2058.5;3;1957.4;True;True
Carlos Alcaraz;ATP;3;2;2151.8;2;2078.3;2;2091.6;2;2019.2;True;True
Felix Auger Aliassime;ATP;4;7;1972.8;7;1939.6;12;1871.4;9;1819.4;True;True
Novak Djokovic;ATP;5;4;2075.5;4;2029.8;4;1967.4;4;1946.2;True;True
Alex De Minaur;ATP;6;9;1960.8;8;1935.5;13;1869.2;7;1840.3;True;True
Daniil Medvedev;ATP;7;8;1971.3;5;1959.3;8;1885.9;6;1849.6;True;True
Ben Shelton;ATP;8;12;1939.0;9;1910.9;21;1834.4;8;1833.7;True;True
Flavio Cobolli;ATP;9;21;1898.2;29;1810.6;16;1853.0;16;1779.0;True;True
Taylor Fritz;ATP;10;14;1927.3;20;1847.6;39;1770.0;5;1870.5;True;True
Alexander Bublik;ATP;11;23;1893.8;22;1839.0;24;1825.9;11;1815.6;True;True
Jiri Lehecka;ATP;12;13;1934.6;12;1888.6;22;1832.0;12;1814.3;True;True
Casper Ruud;ATP;13;10;1959.8;15;1877.0;5;1954.0;45;1692.0;True;True
Andrey Rublev;ATP;14;20;1901.6;19;1848.3;10;1881.5;17;1765.8;True;True
Lorenzo Musetti;ATP;15;29;1858.8;31;1793.5;20;1842.6;24;1740.4;True;True
Learner Tien;ATP;16;15;1922.3;11;1894.8;26;1812.0;39;1701.9;True;True
Jakub Mensik;ATP;17;17;1916.9;13;1885.7;15;1853.9;31;1708.7;True;True
Valentin Vacherot;ATP;18;26;1875.1;23;1838.5;40;1766.8;110;1591.5;True;True
Frances Tiafoe;ATP;19;18;1916.3;17;1860.6;23;1826.6;10;1817.0;True;True
Francisco Cerundolo;ATP;20;19;1915.1;16;1872.1;14;1860.4;18;1751.0;True;True
Tommy Paul;ATP;21;11;1943.0;14;1878.5;9;1882.8;13;1795.0;True;True
Arthur Fils;ATP;22;5;2008.9;6;1943.9;6;1949.2;15;1790.7;True;True
Luciano Darderi;ATP;23;31;1843.4;85;1682.7;19;1843.6;92;1625.8;True;True
Rafael Jodar;ATP;24;6;1973.7;18;1860.2;7;1936.4;30;1716.1;True;True
Alejandro Davidovich Fokina;ATP;25;22;1895.2;21;1843.4;27;1810.8;14;1791.4;True;True
Karen Khachanov;ATP;26;34;1831.4;32;1784.5;32;1788.9;25;1730.5;True;True
Joao Fonseca;ATP;27;16;1918.4;10;1909.1;17;1851.7;33;1707.9;True;True
Arthur Rinderknech;ATP;28;66;1773.8;47;1744.5;66;1703.6;55;1665.9;True;True
Ugo Humbert;ATP;29;30;1855.6;24;1837.2;54;1726.0;19;1749.6;True;True
Alejandro Tabilo;ATP;30;59;1784.6;57;1732.6;46;1750.0;74;1645.0;True;True
Tomas Martin Etcheverry;ATP;31;51;1795.9;45;1757.7;42;1756.7;134;1558.4;True;True
Alexander Blockx;ATP;32;24;1884.3;34;1782.5;18;1846.4;52;1678.4;True;True
Brandon Nakashima;ATP;33;36;1827.5;37;1782.0;52;1729.2;23;1741.4;True;True
Ignacio Buse;ATP;34;45;1801.5;112;1651.4;38;1772.3;87;1627.8;True;True
Matteo Arnaldi;ATP;35;48;1797.1;68;1715.9;29;1801.5;103;1599.1;True;True
Zizou Bergs;ATP;36;40;1816.6;43;1761.3;69;1700.8;27;1724.2;True;True
Arthur Fery;ATP;37;42;1812.5;60;1730.4;124;1616.4;28;1722.0;True;True
Raphael Collignon;ATP;38;25;1883.0;25;1831.6;25;1815.6;50;1679.6;True;True
Cameron Norrie;ATP;39;41;1815.5;36;1782.4;35;1781.0;42;1693.0;True;True
Alex Michelsen;ATP;40;33;1833.3;26;1829.9;71;1698.5;35;1704.2;True;True
Matteo Berrettini;ATP;41;32;1840.2;30;1801.8;30;1794.4;20;1746.1;True;True
Jan Lennard Struff;ATP;42;85;1738.9;106;1656.5;78;1683.6;46;1688.5;True;True
Jaume Munar;ATP;43;72;1764.0;49;1742.1;74;1695.2;85;1628.2;True;True
Mariano Navone;ATP;44;53;1793.7;90;1678.6;37;1772.8;150;1545.2;True;True
Yannick Hanfmann;ATP;45;57;1788.0;65;1724.3;48;1749.2;69;1650.5;True;True
Ethan Quinn;ATP;46;52;1794.3;42;1762.3;79;1683.3;40;1695.9;True;True
Adrian Mannarino;ATP;47;126;1675.7;116;1648.5;233;1488.9;71;1648.0;True;True
Luca Van Assche;ATP;48;75;1758.5;73;1710.1;59;1719.5;121;1575.6;True;True
Nuno Borges;ATP;49;70;1768.2;69;1713.7;58;1721.9;60;1656.4;True;True
Juan Manuel Cerundolo;ATP;50;56;1788.8;105;1656.7;41;1763.6;130;1563.6;True;True
Stefanos Tsitsipas;ATP;51;27;1870.3;28;1821.1;11;1877.9;41;1695.8;True;True
Quentin Halys;ATP;52;63;1775.8;71;1711.3;45;1751.5;76;1640.8;True;True
Sebastian Baez;ATP;53;73;1763.3;72;1710.8;50;1730.0;154;1539.5;True;True
Tomas Machac;ATP;54;28;1865.9;27;1829.3;33;1782.8;34;1705.9;True;True
Fabian Marozsan;ATP;55;58;1786.5;46;1747.8;62;1716.8;61;1654.8;True;True
Terence Atmane;ATP;56;113;1697.2;96;1670.4;117;1624.8;159;1536.6;True;True
Corentin Moutet;ATP;57;92;1733.4;66;1721.2;76;1686.4;89;1627.2;True;True
Roman Andres Burruchaga;ATP;58;86;1737.9;168;1558.1;61;1717.8;135;1557.8;True;True
Sebastian Korda;ATP;59;60;1783.6;50;1740.0;99;1644.9;63;1654.0;True;True
Miomir Kecmanovic;ATP;60;78;1753.5;79;1701.5;63;1714.8;82;1630.5;True;True
Daniel Merida Aguilar;ATP;61;47;1798.1;77;1702.8;43;1756.3;108;1595.4;True;True
Daniel Altmaier;ATP;62;94;1730.5;113;1649.8;73;1695.5;106;1595.7;True;True
Martin Landaluce;ATP;63;105;1712.0;93;1677.5;97;1647.1;101;1604.6;True;True
Thiago Agustin Tirante;ATP;64;79;1750.0;120;1640.6;51;1729.6;137;1556.1;True;True
Adolfo Daniel Vallejo;ATP;65;109;1702.6;212;1501.0;80;1682.9;152;1540.1;True;True
Pablo Carreno Busta;ATP;66;55;1790.3;51;1738.9;44;1752.3;105;1598.0;True;True
Tallon Griekspoor;ATP;67;65;1774.1;40;1768.9;60;1718.1;43;1692.9;True;True
Denis Shapovalov;ATP;68;74;1761.8;38;1770.4;87;1671.7;98;1615.6;True;True
Botic Van De Zandschulp;ATP;69;98;1724.2;80;1701.1;86;1672.1;113;1583.8;True;True
Vit Kopriva;ATP;70;106;1710.0;109;1655.4;84;1675.0;114;1581.6;True;True
Hubert Hurkacz;ATP;71;38;1821.6;53;1738.2;36;1773.9;26;1730.1;True;True
Kamil Majchrzak;ATP;72;46;1798.8;52;1738.3;57;1722.5;22;1745.6;True;True
Hamad Medjedovic;ATP;73;39;1821.5;55;1734.6;28;1806.8;78;1638.3;True;True
Alex Molcan;ATP;74;61;1783.0;95;1672.9;47;1749.8;66;1651.4;True;True
Camilo Ugo Carabelli;ATP;75;83;1740.2;126;1632.0;55;1725.3;224;1471.7;True;True
Zachary Svajda;ATP;76;82;1743.3;78;1702.6;139;1601.7;47;1684.1;True;True
Jenson Brooksby;ATP;77;96;1725.6;82;1697.8;119;1623.0;54;1667.9;True;True
Valentin Royer;ATP;78;144;1647.6;147;1588.4;131;1611.4;115;1580.9;True;True
Jaime Faria;ATP;79;68;1770.7;125;1632.9;49;1733.0;44;1692.3;True;True
Lorenzo Sonego;ATP;80;90;1735.1;74;1709.4;100;1644.4;68;1650.7;True;True
Mattia Bellucci;ATP;81;101;1720.3;91;1677.8;132;1609.8;59;1656.5;True;True
Holger Rune;ATP;82;77;1756.9;64;1724.5;53;1728.7;84;1628.4;True;True
James Duckworth;ATP;83;147;1637.4;142;1596.6;150;1577.2;141;1553.1;True;True
Marton Fucsovics;ATP;84;69;1770.5;63;1726.4;75;1693.3;36;1704.1;True;True
Marcos Giron;ATP;85;88;1736.7;70;1713.6;129;1613.2;70;1648.7;True;True
Marin Cilic;ATP;86;49;1796.4;44;1759.5;70;1699.2;21;1746.0;True;True
Giovanni Mpetshi Perricard;ATP;87;97;1725.0;100;1665.5;89;1666.4;79;1636.1;True;True
Jan Choinski;ATP;88;103;1716.4;148;1586.4;82;1679.5;129;1565.5;True;True
Alexander Shevchenko;ATP;89;124;1681.1;115;1648.6;105;1641.5;230;1465.2;True;True
Hugo Gaston;ATP;90;128;1671.1;111;1652.6;120;1621.6;117;1578.1;True;True
Marco Trungelliti;ATP;91;148;1636.2;213;1500.8;116;1628.1;219;1474.0;True;True
Roman Safiullin;ATP;92;43;1804.1;59;1730.7;34;1781.3;29;1720.9;True;True
Rinky Hijikata;ATP;93;91;1734.0;83;1686.9;154;1570.4;62;1654.2;True;True
Sho Shimabukuro;ATP;94;135;1661.3;140;1600.5;214;1504.2;88;1627.7;True;True
Aleksandar Kovacevic;ATP;95;155;1627.7;135;1606.8;164;1558.8;241;1462.1;True;True
Adam Walton;ATP;96;95;1730.2;84;1686.9;170;1556.6;86;1627.9;True;True
Emilio Nava;ATP;97;116;1695.6;130;1616.9;81;1681.8;156;1538.2;True;True
Dino Prizmic;ATP;98;35;1830.8;61;1728.2;31;1792.6;99;1614.1;True;True
Gabriel Diallo;ATP;99;102;1717.1;89;1678.9;114;1629.6;77;1639.6;True;True
Francisco Comesana;ATP;100;129;1667.4;127;1628.1;107;1639.7;165;1524.9;True;True
Benjamin Bonzi;ATP;101;87;1737.7;76;1707.3;125;1616.0;58;1658.1;True;True
Damir Dzumhur;ATP;102;141;1651.0;136;1602.0;123;1616.6;147;1546.5;True;True
Alexei Popyrin;ATP;103;89;1735.5;92;1677.6;56;1723.8;118;1577.3;True;True
Martin Damm;ATP;104;108;1704.9;107;1656.4;188;1534.7;75;1641.9;True;True
Aleksandar Vukic;ATP;105;140;1653.1;124;1634.0;198;1527.0;123;1573.7;True;True
Jesper De Jong;ATP;106;112;1698.0;138;1600.6;85;1675.0;149;1545.7;True;True
Facundo Diaz Acosta;ATP;107;125;1680.3;190;1533.0;88;1668.1;232;1464.8;True;True
Coleman Wong;ATP;108;192;1574.6;160;1568.4;265;1453.0;271;1443.0;True;True
Eliot Spizzirri;ATP;109;50;1796.1;41;1765.0;145;1584.1;83;1630.0;True;True
Jacob Fearnley;ATP;110;93;1732.9;99;1665.7;90;1664.7;48;1682.4;True;True
Bu Yunchaokete;ATP;111;120;1690.8;117;1645.5;140;1599.3;107;1595.7;True;True
Toby Samuel;ATP;112;62;1778.0;39;1769.1;95;1651.7;109;1593.2;True;True
Patrick Kypson;ATP;113;142;1648.4;131;1615.1;165;1558.7;171;1517.5;True;True
Shintaro Mochizuki;ATP;114;186;1585.6;218;1498.7;238;1487.9;94;1623.3;True;True
Otto Virtanen;ATP;115;99;1721.7;86;1682.1;151;1572.1;38;1703.6;True;True
Dalibor Svrcina;ATP;116;158;1620.7;132;1614.8;163;1561.4;231;1465.2;True;True
Yibing Wu;ATP;117;111;1699.3;75;1708.2;96;1648.4;213;1479.1;True;True
Michael Zheng;ATP;118;64;1774.3;67;1716.2;126;1615.8;53;1671.1;True;True
Titouan Droguet;ATP;119;84;1739.0;102;1661.0;64;1712.0;91;1626.5;True;True
Kyrian Jacquet;ATP;120;118;1691.6;98;1666.2;143;1592.0;56;1663.2;True;True
Dane Sweeny;ATP;121;279;1490.5;266;1447.6;438;1302.1;226;1469.2;True;True
Zsombor Piros;ATP;122;110;1701.3;114;1649.4;83;1676.0;126;1570.7;True;True
Henrique Rocha;ATP;123;161;1617.7;178;1545.3;128;1614.1;227;1468.9;True;True
Sebastian Ofner;ATP;124;119;1691.0;119;1643.6;94;1651.7;95;1623.0;True;True
Stan Wawrinka;ATP;125;134;1661.4;108;1655.5;142;1597.3;122;1574.8;True;True
Christopher Oconnell;ATP;126;127;1673.2;104;1656.9;156;1569.1;97;1616.7;True;True
Arthur Gea;ATP;127;149;1632.7;122;1635.5;183;1539.0;142;1551.7;True;True
Vilius Gaubas;ATP;128;171;1603.8;158;1570.9;182;1544.1;112;1589.6;True;True
Pablo Llamas Ruiz;ATP;129;107;1709.4;141;1599.3;65;1708.4;138;1555.7;True;True
Leandro Riedi;ATP;130;117;1693.1;94;1675.3;141;1598.6;93;1625.8;True;True
Nicolas Mejia;ATP;131;190;1578.6;241;1474.6;159;1565.5;131;1562.7;True;True
Alexandre Muller;ATP;132;146;1643.9;129;1620.0;134;1607.4;193;1499.5;True;True
Nikoloz Basilashvili;ATP;133;156;1625.6;149;1585.4;144;1585.0;127;1570.0;True;True
Gustavo Heide;ATP;134;136;1656.4;205;1516.3;103;1642.2;194;1497.8;True;True
Reilly Opelka;ATP;135;80;1748.9;56;1733.8;101;1644.0;81;1634.6;True;True
Jurij Rodionov;ATP;136;163;1617.0;155;1574.4;155;1569.9;125;1572.0;True;True
Andrea Pellegrino;ATP;137;145;1645.5;324;1407.7;115;1628.5;262;1447.6;True;True
Tomas Barrios Vera;ATP;138;200;1567.3;193;1528.5;191;1533.5;158;1538.0;True;True
Cristian Garin;ATP;139;130;1666.9;157;1572.1;92;1658.7;96;1617.3;True;True
Grigor Dimitrov;ATP;140;76;1758.1;48;1742.9;93;1656.4;49;1681.2;True;True
Arthur Cazaux;ATP;141;54;1792.9;54;1737.6;68;1702.8;57;1658.7;True;True
Stefano Travaglia;ATP;142;194;1573.9;182;1540.8;190;1534.4;235;1463.3;True;True
Hugo Dellien;ATP;143;150;1632.3;234;1483.2;121;1621.3;228;1468.7;True;True
Nicolai Budkov Kjaer;ATP;144;185;1586.0;151;1580.8;184;1537.9;189;1505.3;True;True
Mackenzie Mcdonald;ATP;145;159;1618.3;134;1610.5;242;1479.7;140;1553.6;True;True
Nishesh Basavareddy;ATP;146;100;1721.5;87;1680.5;111;1634.2;151;1544.1;True;True
Jack Draper;ATP;147;37;1822.3;35;1782.5;72;1696.6;37;1704.0;True;True
Pedro Martinez;ATP;148;188;1583.4;171;1553.9;162;1561.8;259;1448.8;True;True
Francesco Maestrelli;ATP;149;269;1497.1;191;1530.4;283;1437.9;441;1362.6;True;True
Timofey Skatov;ATP;150;212;1555.2;232;1485.0;186;1535.5;170;1519.0;True;True
Moez Echargui;ATP;151;355;1431.8;329;1403.4;384;1350.3;306;1427.2;True;True
Dusan Lajovic;ATP;152;160;1618.3;169;1557.7;147;1581.9;184;1507.8;True;True
Chris Rodesch;ATP;153;137;1656.3;101;1662.4;168;1557.4;132;1560.1;True;True
Zdenek Kolar;ATP;154;287;1484.0;306;1420.4;255;1464.8;323;1418.4;True;True
Stefanos Sakellaridis;ATP;155;151;1632.0;161;1566.7;130;1612.3;133;1558.7;True;True
Zhizhen Zhang;ATP;156;153;1630.0;144;1595.8;135;1607.3;104;1598.4;True;True
Juan Carlos Prado Angelo;ATP;157;226;1544.2;330;1402.7;196;1528.7;252;1456.1;True;True
Soon Woo Kwon;ATP;158;71;1768.1;62;1727.5;109;1637.2;64;1653.7;True;True
Clement Tabur;ATP;159;172;1602.0;159;1570.4;175;1549.8;164;1530.6;True;True
Gonzalo Bueno;ATP;160;283;1487.7;436;1312.4;248;1472.6;337;1411.8;True;True
Tristan Schoolkate;ATP;161;230;1541.1;215;1500.6;263;1454.9;161;1533.3;True;True
Tristan Boyer;ATP;162;166;1609.6;174;1549.8;157;1568.8;186;1506.9;True;True
Billy Harris;ATP;163;233;1537.7;237;1480.8;347;1377.9;139;1554.7;True;True
Borna Gojo;ATP;164;132;1663.2;118;1644.2;112;1632.1;218;1474.8;True;True
Luca Nardi;ATP;165;197;1573.4;162;1566.0;201;1520.0;308;1426.9;True;True
Rei Sakamoto;ATP;166;183;1586.4;163;1565.7;211;1507.0;196;1497.4;True;True
Alexis Galarneau;ATP;167;167;1607.2;170;1556.7;228;1491.8;124;1573.7;True;True
Alex Bolt;ATP;168;193;1574.2;188;1533.8;313;1411.1;143;1549.9;True;True
Daniil Glinka;ATP;169;353;1435.1;263;1450.8;317;1409.3;421;1370.1;True;True
Gauthier Onclin;ATP;170;220;1549.2;181;1543.1;225;1493.0;199;1495.7;True;True
Bernard Tomic;ATP;171;244;1523.5;226;1489.6;270;1444.7;175;1514.7;True;True
Jack Pinnington Jones;ATP;172;218;1550.4;180;1544.1;292;1429.9;167;1522.2;True;True
Lukas Neumayer;ATP;173;196;1573.8;257;1456.7;171;1554.5;322;1418.4;True;True
Marco Cecchinato;ATP;174;178;1594.9;259;1455.7;153;1570.9;279;1438.5;True;True
Ugo Blanchet;ATP;175;249;1521.3;177;1546.1;277;1440.0;352;1404.4;True;True
Roberto Carballes Baena;ATP;176;175;1599.2;154;1576.0;148;1581.7;202;1493.2;True;True
Max Alcala Gurri;ATP;177;189;1581.2;345;1387.9;161;1563.7;205;1490.6;True;True
Luka Mikrut;ATP;178;198;1573.3;286;1431.4;136;1606.6;256;1450.4;True;True
Remy Bertola;ATP;179;235;1533.1;239;1476.9;257;1460.4;182;1509.0;True;True
Roberto Bautista Agut;ATP;180;114;1696.9;97;1666.5;108;1638.0;73;1645.6;True;True
Federico Cina;ATP;181;187;1585.3;165;1560.8;178;1547.6;206;1490.3;True;True
Lloyd Harris;ATP;182;133;1662.5;121;1638.4;160;1564.7;100;1606.5;True;True
Joel Schwaerzler;ATP;183;259;1512.0;230;1487.0;247;1474.6;280;1438.2;True;True
Colton Smith;ATP;184;181;1587.9;166;1560.0;241;1481.2;145;1549.2;True;True
Taro Daniel;ATP;185;174;1599.7;194;1528.1;149;1577.5;195;1497.5;True;True
Tom Gentzsch;ATP;186;205;1564.0;222;1491.4;179;1546.4;212;1479.2;True;True
Michael Mmoh;ATP;187;180;1589.0;152;1580.3;222;1496.2;215;1475.8;True;True
David Jorda Sanchis;ATP;188;273;1494.6;442;1309.1;226;1492.5;344;1408.4;True;True
Mark Lajal;ATP;189;164;1616.6;145;1594.1;217;1498.9;168;1522.0;True;True
Elmer Moller;ATP;190;201;1567.2;250;1463.1;176;1548.9;178;1512.7;True;True
Federico Agustin Gomez;ATP;191;289;1481.4;305;1420.8;260;1457.8;327;1416.7;True;True
Vitaliy Sachko;ATP;192;208;1560.8;249;1463.6;193;1533.1;319;1420.4;True;True
Yoshihito Nishioka;ATP;193;121;1688.7;103;1659.2;122;1618.3;153;1539.9;True;True
Jerome Kym;ATP;194;162;1617.2;139;1600.5;174;1552.9;146;1548.5;True;True
Guy Den Ouden;ATP;195;191;1576.6;352;1379.1;152;1571.2;293;1431.1;True;True
Lautaro Midon;ATP;196;214;1552.6;247;1464.6;185;1535.8;268;1443.3;True;True
Diego Dedura Palomero;ATP;197;139;1654.0;331;1402.5;110;1634.8;207;1489.9;True;True
Gianluca Cadenasso;ATP;198;248;1521.7;359;1370.9;221;1496.8;296;1430.3;True;True
Keegan Smith;ATP;199;297;1470.2;289;1430.7;331;1391.0;290;1432.0;True;True
Genaro Alberto Olivieri;ATP;200;335;1451.6;409;1335.0;291;1432.0;498;1326.2;True;True
Lorenzo Giustino;ATP;201;337;1450.6;273;1440.9;322;1404.4;501;1321.3;True;True
Liam Broady;ATP;202;203;1566.2;179;1544.2;245;1476.5;190;1505.2;True;True
Elias Ymer;ATP;203;216;1550.6;192;1528.6;224;1493.4;188;1505.9;True;True
Clement Chidekh;ATP;204;247;1521.8;195;1527.2;358;1367.6;201;1495.1;True;True
Harry Wendelken;ATP;205;236;1532.8;172;1550.6;400;1339.8;263;1446.9;True;True
Thiago Seyboth Wild;ATP;206;202;1566.8;189;1533.4;177;1548.7;200;1495.5;True;True
Daniel Rincon;ATP;207;177;1595.0;173;1550.5;167;1557.5;348;1407.8;True;True
Luka Pavlovic;ATP;208;209;1557.8;185;1535.0;236;1488.1;176;1514.5;True;True
Pol Martin Tiffon;ATP;209;231;1540.6;186;1534.5;240;1482.9;254;1451.5;True;True
Laslo Djere;ATP;210;115;1696.8;133;1612.9;67;1703.6;128;1565.9;True;True
Liam Draxl;ATP;211;170;1605.2;150;1584.3;213;1505.6;261;1448.0;True;True
Rio Noguchi;ATP;212;261;1510.3;214;1500.7;449;1297.0;465;1350.2;True;True
Moise Kouame;ATP;213;254;1516.0;201;1523.1;346;1378.5;247;1458.0;True;True
Henri Squire;ATP;214;253;1517.6;251;1462.6;232;1489.8;438;1363.0;True;True
Andrea Guerrieri;ATP;215;221;1549.2;339;1395.6;210;1508.4;192;1500.6;True;True
Nikolas Sanchez Izquierdo;ATP;216;238;1532.3;432;1317.0;212;1505.8;274;1440.6;True;True
Henry Searle;ATP;217;154;1627.8;252;1462.2;290;1432.0;72;1647.3;True;True
Kimmer Coppejans;ATP;218;206;1563.9;238;1479.2;187;1535.2;214;1476.9;True;True
Felix Gill;ATP;219;268;1497.6;211;1502.9;302;1423.7;338;1411.4;True;True
Francesco Passaro;ATP;220;219;1549.8;183;1540.4;197;1528.7;292;1431.3;True;True
Alejandro Moro Canas;ATP;221;223;1546.8;202;1522.2;223;1493.7;173;1515.9;True;True
Yu Hsiou Hsu;ATP;222;264;1503.7;229;1488.5;309;1414.3;437;1363.1;True;True
Guido Ivan Justo;ATP;223;302;1466.7;429;1319.0;267;1449.3;286;1433.4;True;True
Dan Added;ATP;224;384;1406.8;341;1391.3;468;1279.8;423;1369.3;True;True
Franco Roncadelli;ATP;225;322;1456.6;373;1357.2;269;1445.9;397;1385.2;True;True
Darwin Blanch;ATP;226;267;1501.8;277;1437.8;251;1468.7;233;1464.7;True;True
August Holmgren;ATP;227;207;1561.5;198;1525.4;229;1490.6;148;1546.5;True;True
Oliver Crawford;ATP;228;307;1461.9;267;1446.3;338;1382.1;257;1450.2;True;True
Stefano Napolitano;ATP;229;256;1514.3;264;1449.6;207;1509.5;242;1462.1;True;True
Gilles Arnaud Bailly;ATP;230;369;1424.2;287;1431.1;332;1388.0;324;1418.1;True;True
Giulio Zeppieri;ATP;231;157;1621.9;146;1589.0;158;1565.7;116;1578.9;True;True
Hugo Grenier;ATP;232;239;1531.1;207;1508.7;324;1401.7;276;1440.1;True;True
Maks Kasnikowski;ATP;233;258;1512.4;298;1424.8;209;1509.1;187;1506.2;True;True
Braden Shick;ATP;234;280;1490.3;225;1489.7;353;1372.0;313;1424.5;True;True
Frederico Ferreira Silva;ATP;235;360;1430.2;254;1459.3;352;1372.2;332;1413.5;True;True
Raul Brancaccio;ATP;236;290;1480.5;313;1415.9;261;1456.5;377;1389.4;True;True
Jay Clarke;ATP;237;359;1430.3;326;1406.8;336;1383.1;491;1331.9;True;True
James Mccabe;ATP;238;291;1478.9;272;1441.0;447;1298.0;220;1473.9;True;True
Yi Zhou;ATP;239;317;1457.8;283;1434.4;444;1299.8;217;1475.0;True;True
Marc Andrea Huesler;ATP;240;232;1539.7;208;1507.4;200;1520.1;216;1475.0;True;True
Max Houkes;ATP;241;288;1483.8;433;1316.5;249;1471.3;407;1378.5;True;True
Kilian Feldbausch;ATP;242;131;1664.8;297;1425.3;98;1645.1;162;1532.4;True;True
Pavel Kotov;ATP;243;176;1596.6;137;1600.8;195;1528.7;191;1502.3;True;True
Andrej Nedic;ATP;244;274;1492.9;304;1421.1;246;1476.5;197;1496.5;True;True
Pierre Hugues Herbert;ATP;245;199;1571.4;167;1558.8;219;1497.8;160;1534.0;True;True
Sumit Nagal;ATP;246;251;1519.2;248;1464.1;208;1509.2;371;1392.1;True;True
Florent Bax;ATP;247;399;1386.7;351;1379.3;373;1356.3;419;1370.8;True;True
Andre Ilagan;ATP;248;278;1490.6;245;1466.1;374;1355.3;289;1432.6;True;True
Felix Balshaw;ATP;249;257;1512.7;353;1378.3;230;1490.4;251;1456.3;True;True
Edas Butvilas;ATP;250;296;1470.5;253;1462.2;301;1424.1;373;1391.4;True;True
Buvaysar Gadamauri;ATP;251;292;1478.3;300;1423.9;279;1439.5;278;1439.1;True;True
Matias Soto;ATP;252;341;1447.2;408;1335.5;281;1438.8;315;1423.6;True;True
Giles Hussey;ATP;253;229;1542.8;240;1476.5;340;1381.4;204;1491.9;True;True
Kaichi Uchida;ATP;254;468;1325.6;445;1305.8;463;1284.1;493;1331.4;True;True
Harold Mayot;ATP;255;227;1543.3;187;1534.2;206;1509.7;209;1486.5;True;True
Pedro Boscardin Dias;ATP;256;351;1435.4;494;1250.0;318;1408.2;360;1399.6;True;True
Max Basing;ATP;257;342;1446.5;434;1314.5;405;1333.2;183;1508.0;True;True
Matej Dodig;ATP;258;245;1523.5;276;1438.0;220;1496.8;245;1460.9;True;True
Joao Lucas Reis Da Silva;ATP;259;338;1449.2;399;1341.0;288;1435.3;383;1388.2;True;True
Chun Hsin Tseng;ATP;260;240;1529.7;235;1482.8;203;1518.4;411;1375.9;True;True
Martin Krumich;ATP;261;313;1459.5;370;1360.6;298;1427.1;297;1429.7;True;True
Andres Andrade;ATP;262;300;1467.3;323;1407.9;262;1455.1;335;1412.4;True;True
Cezar Cretu;ATP;263;357;1431.1;334;1401.0;325;1400.8;329;1415.6;True;True
Alex Barrena;ATP;264;407;1382.1;483;1259.2;370;1357.2;439;1362.7;True;True
Franco Agamenone;ATP;265;366;1425.7;414;1332.5;320;1404.8;478;1341.8;True;True
Alastair Gray;ATP;266;428;1368.5;420;1328.2;451;1294.3;396;1385.8;True;True
Michele Ribecai;ATP;267;485;1306.1;488;1255.3;457;1288.2;458;1353.0;True;True
Hynek Barton;ATP;268;225;1545.2;219;1496.9;205;1515.0;223;1472.6;True;True
Abedallah Shelbayh;ATP;269;348;1437.8;271;1441.5;433;1309.8;266;1445.0;True;True
Juncheng Shang;ATP;270;81;1745.8;81;1698.4;106;1640.2;67;1650.8;True;True
Stefan Dostanic;ATP;271;286;1485.4;221;1491.5;327;1399.5;272;1442.7;True;True
Inaki Montes De La Torre;ATP;272;255;1515.2;231;1486.7;254;1467.7;249;1457.6;True;True
Juan Pablo Ficovich;ATP;273;443;1352.4;387;1347.6;381;1352.1;487;1333.6;True;True
Juan Pablo Varillas;ATP;274;334;1451.6;366;1362.6;278;1439.7;457;1353.9;True;True
Nick Hardt;ATP;275;326;1455.1;328;1404.6;276;1440.0;300;1429.3;True;True
Juan Bautista Torres;ATP;276;413;1377.5;461;1290.8;363;1364.4;379;1388.7;True;True
Alvaro Guillen Meza;ATP;277;386;1402.9;505;1238.6;351;1372.8;404;1381.4;True;True
David Goffin;ATP;278;138;1654.1;128;1620.1;113;1631.9;90;1626.7;True;True
Filip Cristian Jianu;ATP;279;429;1368.5;457;1296.1;390;1346.7;484;1337.0;True;True
Matteo Martineau;ATP;280;364;1426.2;307;1420.2;399;1340.7;365;1395.3;True;True
Petr Bar Biryukov;ATP;281;385;1403.0;317;1412.1;416;1319.6;443;1361.6;True;True
Juan Manuel La Serna;ATP;282;358;1430.4;378;1355.7;306;1415.3;330;1415.2;True;True
Charles Broom;ATP;283;304;1464.8;261;1454.1;427;1313.1;331;1413.9;True;True
Florian Broska;ATP;284;195;1573.9;282;1435.6;180;1545.9;208;1487.0;True;True
Murphy Cassone;ATP;285;311;1460.3;284;1433.3;404;1334.2;366;1395.0;True;True
Sandro Kopp;ATP;286;314;1459.2;401;1339.9;272;1443.9;298;1429.6;True;True
Yanki Erel;ATP;287;439;1354.9;392;1344.6;477;1263.7;448;1360.1;True;True
Akira Santillan;ATP;288;396;1387.5;361;1369.2;412;1327.3;459;1352.4;True;True
Miguel Damas;ATP;289;368;1425.3;397;1342.4;328;1397.9;334;1412.7;True;True
Daniel Elahi Galan;ATP;290;252;1518.0;223;1491.0;244;1478.0;210;1486.0;True;True
Federico Bondioli;ATP;291;266;1502.0;447;1304.1;237;1488.1;336;1412.3;True;True
Stefan Kozlov;ATP;292;373;1418.3;344;1389.5;330;1391.9;343;1408.9;True;True
Justin Engel;ATP;293;379;1411.4;320;1410.5;418;1317.8;284;1434.8;True;True
Ilia Simakin;ATP;294;333;1451.6;217;1499.0;437;1303.8;310;1425.8;True;True
Philip Henning;ATP;295;276;1492.4;216;1500.0;305;1417.7;198;1496.2;True;True
Igor Ribeiro Marcondes;ATP;296;275;1492.5;310;1417.0;234;1488.5;328;1415.7;True;True
Matheus Pucinelli De Almeida;ATP;297;303;1465.0;455;1296.8;264;1453.9;287;1433.4;True;True
Mert Alkaya;ATP;298;394;1390.3;358;1371.1;401;1339.6;356;1402.0;True;True
Sean Cuenin;ATP;299;;;;;;;;;True;False
Filippo Romano;ATP;300;370;1424.0;246;1466.1;406;1333.0;350;1405.0;True;True
Philip Sekulic;ATP;301;403;1384.6;377;1355.8;473;1271.1;455;1354.2;True;True
Sergey Fomin;ATP;302;433;1367.6;417;1329.2;362;1364.5;401;1383.8;True;True
Thiago Monteiro;ATP;303;213;1552.8;199;1525.2;192;1533.2;237;1463.2;True;True
Maxim Mrva;ATP;304;295;1471.6;228;1489.1;297;1427.3;211;1485.8;True;True
Daniel Michalski;ATP;305;383;1407.2;318;1411.9;368;1363.0;253;1453.6;True;True
Dali Blanch;ATP;306;294;1473.3;490;1253.7;259;1459.1;282;1436.6;True;True
Duje Ajdukovic;ATP;307;312;1459.9;262;1451.8;284;1436.7;473;1343.9;True;True
Jordan Thompson;ATP;308;67;1772.4;58;1732.6;138;1604.6;32;1708.7;True;True
Matthew Dellavedova;ATP;309;;;;;;;;;True;False
Max Schoenhaus;ATP;310;250;1519.7;293;1429.3;235;1488.2;342;1408.9;True;True
Luciano Emanuel Ambrogi;ATP;311;409;1379.4;504;1240.8;356;1369.0;376;1389.7;True;True
Johannus Monday;ATP;312;308;1461.9;281;1435.7;397;1341.0;347;1408.0;True;True
Sascha Gueymard Wayenburg;ATP;313;310;1460.9;308;1417.6;293;1429.9;367;1394.9;True;True
Mikhail Kukushkin;ATP;314;215;1551.6;197;1525.7;202;1518.4;179;1510.3;True;True
Gonzalo Villanueva;ATP;315;388;1399.8;467;1285.5;334;1386.1;359;1399.9;True;True
Yosuke Watanuki;ATP;316;204;1565.2;175;1549.7;227;1491.9;144;1549.5;True;True
Eliakim Coulibaly;ATP;317;320;1457.0;258;1456.6;341;1380.8;302;1428.5;True;True
Calvin Hemery;ATP;318;316;1457.9;338;1396.7;258;1459.6;405;1381.1;True;True
Marvin Moeller;ATP;319;228;1543.0;275;1438.3;189;1534.7;169;1521.5;True;True
Rodrigo Pacheco Mendez;ATP;320;271;1496.4;242;1471.9;285;1436.4;260;1448.2;True;True
Thomas Faurel;ATP;321;377;1413.1;416;1330.5;348;1377.5;349;1406.5;True;True
Fajing Sun;ATP;322;343;1445.5;302;1423.3;491;1253.2;357;1401.7;True;True
Enrico Dalla Valle;ATP;323;285;1486.4;337;1397.3;256;1464.7;270;1443.2;True;True
Dominic Stricker;ATP;324;217;1550.5;204;1517.4;215;1501.6;155;1538.7;True;True
Daniel Milavsky;ATP;325;389;1395.6;382;1353.6;453;1291.0;314;1423.7;True;True
Gael Monfils;ATP;326;44;1803.3;33;1783.5;77;1684.9;65;1651.8;True;True
Murkel Alejandro Dellien Velasco;ATP;327;411;1378.6;374;1357.2;357;1368.2;427;1368.2;True;True
Hayato Matsuoka;ATP;328;410;1378.7;383;1353.5;445;1299.3;415;1371.8;True;True
Juan Estevez;ATP;329;496;1284.3;491;1252.2;469;1276.7;475;1342.2;True;True
Facundo Mena;ATP;330;390;1395.0;422;1323.3;342;1379.9;442;1362.2;True;True
Hamish Stewart;ATP;331;299;1467.7;285;1432.5;395;1343.9;244;1461.5;True;True
Tiago Torres;ATP;332;277;1492.0;321;1410.0;280;1439.2;264;1446.0;True;True
Yasutaka Uchiyama;ATP;333;306;1462.8;290;1430.7;389;1347.5;325;1417.4;True;True
Hernan Casanova;ATP;334;352;1435.2;469;1283.9;303;1422.1;390;1386.8;True;True
Paul Jubb;ATP;335;345;1441.5;319;1411.1;392;1345.9;250;1456.7;True;True
Ognjen Milic;ATP;336;367;1425.4;325;1406.8;307;1414.8;239;1462.7;True;True
Michael Geerts;ATP;337;431;1368.2;371;1360.0;417;1319.5;496;1327.7;True;True
Oriol Roca Batalla;ATP;338;362;1429.3;360;1369.6;321;1404.6;412;1375.8;True;True
Max Hans Rehberg;ATP;339;262;1508.9;227;1489.4;268;1447.9;387;1387.4;True;True
Petr Brunclik;ATP;340;243;1525.5;255;1459.2;250;1469.0;238;1462.8;True;True
Carl Emil Overbeck;ATP;341;490;1292.9;479;1271.2;487;1256.5;471;1346.5;True;True
Anton Matusevich;ATP;342;401;1385.5;380;1354.0;391;1346.2;460;1352.3;True;True
Tyler Zink;ATP;343;438;1355.2;405;1337.6;459;1285.7;434;1363.6;True;True
Blaise Bicknell;ATP;344;483;1307.2;470;1283.8;462;1284.3;354;1403.6;True;True
Jonas Forejtek;ATP;345;398;1386.8;413;1332.9;365;1363.5;410;1376.4;True;True
Mitchell Krueger;ATP;346;305;1463.2;278;1437.4;296;1428.4;312;1424.8;True;True
Andrea Collarini;ATP;347;365;1426.0;423;1322.1;314;1410.9;489;1333.4;True;True
Marko Topo;ATP;348;270;1497.0;224;1490.1;274;1443.0;248;1457.7;True;True
Antoine Ghibaudo;ATP;349;400;1386.5;404;1337.9;339;1381.6;378;1389.2;True;True
Marc Polmans;ATP;350;339;1449.0;315;1414.0;326;1400.0;240;1462.3;True;True
Andrey Chepelev;ATP;351;;;;;;;;;True;False
Mili Poljicak;ATP;352;318;1457.8;462;1290.0;295;1428.7;369;1393.1;True;True
Dhakshineswar Suresh;ATP;353;152;1631.1;143;1596.2;300;1425.6;174;1515.6;True;True
Jake Delaney;ATP;354;544;1103.0;547;1088.3;539;1131.7;542;1251.5;True;True
Mats Rosenkranz;ATP;355;330;1453.5;299;1424.3;414;1320.2;361;1398.4;True;True
Ivan Marrero Curbelo;ATP;356;461;1333.3;475;1274.9;396;1343.1;429;1366.7;True;True
Tung Lin Wu;ATP;357;387;1402.5;355;1373.6;304;1419.3;447;1360.6;True;True
Tommaso Compagnucci;ATP;358;419;1375.9;496;1244.5;369;1362.9;385;1387.9;True;True
Alex Martinez;ATP;359;363;1426.4;362;1369.0;310;1413.9;333;1413.2;True;True
Petr Nesterov;ATP;360;324;1455.8;291;1430.4;316;1409.5;303;1427.9;True;True
Cedrik Marcel Stebe;ATP;361;211;1556.4;200;1523.2;181;1544.9;236;1463.3;True;True
Jacopo Vasami;ATP;362;265;1503.0;421;1325.2;253;1468.0;255;1451.5;True;True
Robin Bertrand;ATP;363;474;1318.8;427;1320.6;511;1220.6;452;1359.4;True;True
Lucio Ratti;ATP;364;421;1373.5;439;1310.2;385;1350.3;391;1386.8;True;True
Max Wiskandt;ATP;365;507;1262.7;513;1226.1;492;1253.1;516;1304.1;True;True
Eduardo Ribeiro;ATP;366;465;1329.3;499;1243.1;421;1316.9;432;1364.7;True;True
Tiago Pereira;ATP;367;502;1269.6;484;1259.2;503;1239.2;519;1300.9;True;True
Lilian Marmousez;ATP;368;347;1438.3;343;1389.6;311;1412.7;320;1419.2;True;True
Nicolas Kicker;ATP;369;412;1378.6;398;1342.2;360;1367.0;483;1338.8;True;True
Garrett Johns;ATP;370;471;1321.7;448;1302.9;464;1283.9;451;1359.7;True;True
Francesco Forti;ATP;371;422;1373.3;437;1311.0;393;1345.9;393;1386.6;True;True
Manas Dhamne;ATP;372;397;1387.0;346;1387.4;379;1353.3;267;1443.5;True;True
Marek Gengel;ATP;373;380;1410.6;354;1377.3;483;1260.0;431;1364.9;True;True
Carlos Sanchez Jover;ATP;374;420;1373.9;486;1257.2;376;1354.9;388;1386.9;True;True
Dimitar Kuzmanov;ATP;375;323;1456.3;279;1437.1;312;1412.6;317;1423.0;True;True
Jay Dylan Hara Friend;ATP;376;327;1454.9;292;1429.6;408;1332.3;304;1427.5;True;True
Daniel Masur;ATP;377;375;1413.4;349;1382.5;333;1387.3;355;1402.2;True;True
Ioannis Xilas;ATP;378;444;1351.7;394;1343.8;386;1348.4;311;1425.8;True;True
Jack Kennedy;ATP;379;242;1527.3;322;1409.9;194;1529.0;234;1463.6;True;True
Yuta Shimizu;ATP;380;344;1444.1;312;1416.0;434;1308.1;301;1428.7;True;True
Andres Martin;ATP;381;441;1354.1;389;1345.4;425;1314.6;307;1427.1;True;True
Carlos Maria Zarate;ATP;382;525;1199.9;517;1212.2;525;1187.0;521;1300.0;True;True
Mathys Erhard;ATP;383;391;1394.8;379;1354.9;366;1363.3;362;1397.4;True;True
Laurent Lokoli;ATP;384;329;1454.7;327;1406.7;271;1444.0;246;1460.7;True;True
Radu Mihai Papoe;ATP;385;;;;;;;;;True;False
Olle Wallin;ATP;386;408;1380.4;430;1318.4;359;1367.6;375;1390.2;True;True
Georgii Kravchenko;ATP;387;;;;;;;;;True;False
Raphael Perot;ATP;388;504;1267.6;510;1230.8;482;1261.2;486;1333.8;True;True
Carlo Alberto Caniato;ATP;389;508;1262.4;515;1219.1;486;1257.1;494;1331.2;True;True
Justin Boulais;ATP;390;425;1370.2;395;1343.8;450;1295.1;398;1385.1;True;True
Edward Winter;ATP;391;349;1436.0;314;1414.3;411;1328.0;265;1445.5;True;True
Andrew Fenty;ATP;392;534;1179.5;536;1161.9;524;1188.0;528;1289.8;True;True
Marat Sharipov;ATP;393;328;1454.8;288;1430.9;315;1410.8;305;1427.4;True;True
Santiago Fa Rodriguez Taverna;ATP;394;463;1329.4;468;1285.5;415;1320.2;463;1351.5;True;True
Arthur Weber;ATP;395;;;;;;;;;True;False
Stefan Palosi;ATP;396;430;1368.3;458;1294.1;383;1351.1;400;1384.1;True;True
Javier Barranco Cosano;ATP;397;319;1457.4;335;1398.9;275;1441.3;288;1432.7;True;True
Lui Maxted;ATP;398;;;;;;;;;True;False
Arthur Nagel;ATP;399;;;;;;;;;True;False
Samuele Pieri;ATP;400;519;1224.6;514;1222.3;518;1210.5;511;1312.3;True;True
Ilya Ivashka;ATP;401;237;1532.8;210;1503.6;172;1554.1;177;1513.9;True;True
Gabriele Piraino;ATP;402;509;1253.7;520;1201.8;496;1247.8;497;1326.8;True;True
Kasidit Samrej;ATP;403;495;1285.4;482;1259.8;371;1356.9;370;1392.7;True;True
Andrej Martin;ATP;404;298;1469.9;357;1372.7;273;1443.9;469;1347.3;True;True
Carlos Taberner;ATP;405;165;1610.3;268;1445.0;137;1604.7;285;1433.4;True;True
Nerman Fatic;ATP;406;272;1495.9;309;1417.1;243;1478.3;229;1466.2;True;True
Sergio Callejon Hernando;ATP;407;453;1340.3;446;1304.4;428;1311.8;422;1370.1;True;True
Geoffrey Blancaneaux;ATP;408;436;1362.0;368;1362.2;388;1347.6;514;1309.0;True;True
Masamichi Imamura;ATP;409;498;1283.8;489;1254.8;493;1251.9;477;1341.9;True;True
Jack Loge;ATP;410;;;;;;;;;True;False
Mees Rottgering;ATP;411;301;1467.0;265;1448.0;282;1438.3;258;1449.3;True;True
Johan Nikles;ATP;412;475;1318.7;476;1273.0;435;1306.1;453;1359.3;True;True
Beibit Zhukayev;ATP;413;325;1455.4;333;1401.7;345;1378.6;180;1509.7;True;True
Oleg Prihodko;ATP;414;459;1334.8;356;1372.9;471;1273.1;428;1367.4;True;True
Eric Vanshelboim;ATP;415;;;;;;;;;True;False
Vadym Ursu;ATP;416;527;1196.1;533;1169.5;534;1154.3;535;1277.0;True;True
Maximus Jones;ATP;417;458;1336.7;440;1310.1;430;1310.8;426;1368.4;True;True
Massimo Giunta;ATP;418;;;;;;;;;True;False
Niels Visker;ATP;419;447;1343.5;385;1351.0;458;1286.7;467;1347.9;True;True
Mika Brunold;ATP;420;354;1434.9;295;1427.8;344;1378.9;326;1417.4;True;True
Cannon Kingsley;ATP;421;450;1342.3;393;1344.5;481;1262.4;417;1371.1;True;True
Cyril Vandermeersch;ATP;422;;;;;;;;;True;False
Norbert Gombos;ATP;423;321;1456.9;269;1444.6;287;1435.4;340;1409.9;True;True
Semen Pankin;ATP;424;;;;;;;;;True;False
Daniel Dutra Da Silva;ATP;425;484;1307.0;509;1232.2;466;1282.2;481;1339.6;True;True
Henry Bernet;ATP;426;374;1416.6;403;1338.3;323;1402.5;345;1408.3;True;True
Valerio Aboian;ATP;427;455;1338.0;511;1228.9;413;1325.6;424;1369.0;True;True
Mika Petkovic;ATP;428;;;;;;;;;True;False
Gabi Adrian Boitan;ATP;429;426;1369.8;390;1345.3;382;1351.5;283;1434.9;True;True
Vladyslav Orlov;ATP;430;;;;;;;;;True;False
Thanasi Kokkinakis;ATP;431;;;;;;;;;True;False
Luca Castelnuovo;ATP;432;530;1185.0;537;1161.9;532;1167.0;531;1282.5;True;True
Oliver Tarvet;ATP;433;168;1606.3;203;1518.5;173;1553.1;102;1604.3;True;True
Dylan Dietrich;ATP;434;224;1546.3;270;1442.1;216;1500.7;221;1473.2;True;True
Corentin Denolly;ATP;435;462;1331.3;478;1271.4;452;1292.5;461;1352.3;True;True
Trevor Svajda;ATP;436;309;1461.7;294;1428.7;398;1340.8;295;1430.8;True;True
Alejo Sanchez Quilez;ATP;437;460;1333.3;435;1312.9;456;1288.4;430;1366.6;True;True
Juan Cruz Martin Manzano;ATP;438;434;1364.5;460;1292.2;378;1353.6;402;1382.2;True;True
Lucas Poullain;ATP;439;488;1295.3;466;1286.0;509;1225.5;468;1347.7;True;True
Robert Strombachs;ATP;440;489;1294.4;463;1287.2;489;1255.8;470;1347.2;True;True
Denis Yevseyev;ATP;441;440;1354.1;367;1362.6;423;1316.3;389;1386.9;True;True
James Trotter;ATP;442;393;1390.9;372;1359.1;394;1344.7;413;1373.2;True;True
San Hui Sin;ATP;443;505;1265.1;501;1242.2;501;1242.6;490;1332.6;True;True
Patrick Zahraj;ATP;444;493;1288.4;451;1301.1;513;1216.9;482;1339.4;True;True
Ryan Peniston;ATP;445;346;1441.0;332;1402.0;372;1356.5;277;1440.0;True;True
Tom Paris;ATP;446;414;1377.4;375;1355.9;422;1316.7;380;1388.7;True;True
Luca Potenza;ATP;447;451;1342.1;431;1317.3;448;1297.1;418;1371.0;True;True
Daniel Siniakov;ATP;448;;;;;;;;;True;False
Mateus Alves;ATP;449;512;1244.5;538;1146.2;497;1246.9;500;1322.3;True;True
Jie Cui;ATP;450;423;1372.7;391;1345.0;499;1244.2;394;1386.3;True;True
Olukayode Alafia Damina Ayeni;ATP;451;481;1308.0;450;1302.1;517;1212.6;513;1310.3;True;True
Gianmarco Ferrari;ATP;452;;;;;;;;;True;False
George Loffhagen;ATP;453;332;1451.8;274;1439.8;443;1301.0;346;1408.2;True;True
Quinn Vandecasteele;ATP;454;406;1382.7;363;1367.8;441;1301.3;462;1351.9;True;True
Matthew William Donald;ATP;455;;;;;;;;;True;False
Renta Tokuda;ATP;456;520;1223.7;522;1196.6;529;1173.1;512;1311.8;True;True
Christian Langmo;ATP;457;506;1263.6;493;1251.3;537;1139.3;492;1331.8;True;True
Karim Bennani;ATP;458;467;1326.7;386;1349.1;478;1263.3;435;1363.3;True;True
Ivan Gakhov;ATP;459;361;1430.2;347;1386.6;335;1384.3;392;1386.6;True;True
Yannik Kelm;ATP;460;;;;;;;;;True;False
Sergi Perez Contri;ATP;461;;;;;;;;;True;False
Jason Kubler;ATP;462;123;1684.5;123;1635.3;127;1615.7;51;1679.3;True;True
Milos Karol;ATP;463;392;1393.1;411;1333.2;361;1365.7;364;1396.6;True;True
Filip Misolic;ATP;464;182;1587.2;244;1469.3;91;1663.9;163;1531.3;True;True
Maxime Chazal;ATP;465;494;1287.7;506;1237.5;490;1253.5;474;1343.8;True;True
Eero Vasa;ATP;466;402;1385.2;407;1336.7;355;1369.4;273;1442.6;True;True
Yassine Dlimi;ATP;467;;;;;;;;;True;False
Blake Ellis;ATP;468;381;1409.3;348;1384.4;426;1314.6;351;1404.6;True;True
Bor Artnak;ATP;469;510;1253.3;502;1241.0;454;1290.2;409;1376.7;True;True
Lorenzo Carboni;ATP;470;536;1160.5;543;1123.4;533;1165.6;533;1280.2;True;True
Lorenzo Joaquin Rodriguez;ATP;471;529;1193.3;531;1172.8;527;1184.1;523;1296.7;True;True
Dusan Obradovic;ATP;472;;;;;;;;;True;False
Viacheslav Bielinskyi;ATP;473;;;;;;;;;True;False
Reda Bennani;ATP;474;;;;;;;;;True;False
Alex Rybakov;ATP;475;445;1351.7;441;1309.8;432;1310.5;363;1397.0;True;True
Sebastian Sorger;ATP;476;;;;;;;;;True;False
Dominik Palan;ATP;477;515;1238.2;516;1218.9;519;1207.3;504;1319.1;True;True
Pietro Fellin;ATP;478;482;1308.0;454;1297.0;504;1233.4;456;1354.0;True;True
Alexandr Binda;ATP;479;446;1346.0;464;1287.0;409;1331.8;414;1373.0;True;True
Moerani Bouzige;ATP;480;522;1210.6;525;1179.6;515;1215.3;515;1305.3;True;True
Thijs Boogaard;ATP;481;;;;;;;;;True;False
Joaquin Aguilar Cardozo;ATP;482;499;1281.4;449;1302.5;461;1284.6;374;1390.7;True;True
Enzo Aguiard;ATP;483;;;;;;;;;True;False
Rudolf Molleker;ATP;484;405;1382.8;402;1338.8;349;1377.5;446;1360.7;True;True
Aziz Ouakaa;ATP;485;546;1059.1;548;1079.2;545;1098.8;534;1279.6;True;True
Ozan Baris;ATP;486;;;;;;;;;True;False
Li Tu;ATP;487;282;1487.9;243;1471.1;354;1370.4;172;1516.4;True;True
Patrick Schoen;ATP;488;;;;;;;;;True;False
Anton Shepp;ATP;489;;;;;;;;;True;False
Viktor Durasovic;ATP;490;472;1320.0;418;1329.2;479;1263.2;517;1303.7;True;True
Karl Poling;ATP;491;477;1313.7;428;1320.3;514;1216.4;507;1315.2;True;True
Miguel Tobon;ATP;492;500;1280.0;500;1242.3;460;1284.8;464;1350.9;True;True
Andrea Picchione;ATP;493;;;;;;;;;True;False
Samir Banerjee;ATP;494;404;1383.9;369;1361.0;439;1302.0;372;1392.0;True;True
Omar Jasika;ATP;495;487;1295.9;477;1271.9;498;1244.9;543;1242.5;True;True
Pedro Sakamoto;ATP;496;511;1244.8;508;1236.2;506;1228.9;499;1322.4;True;True
Giuseppe La Vela;ATP;497;;;;;;;;;True;False
Juan Alejandro Hernandez Serrano;ATP;498;513;1239.5;497;1243.4;522;1200.3;503;1319.7;True;True
Ryan Nijboer;ATP;499;518;1229.6;521;1201.7;512;1219.7;509;1314.8;True;True
Facundo Bagnis;ATP;500;179;1590.7;206;1512.9;146;1583.8;436;1363.2;True;True
Dan Martin;ATP;501;478;1313.2;474;1276.1;470;1274.7;495;1328.7;True;True
Cesar Bouchelaghem;ATP;502;;;;;;;;;True;False
Hikaru Shiraishi;ATP;503;;;;;;;;;True;False
Fabrizio Andaloro;ATP;504;;;;;;;;;True;False
Joao Eduardo Schiessl;ATP;505;524;1201.5;529;1173.9;521;1203.0;520;1300.7;True;True
Benjamin Hassan;ATP;506;336;1450.7;336;1397.8;266;1452.4;318;1422.1;True;True
Constantin Bittoun Kouzmine;ATP;507;;;;;;;;;True;False
Jan Kumstat;ATP;508;372;1419.3;406;1337.1;329;1394.7;341;1409.7;True;True
Niels Mcdonald;ATP;509;427;1369.8;487;1256.2;367;1363.3;399;1384.9;True;True
Hiroki Moriya;ATP;510;449;1343.1;438;1311.0;495;1250.0;466;1348.8;True;True
Colin Sinclair;ATP;511;;;;;;;;;True;False
Tai Sach;ATP;512;448;1343.4;424;1321.9;467;1281.7;416;1371.7;True;True
Tibo Colson;ATP;513;382;1408.7;384;1351.6;380;1352.5;353;1404.4;True;True
Koki Matsuda;ATP;514;;;;;;;;;True;False
Aidan Mchugh;ATP;515;;;;;;;;;True;False
Alex Marti Pujolras;ATP;516;;;;;;;;;True;False
Faris Zakaryia;ATP;517;;;;;;;;;True;False
Emile Hudd;ATP;518;;;;;;;;;True;False
Radu Albot;ATP;519;340;1448.6;296;1426.9;289;1434.7;203;1493.2;True;True
Khumoyun Sultanov;ATP;520;;;;;;;;;True;False
Christoph Negritu;ATP;521;315;1458.7;301;1423.4;294;1428.7;299;1429.3;True;True
Maxim Zhukov;ATP;522;;;;;;;;;True;False
Takuya Kumasaka;ATP;523;;;;;;;;;True;False
Federico Arnaboldi;ATP;524;466;1328.2;452;1300.0;455;1289.0;488;1333.6;True;True
Pavle Marinkov;ATP;525;;;;;;;;;True;False
Luca Staeheli;ATP;526;;;;;;;;;True;False
Oleksii Krutykh;ATP;527;;;;;;;;;True;False
Louis Wessels;ATP;528;;;;;;;;;True;False
Spencer Johnson;ATP;529;;;;;;;;;True;False
Pedro Vives Marcos;ATP;530;;;;;;;;;True;False
Alexander Weis;ATP;531;;;;;;;;;True;False
Izan Almazan Valiente;ATP;532;;;;;;;;;True;False
Jelle Sels;ATP;533;479;1312.5;412;1333.0;465;1282.7;541;1252.5;True;True
Sebastian Gima;ATP;534;535;1167.1;541;1137.2;530;1170.1;530;1283.6;True;True
Timo Legout;ATP;535;284;1486.6;233;1484.4;440;1301.3;269;1443.3;True;True
Daniil Ostapenkov;ATP;536;;;;;;;;;True;False
Mitsuki Wei Kang Leong;ATP;537;538;1141.8;540;1141.0;528;1180.9;544;1235.5;True;True
Alexander Donski;ATP;538;417;1376.0;311;1416.5;429;1311.3;281;1438.0;True;True
Michael Bassem Sobhy;ATP;539;;;;;;;;;True;False
Sidharth Rawat;ATP;540;;;;;;;;;True;False
Luca Wiedenmann;ATP;541;;;;;;;;;True;False
Leo Borg;ATP;542;;;;;;;;;True;False
Kaylan Bigun;ATP;543;;;;;;;;;True;False
Digvijaypratap Singh;ATP;544;;;;;;;;;True;False
Fausto Tabacco;ATP;545;;;;;;;;;True;False
Taha Baadi;ATP;546;;;;;;;;;True;False
Peter Makk;ATP;547;;;;;;;;;True;False
Filip Peliwo;ATP;548;517;1233.6;519;1210.8;494;1251.5;532;1280.6;True;True
Fitriadi M Rifqi;ATP;549;;;;;;;;;True;False
Toufik Sahtali;ATP;550;;;;;;;;;True;False
Gavin Young;ATP;551;;;;;;;;;True;False
Sasi Kumar Mukund;ATP;552;486;1305.7;471;1281.1;502;1241.0;506;1316.2;True;True
Matyas Fuele;ATP;553;;;;;;;;;True;False
Karan Singh;ATP;554;541;1133.9;546;1090.4;507;1227.7;539;1267.0;True;True
Mae Malige;ATP;555;457;1336.9;443;1308.6;505;1229.1;425;1368.4;True;True
James Story;ATP;556;;;;;;;;;True;False
Alec Beckley;ATP;557;;;;;;;;;True;False
Guillaume Dalmasso;ATP;558;;;;;;;;;True;False
Pablo Martinez Gomez;ATP;559;;;;;;;;;True;False
Jacopo Berrettini;ATP;560;469;1325.4;485;1257.8;403;1335.8;440;1362.7;True;True
Ivan Ivanov;ATP;561;528;1194.4;523;1195.4;543;1114.1;524;1293.1;True;True
Kokoro Isomura;ATP;562;523;1205.7;527;1176.3;516;1212.9;518;1302.9;True;True
J J Wolf;ATP;563;222;1547.2;196;1525.9;239;1486.1;181;1509.2;True;True
Alexander Vasilev;ATP;564;371;1421.6;426;1320.8;350;1373.8;339;1410.8;True;True
Maxime Janvier;ATP;565;491;1291.8;473;1278.9;485;1258.1;508;1314.8;True;True
Kirill Kivattsev;ATP;566;;;;;;;;;True;False
Dimitris Sakellaridis;ATP;567;;;;;;;;;True;False
Lukas Pokorny;ATP;568;;;;;;;;;True;False
Svyatoslav Gulin;ATP;569;497;1284.0;495;1246.4;474;1268.7;476;1342.0;True;True
Tomasz Berkieta;ATP;570;531;1182.2;518;1211.1;535;1152.8;525;1291.1;True;True
Lorenzo Angelini;ATP;571;;;;;;;;;True;False
Juan Sebastian Gomez;ATP;572;533;1180.6;524;1181.2;531;1168.0;527;1290.3;True;True
Hyeon Chung;ATP;573;281;1488.4;256;1459.1;199;1525.7;358;1400.1;True;True
Alec Deckers;ATP;574;;;;;;;;;True;False
Paulo Andre Saraiva Dos Santos;ATP;575;537;1154.1;534;1166.2;536;1143.8;536;1277.0;True;True
John Echeverria;ATP;576;;;;;;;;;True;False
Mario Gonzalez Fernandez;ATP;577;;;;;;;;;True;False
Yanis Ghazouani Durand;ATP;578;;;;;;;;;True;False
Alan Magadan;ATP;579;418;1376.0;388;1345.9;402;1338.4;384;1388.0;True;True
Alexander Ritschard;ATP;580;241;1528.0;260;1454.4;169;1557.1;225;1469.4;True;True
Aidan Kim;ATP;581;;;;;;;;;True;False
Gerard Campana Lee;ATP;582;437;1361.7;419;1328.8;424;1314.8;406;1380.8;True;True
Amr Elsayed Abdou Ahmed Mohamed;ATP;583;;;;;;;;;True;False
Kuan Yi Lee;ATP;584;;;;;;;;;True;False
Adrian Oetzbach;ATP;585;;;;;;;;;True;False
Marcel Zielinski;ATP;586;;;;;;;;;True;False
Imanol Lopez Morillo;ATP;587;;;;;;;;;True;False
Romain Faucon;ATP;588;;;;;;;;;True;False
Dragos Nicolae Madaras;ATP;589;;;;;;;;;True;False
Jacob Bradshaw;ATP;590;;;;;;;;;True;False
Karol Filar;ATP;591;;;;;;;;;True;False
Filip Jeff Planinsek;ATP;592;;;;;;;;;True;False
Nino Ehrenschneider;ATP;593;;;;;;;;;True;False
Joao Domingues;ATP;594;;;;;;;;;True;False
Ergi Kirkin;ATP;595;;;;;;;;;True;False
Oleksandr Ovcharenko;ATP;596;;;;;;;;;True;False
Lorenzo Bocchi;ATP;597;;;;;;;;;True;False
Stefan Popovic;ATP;598;;;;;;;;;True;False
Leonardo Rossi;ATP;599;;;;;;;;;True;False
Andrea Vavassori;ATP;600;122;1688.1;110;1655.0;102;1642.3;157;1538.1;True;True
Duncan Chan;ATP;601;;;;;;;;;True;False
Kenta Miyoshi;ATP;602;;;;;;;;;True;False
Daniel De Jonge;ATP;603;;;;;;;;;True;False
Robin Catry;ATP;604;;;;;;;;;True;False
Bruno Kuzuhara;ATP;605;;;;;;;;;True;False
Lukas Klein;ATP;606;173;1601.1;184;1535.1;118;1623.9;136;1557.2;True;True
Evan Zhu;ATP;607;;;;;;;;;True;False
Andrew Paulson;ATP;608;331;1452.4;376;1355.8;299;1426.8;309;1426.2;True;True
Mirza Basic;ATP;609;;;;;;;;;True;False
Alan Fernando Rubio Fierros;ATP;610;;;;;;;;;True;False
Alberto Barroso Campos;ATP;611;456;1337.8;425;1321.0;488;1256.4;449;1360.1;True;True
Cruz Hewitt;ATP;612;480;1310.7;459;1292.5;476;1265.3;454;1355.3;True;True
Maxwell Mckennon;ATP;613;;;;;;;;;True;False
Nicolas Tepmahc;ATP;614;;;;;;;;;True;False
Iliyan Radulov;ATP;615;;;;;;;;;True;False
Marlon Vankan;ATP;616;;;;;;;;;True;False
Ryan Dickerson;ATP;617;532;1180.8;530;1173.8;526;1186.9;526;1290.4;True;True
Kai Wehnelt;ATP;618;;;;;;;;;True;False
Erik Arutiunian;ATP;619;;;;;;;;;True;False
Tsung Hao Huang;ATP;620;492;1289.7;480;1270.1;500;1243.3;472;1344.9;True;True
Etienne Donnet;ATP;621;;;;;;;;;True;False
Branko Djuric;ATP;622;;;;;;;;;True;False
Pierluigi Basile;ATP;623;416;1376.6;503;1240.9;337;1382.3;382;1388.3;True;True
S D Prajwal Dev;ATP;624;;;;;;;;;True;False
Dmitry Popko;ATP;625;432;1367.7;342;1390.9;419;1317.2;510;1314.1;True;True
Carlos Lopez Montagud;ATP;626;;;;;;;;;True;False
Amir Omarkhanov;ATP;627;;;;;;;;;True;False
Maximo Zeitune;ATP;628;548;1043.6;542;1131.8;548;1032.8;548;1221.8;True;True
Strong Kirchheimer;ATP;629;;;;;;;;;True;False
Ignacio Monzon;ATP;630;;;;;;;;;True;False
Conner Huertas Del Pino;ATP;631;464;1329.3;444;1307.1;431;1310.7;433;1364.6;True;True
Alexey Vatutin;ATP;632;;;;;;;;;True;False
Fryderyk Lechno Wasiutynski;ATP;633;;;;;;;;;True;False
Matisse Bobichon;ATP;634;;;;;;;;;True;False
Federico Iannaccone;ATP;635;;;;;;;;;True;False
Giovanni Oradini;ATP;636;;;;;;;;;True;False
Aristotelis Thanos;ATP;637;;;;;;;;;True;False
Igor Gimenez;ATP;638;;;;;;;;;True;False
Neil Oberleitner;ATP;639;473;1319.6;465;1286.4;472;1271.8;450;1359.8;True;True
Chase Ferguson;ATP;640;;;;;;;;;True;False
Bruno Fernandez;ATP;641;542;1130.0;528;1175.0;542;1117.3;540;1265.0;True;True
Samuel Heredia;ATP;642;539;1141.1;535;1166.2;538;1136.0;537;1270.6;True;True
Olaf Pieczkowski;ATP;643;454;1338.4;415;1331.4;410;1329.4;321;1419.2;True;True
Tuncay Duran;ATP;644;;;;;;;;;True;False
Alejandro Juan Mano;ATP;645;;;;;;;;;True;False
Pieter De Lange;ATP;646;;;;;;;;;True;False
Emilien Demanet;ATP;647;;;;;;;;;True;False
Ryan Seggerman;ATP;648;;;;;;;;;True;False
Joshua Sheehy;ATP;649;;;;;;;;;True;False
Hady Habib;ATP;650;378;1411.6;365;1364.1;286;1435.4;294;1431.0;True;True
Shunsuke Mitsui;ATP;651;;;;;;;;;True;False
Mykyta Mashtakov;ATP;652;;;;;;;;;True;False
Peter Fajta;ATP;653;;;;;;;;;True;False
Leo Raquillet;ATP;654;;;;;;;;;True;False
Tristan Mccormick;ATP;655;543;1125.6;544;1118.6;541;1124.5;546;1232.3;True;True
Melios Efstathiou;ATP;656;;;;;;;;;True;False
Saba Purtseladze;ATP;657;521;1220.3;492;1251.8;544;1110.1;529;1288.2;True;True
Brandon Holt;ATP;658;234;1536.8;209;1507.1;377;1353.7;185;1507.0;True;True
Johan Alexander Rodriguez Rodriguez;ATP;659;452;1340.3;381;1353.7;446;1298.3;420;1370.2;True;True
Alfredo Perez;ATP;660;424;1371.6;410;1333.4;343;1379.7;395;1385.8;True;True
Igor Kudriashov;ATP;661;;;;;;;;;True;False
Ryan Colby;ATP;662;;;;;;;;;True;False
Radu David Turcanu;ATP;663;;;;;;;;;True;False
Stefan Adrian Andreescu;ATP;664;;;;;;;;;True;False
Millen Hurrion;ATP;665;;;;;;;;;True;False
Lucas Andrade Da Silva;ATP;666;;;;;;;;;True;False
Adria Soriano Barrera;ATP;667;501;1279.6;472;1280.9;510;1225.5;480;1339.8;True;True
Aleksandre Bakshi;ATP;668;;;;;;;;;True;False
Yuta Kawahashi;ATP;669;;;;;;;;;True;False
Yaroslav Demin;ATP;670;;;;;;;;;True;False
Giorgio Tabacco;ATP;671;;;;;;;;;True;False
Amit Vales;ATP;672;;;;;;;;;True;False
Yurii Dzhavakian;ATP;673;;;;;;;;;True;False
Karlis Ozolins;ATP;674;;;;;;;;;True;False
Jakub Nicod;ATP;675;;;;;;;;;True;False
Yuta Kikuchi;ATP;676;;;;;;;;;True;False
Yusuke Takahashi;ATP;677;503;1267.7;498;1243.3;480;1262.5;485;1333.9;True;True
Samir Hamza Reguig;ATP;678;;;;;;;;;True;False
Paul Inchauspe;ATP;679;;;;;;;;;True;False
Michael Antonius;ATP;680;;;;;;;;;True;False
Egor Agafonov;ATP;681;;;;;;;;;True;False
Pierre Delage;ATP;682;;;;;;;;;True;False
Keisuke Saitoh;ATP;683;;;;;;;;;True;False
Thiago Cigarran;ATP;684;;;;;;;;;True;False
Gabriele Bosio;ATP;685;;;;;;;;;True;False
Timofei Derepasko;ATP;686;;;;;;;;;True;False
Aziz Dougaz;ATP;687;;;;;;;;;True;False
Arthur Bouquier;ATP;688;263;1505.4;236;1482.0;407;1332.6;275;1440.2;True;True
Aidan Mayo;ATP;689;435;1363.2;396;1343.2;436;1304.3;386;1387.8;True;True
Sander Jong;ATP;690;;;;;;;;;True;False
Daniel Antonio Nunez;ATP;691;;;;;;;;;True;False
Samuel Vincent Ruggeri;ATP;692;;;;;;;;;True;False
Tiago Cacao;ATP;693;;;;;;;;;True;False
Nicolas Villalon;ATP;694;540;1135.4;526;1177.7;540;1127.6;538;1267.7;True;True
Leo Vithoontien;ATP;695;;;;;;;;;True;False
Orel Kimhi;ATP;696;;;;;;;;;True;False
Oscar Weightman;ATP;697;;;;;;;;;True;False
Nicolas Alvarez Varona;ATP;698;442;1353.4;350;1382.0;442;1301.2;408;1376.7;True;True
Gabriel Ghetu;ATP;699;;;;;;;;;True;False
Matyas Cerny;ATP;700;;;;;;;;;True;False
Dong Ju Kim;ATP;701;;;;;;;;;True;False
Uisung Park;ATP;702;;;;;;;;;True;False
Andreja Petrovic;ATP;703;;;;;;;;;True;False
Marc Majdandzic;ATP;704;;;;;;;;;True;False
Daniel Jade;ATP;705;;;;;;;;;True;False
Maxence Beauge;ATP;706;;;;;;;;;True;False
Theo Papamalamis;ATP;707;;;;;;;;;True;False
Arklon Huertas Del Pino;ATP;708;;;;;;;;;True;False
Ye Cong Mo;ATP;709;;;;;;;;;True;False
Josip Simundza;ATP;710;;;;;;;;;True;False
Yuki Mochizuki;ATP;711;;;;;;;;;True;False
Tianhui Zhang;ATP;712;;;;;;;;;True;False
Oscar Jose Gutierrez;ATP;713;;;;;;;;;True;False
Shinji Hazawa;ATP;714;;;;;;;;;True;False
Matteo Gigante;ATP;715;;;;;;;;;True;False
Khololwam Montsi;ATP;716;;;;;;;;;True;False
Felipe Meligeni Alves;ATP;717;293;1476.8;303;1421.7;252;1468.6;222;1472.7;True;True
Pavel Lagutin;ATP;718;;;;;;;;;True;False
Rafael Izquierdo Luque;ATP;719;;;;;;;;;True;False
Nicolas Arseneault;ATP;720;;;;;;;;;True;False
Kei Nishikori;ATP;721;104;1714.0;88;1680.3;133;1609.5;111;1591.1;True;True
Anton Arzhankin;ATP;722;;;;;;;;;True;False
Martin Van Der Meerschen;ATP;723;;;;;;;;;True;False
Manish Sureshkumar;ATP;724;;;;;;;;;True;False
Vincent Marysko;ATP;725;;;;;;;;;True;False
Maik Steiner;ATP;726;;;;;;;;;True;False
Carles Hernandez;ATP;727;;;;;;;;;True;False
Nikolai Barsukov;ATP;728;;;;;;;;;True;False
Roger Pascual Ferra;ATP;729;;;;;;;;;True;False
Lorenzo Sciahbasi;ATP;730;;;;;;;;;True;False
Hunter Heck;ATP;731;;;;;;;;;True;False
Michal Krajci;ATP;732;;;;;;;;;True;False
Franco Ribero;ATP;733;;;;;;;;;True;False
Daniele Rapagnetta;ATP;734;;;;;;;;;True;False
Seydina Andre;ATP;735;;;;;;;;;True;False
Alessandro Pecci;ATP;736;;;;;;;;;True;False
Naoki Nakagawa;ATP;737;;;;;;;;;True;False
Ben Jones;ATP;738;;;;;;;;;True;False
Santiago De La Fuente;ATP;739;545;1066.2;539;1143.1;546;1063.0;545;1233.1;True;True
Loann Massard;ATP;740;;;;;;;;;True;False
Michiel De Krom;ATP;741;;;;;;;;;True;False
Noa Vukadin;ATP;742;;;;;;;;;True;False
Matthew Forbes;ATP;743;;;;;;;;;True;False
Michael Vrbensky;ATP;744;;;;;;;;;True;False
Herman Hoeyeraal;ATP;745;;;;;;;;;True;False
Oskar Brostrom Poulsen;ATP;746;;;;;;;;;True;False
Fernando Cavallo;ATP;747;;;;;;;;;True;False
Pawit Sornlaksup;ATP;748;;;;;;;;;True;False
Wilson Leite;ATP;749;;;;;;;;;True;False
Yanaki Milev;ATP;750;;;;;;;;;True;False
Matteo Covato;ATP;751;;;;;;;;;True;False
Kalin Ivanovski;ATP;752;;;;;;;;;True;False
Gustavo Ribeiro De Almeida;ATP;753;;;;;;;;;True;False
Andres Santamarta Roig;ATP;754;415;1377.0;453;1298.5;375;1355.0;381;1388.5;True;True
Adhithya Ganesan;ATP;755;;;;;;;;;True;False
Manuel Mazza;ATP;756;;;;;;;;;True;False
Ryan Fishback;ATP;757;;;;;;;;;True;False
Ignacio Parisca;ATP;758;;;;;;;;;True;False
Naoya Honda;ATP;759;514;1239.5;507;1236.3;520;1203.1;502;1319.8;True;True
Nicolas Zanellato;ATP;760;;;;;;;;;True;False
John Hallquist Lithen;ATP;761;;;;;;;;;True;False
Joshua Charlton;ATP;762;;;;;;;;;True;False
Nicolas Jarry;ATP;763;143;1648.3;156;1573.5;104;1641.5;80;1635.2;True;True
Mate Valkusz;ATP;764;;;;;;;;;True;False
Mariano Kestelboim;ATP;765;526;1198.4;532;1170.6;523;1189.0;522;1299.2;True;True
Juan Sebastian Osorio;ATP;766;;;;;;;;;True;False
Attila Boros;ATP;767;;;;;;;;;True;False
Rodrigo Alujas;ATP;768;;;;;;;;;True;False
Tomas Farjat;ATP;769;;;;;;;;;True;False
Marko Miladinovic;ATP;770;;;;;;;;;True;False
Denys Klok;ATP;771;;;;;;;;;True;False
Tim Handel;ATP;772;;;;;;;;;True;False
Maxence Bertimon;ATP;773;;;;;;;;;True;False
Daniel Salazar Martinez;ATP;774;;;;;;;;;True;False
Aleksandr Braynin;ATP;775;;;;;;;;;True;False
Alibek Kachmazov;ATP;776;;;;;;;;;True;False
Daniel Evans;ATP;777;184;1586.1;164;1560.9;218;1498.3;119;1577.1;True;True
Stuart Parker;ATP;778;;;;;;;;;True;False
Federico Coria;ATP;779;260;1511.0;280;1436.1;231;1490.4;403;1382.1;True;True
Filippo Moroni;ATP;780;;;;;;;;;True;False
Gastao Elias;ATP;781;;;;;;;;;True;False
Kasra Rahmani;ATP;782;;;;;;;;;True;False
Sora Fukuda;ATP;783;;;;;;;;;True;False
Luca Castagnola;ATP;784;;;;;;;;;True;False
Emil Ruusuvuori;ATP;785;169;1606.1;153;1576.8;166;1558.3;120;1576.4;True;True
Pedro Rodenas;ATP;786;;;;;;;;;True;False
Noah Zamora;ATP;787;;;;;;;;;True;False
Matt Ponchet;ATP;788;;;;;;;;;True;False
Ryuki Matsuda;ATP;789;;;;;;;;;True;False
Mert Naci Turker;ATP;790;;;;;;;;;True;False
Matt Kuhar;ATP;791;;;;;;;;;True;False
Taisei Ichikawa;ATP;792;;;;;;;;;True;False
Alexis Gautier;ATP;793;;;;;;;;;True;False
Matt Hulme;ATP;794;;;;;;;;;True;False
Michael Agwi;ATP;795;;;;;;;;;True;False
Gabriele Pennaforti;ATP;796;;;;;;;;;True;False
Scott Jones;ATP;797;;;;;;;;;True;False
Alejandro Turriziani Alvarez;ATP;798;;;;;;;;;True;False
Nikola Slavic;ATP;799;;;;;;;;;True;False
Dinko Dinev;ATP;800;;;;;;;;;True;False
Nicholas David Ionel;ATP;801;;;;;;;;;True;False
Antoine Escoffier;ATP;802;350;1435.7;316;1413.4;484;1258.4;445;1360.8;True;True
Cooper Williams;ATP;803;;;;;;;;;True;False
Jakub Paul;ATP;804;395;1389.2;400;1340.1;387;1347.6;368;1394.6;True;True
Andrew Johnson;ATP;805;;;;;;;;;True;False
Luis Carlos Alvarez;ATP;806;;;;;;;;;True;False
Thomas Fancutt;ATP;807;;;;;;;;;True;False
Arda Azkara;ATP;808;476;1314.3;456;1296.2;475;1267.1;479;1340.7;True;True
Gian Luca Tanner;ATP;809;;;;;;;;;True;False
Grigory Shebekin;ATP;810;;;;;;;;;True;False
Keshav Chopra;ATP;811;;;;;;;;;True;False
Demetris Azoides;ATP;812;;;;;;;;;True;False
Andrea De Marchi;ATP;813;;;;;;;;;True;False
Francisco Rocha;ATP;814;;;;;;;;;True;False
Taiyo Yamanaka;ATP;815;;;;;;;;;True;False
Cosme Rolland De Ravel;ATP;816;;;;;;;;;True;False
Nicolas Oliveira;ATP;817;;;;;;;;;True;False
Abel Forger;ATP;818;;;;;;;;;True;False
Mwendwa Mbithi;ATP;819;;;;;;;;;True;False
Benjamin Torrealba;ATP;820;;;;;;;;;True;False
Michel Hopp;ATP;821;;;;;;;;;True;False
Dragos Nicolae Cazacu;ATP;822;;;;;;;;;True;False
Nicolas Jadoun;ATP;823;;;;;;;;;True;False
Elmar Ejupovic;ATP;824;;;;;;;;;True;False
Dan Alexandru Tomescu;ATP;825;;;;;;;;;True;False
Maximilian Homberg;ATP;826;;;;;;;;;True;False
Natan Rodrigues;ATP;827;;;;;;;;;True;False
Anas Mazdrashki;ATP;828;;;;;;;;;True;False
Benjamin Pietri;ATP;829;;;;;;;;;True;False
John Sperle;ATP;830;;;;;;;;;True;False
Keegan Rice;ATP;831;;;;;;;;;True;False
Jangjun Kim;ATP;832;;;;;;;;;True;False
Patrick Brady;ATP;833;;;;;;;;;True;False
Luis Guto Miguel;ATP;834;470;1322.0;481;1267.1;420;1317.1;444;1361.0;True;True
Alex Knaff;ATP;835;;;;;;;;;True;False
Stefano Dagostino;ATP;836;;;;;;;;;True;False
Calvin Mueller;ATP;837;;;;;;;;;True;False
Joao Victor Couto Loureiro;ATP;838;;;;;;;;;True;False
Jorge Plans;ATP;839;;;;;;;;;True;False
Arvid Nordquist;ATP;840;;;;;;;;;True;False
Hoyoung Roh;ATP;841;;;;;;;;;True;False
Nikolay Vylegzhanin;ATP;842;;;;;;;;;True;False
Yusuke Kusuhara;ATP;843;;;;;;;;;True;False
Stefan Horia Haita;ATP;844;;;;;;;;;True;False
Jose Pereira;ATP;845;;;;;;;;;True;False
Jesse Flores;ATP;846;;;;;;;;;True;False
Andrea Fiorentini;ATP;847;;;;;;;;;True;False
Borna Coric;ATP;848;;;;;;;;;True;False
Christopher Eubanks;ATP;849;246;1523.4;220;1493.0;308;1414.6;166;1524.2;True;True
Jannik Opitz;ATP;850;;;;;;;;;True;False
Shintaro Imai;ATP;851;;;;;;;;;True;False
Aleksa Ciric;ATP;852;;;;;;;;;True;False
Dominik Recek;ATP;853;;;;;;;;;True;False
William Grant;ATP;854;;;;;;;;;True;False
Gabriele Maria Noce;ATP;855;;;;;;;;;True;False
Nicholas Roberts;ATP;856;;;;;;;;;True;False
Carles Cordoba;ATP;857;;;;;;;;;True;False
Samuel Alejandro Linde Palacios;ATP;858;547;1051.6;545;1113.5;547;1050.4;547;1225.8;True;True
Alaa Trifi;ATP;859;;;;;;;;;True;False
Emon Van Loben Sels;ATP;860;;;;;;;;;True;False
Peter Bertran;ATP;861;;;;;;;;;True;False
Keaton Hance;ATP;862;;;;;;;;;True;False
Tadeas Paroulek;ATP;863;;;;;;;;;True;False
Nikita Bilozertsev;ATP;864;;;;;;;;;True;False
Alan Wazny;ATP;865;;;;;;;;;True;False
Michael Zhu;ATP;866;;;;;;;;;True;False
Kosuke Ogura;ATP;867;;;;;;;;;True;False
Lorenzo Claverie;ATP;868;;;;;;;;;True;False
Kyle Kang;ATP;869;;;;;;;;;True;False
Nicolas Moreno De Alboran;ATP;870;210;1556.6;176;1548.0;204;1517.6;243;1461.8;True;True
Orlando Luz;ATP;871;;;;;;;;;True;False
Jack Anthrop;ATP;872;;;;;;;;;True;False
Manuel Plunger;ATP;873;;;;;;;;;True;False
Ryo Tabata;ATP;874;;;;;;;;;True;False
Xiaofei Wang;ATP;875;;;;;;;;;True;False
Thanapet Chanta;ATP;876;;;;;;;;;True;False
Miles Jones;ATP;877;;;;;;;;;True;False
Amaury Raynel;ATP;878;;;;;;;;;True;False
Tomas Martinez;ATP;879;;;;;;;;;True;False
Alexandre Aubriot;ATP;880;;;;;;;;;True;False
Matthew Summers;ATP;881;;;;;;;;;True;False
Bryce Nakashima;ATP;882;;;;;;;;;True;False
Sebastian Gorzny;ATP;883;;;;;;;;;True;False
Jozef Kovalik;ATP;884;;;;;;;;;True;False
Facundo Juarez;ATP;885;;;;;;;;;True;False
James Watt;ATP;886;;;;;;;;;True;False
Alejandro Manzanera Pertusa;ATP;887;;;;;;;;;True;False
Theodore Dean;ATP;888;;;;;;;;;True;False
Stijn Paardekooper;ATP;889;;;;;;;;;True;False
Nitin Kumar Sinha;ATP;890;;;;;;;;;True;False
Felix Corwin;ATP;891;;;;;;;;;True;False
Markus Molder;ATP;892;;;;;;;;;True;False
Ronit Karki;ATP;893;;;;;;;;;True;False
Hanyi Liu;ATP;894;;;;;;;;;True;False
Giulio Perego;ATP;895;;;;;;;;;True;False
Lorenzo Rottoli;ATP;896;;;;;;;;;True;False
Niccolo Catini;ATP;897;;;;;;;;;True;False
Fermin Tenti;ATP;898;;;;;;;;;True;False
Tomas Curras Abasolo;ATP;899;;;;;;;;;True;False
Davide Tortora;ATP;900;;;;;;;;;True;False
Ilya Snitari;ATP;901;;;;;;;;;True;False
Jason Jung;ATP;902;356;1431.5;340;1394.9;364;1364.3;291;1431.6;True;True
Charlie Robertson;ATP;903;;;;;;;;;True;False
Dominik Kellovsky;ATP;904;;;;;;;;;True;False
Lorenzo Gagliardo;ATP;905;;;;;;;;;True;False
Maximilian Neuchrist;ATP;906;;;;;;;;;True;False
Tristan Stringer;ATP;907;;;;;;;;;True;False
Duck Hee Lee;ATP;908;;;;;;;;;True;False
Yaojie Zeng;ATP;909;;;;;;;;;True;False
Isaac Becroft;ATP;910;;;;;;;;;True;False
Tom Zeuch;ATP;911;;;;;;;;;True;False
Finn Murgett;ATP;912;;;;;;;;;True;False
Grigoriy Lomakin;ATP;913;;;;;;;;;True;False
Nick Kyrgios;ATP;914;;;;;;;;;True;False
Zsombor Velcz;ATP;915;;;;;;;;;True;False
Johannes Ingildsen;ATP;916;;;;;;;;;True;False
Luis Felipe Miguel;ATP;917;;;;;;;;;True;False
Nico Hipfl;ATP;918;;;;;;;;;True;False
Sam Ryan Ziegann;ATP;919;;;;;;;;;True;False
Younes Lalami Laaroussi;ATP;920;;;;;;;;;True;False
Egor Pleshivtsev;ATP;921;;;;;;;;;True;False
Ali Yazdani;ATP;922;;;;;;;;;True;False
Giannicola Misasi;ATP;923;;;;;;;;;True;False
Muhammad Shoaib;ATP;924;;;;;;;;;True;False
Ofek Shimanov;ATP;925;;;;;;;;;True;False
Pierre Yves Bailly;ATP;926;;;;;;;;;True;False
Kriish Tyagi;ATP;927;;;;;;;;;True;False
Patrick Maloney;ATP;928;;;;;;;;;True;False
Dennis Novak;ATP;929;;;;;;;;;True;False
Oliver Bonding;ATP;930;;;;;;;;;True;False
Jamie Mackenzie;ATP;931;;;;;;;;;True;False
Jeffrey Von Der Schulenburg;ATP;932;;;;;;;;;True;False
Ivan Nedelko;ATP;933;;;;;;;;;True;False
Qian Sun;ATP;934;;;;;;;;;True;False
Christopher Li;ATP;935;;;;;;;;;True;False
Mikalai Haliak;ATP;936;;;;;;;;;True;False
Jakub Filip;ATP;937;;;;;;;;;True;False
William Rejchtman Vinciguerra;ATP;938;;;;;;;;;True;False
Evan Bynoe;ATP;939;;;;;;;;;True;False
Wishaya Trongcharoenchaikul;ATP;940;;;;;;;;;True;False
Daniil Sarksian;ATP;941;;;;;;;;;True;False
Nicolas Barrientos;ATP;942;;;;;;;;;True;False
Pablo Perez Ramos;ATP;943;;;;;;;;;True;False
Martin Borisiouk;ATP;944;;;;;;;;;True;False
Lucas Gerch;ATP;945;;;;;;;;;True;False
Noritaka Koizumi;ATP;946;;;;;;;;;True;False
Giovanni Fonio;ATP;947;;;;;;;;;True;False
Kacper Szymkowiak;ATP;948;;;;;;;;;True;False
Kenny De Schepper;ATP;949;;;;;;;;;True;False
Marc Van Der Merwe;ATP;950;;;;;;;;;True;False
Kristijan Juhas;ATP;951;;;;;;;;;True;False
Rocco Piatti;ATP;952;;;;;;;;;True;False
Louis Larue;ATP;953;;;;;;;;;True;False
Marcus Walters;ATP;954;;;;;;;;;True;False
Adan Freire Da Silva;ATP;955;;;;;;;;;True;False
Kerem Yilmaz;ATP;956;;;;;;;;;True;False
Benjamin O'Connell;ATP;957;;;;;;;;;True;False
Woobin Shin;ATP;958;;;;;;;;;True;False
Blu Baker;ATP;959;;;;;;;;;True;False
Ziga Sesko;ATP;960;;;;;;;;;True;False
Bekkhan Atlangeriev;ATP;961;;;;;;;;;True;False
Bastian Malla;ATP;962;;;;;;;;;True;False
Oliver Okonkwo;ATP;963;;;;;;;;;True;False
Charles Bertimon;ATP;964;;;;;;;;;True;False
Aryan Shah;ATP;965;516;1235.2;512;1227.9;508;1226.1;505;1317.6;True;True
Ryotaro Taguchi;ATP;966;;;;;;;;;True;False
Kris Van Wyk;ATP;967;;;;;;;;;True;False
Petros Tsitsipas;ATP;968;;;;;;;;;True;False
Benjamin Thomas George;ATP;969;;;;;;;;;True;False
Karim Ibrahim;ATP;970;;;;;;;;;True;False
Luca Pow;ATP;971;;;;;;;;;True;False
Linus Lagerbohm;ATP;972;;;;;;;;;True;False
Yannick Alexandrescou;ATP;973;;;;;;;;;True;False
Micah Braswell;ATP;974;;;;;;;;;True;False
Taym Al Azmeh;ATP;975;;;;;;;;;True;False
Chan Yeong Oh;ATP;976;;;;;;;;;True;False
Artur Kukasian;ATP;977;;;;;;;;;True;False
Justin Roberts;ATP;977;;;;;;;;;True;False
Enzo Kohlmann De Freitas;ATP;979;;;;;;;;;True;False
Maxwell Exsted;ATP;980;;;;;;;;;True;False
Markus Malaszszak;ATP;981;;;;;;;;;True;False
Michele Mecarelli;ATP;982;;;;;;;;;True;False
Aaron Funk;ATP;983;;;;;;;;;True;False
Julian Cundom;ATP;984;;;;;;;;;True;False
Dev Javia;ATP;985;;;;;;;;;True;False
Yuta Tomida;ATP;986;;;;;;;;;True;False
Pietro Marino;ATP;987;;;;;;;;;True;False
Niccolo Ciavarella;ATP;988;;;;;;;;;True;False
Pavlos Tsitsipas;ATP;989;;;;;;;;;True;False
Jesse Delaney;ATP;990;;;;;;;;;True;False
Benito Sanchez Martinez;ATP;991;;;;;;;;;True;False
Aoran Wang;ATP;992;;;;;;;;;True;False
Shunsuke Nakagawa;ATP;993;;;;;;;;;True;False
Stijn Slump;ATP;994;;;;;;;;;True;False
Iiro Vasa;ATP;995;;;;;;;;;True;False
Axel Garcian;ATP;996;;;;;;;;;True;False
Diego Augusto Barreto Sanchez;ATP;997;;;;;;;;;True;False
Marko Maksimovic;ATP;998;;;;;;;;;True;False
Axel Nefve;ATP;999;;;;;;;;;True;False
Mickael Kaouk;ATP;1000;;;;;;;;;True;False
Hazem Naw;ATP;1001;;;;;;;;;True;False
Sydney Zick;ATP;1002;;;;;;;;;True;False
Nikita Ianin;ATP;1003;;;;;;;;;True;False
Aljaz Jeran;ATP;1004;;;;;;;;;True;False
Jeremy Gschwendtner;ATP;1005;;;;;;;;;True;False
Mikael Arseneault;ATP;1006;;;;;;;;;True;False
Ajeet Rai;ATP;1007;;;;;;;;;True;False
Noah Schachter;ATP;1008;;;;;;;;;True;False
Rigele Te;ATP;1009;;;;;;;;;True;False
Karl Friberg;ATP;1010;;;;;;;;;True;False
Ezequiel Monferrer;ATP;1011;;;;;;;;;True;False
Aditya Vishal Balsekar;ATP;1012;;;;;;;;;True;False
David Eichenseher;ATP;1013;;;;;;;;;True;False
Rafael Tosetto;ATP;1014;;;;;;;;;True;False
Niklas Schell;ATP;1015;;;;;;;;;True;False
Mihai Razvan Marinescu;ATP;1016;;;;;;;;;True;False
Nicolas Bruna;ATP;1017;;;;;;;;;True;False
Rethin Pranav Senthil Kumar;ATP;1018;;;;;;;;;True;False
Devin Badenhorst;ATP;1019;;;;;;;;;True;False
Filip Pieczonka;ATP;1020;;;;;;;;;True;False
Christian Sigsgaard;ATP;1021;;;;;;;;;True;False
Ji Sung Nam;ATP;1022;;;;;;;;;True;False
Cezar Gabriel Papoe;ATP;1023;;;;;;;;;True;False
Dante Pagani;ATP;1024;;;;;;;;;True;False
Goncalo Marques;ATP;1025;;;;;;;;;True;False
Peter Buldorini;ATP;1026;;;;;;;;;True;False
Ronald Hohmann;ATP;1027;;;;;;;;;True;False
Robert Guna;ATP;1028;;;;;;;;;True;False
Jumpei Yamasaki;ATP;1029;;;;;;;;;True;False
Fons Van Sambeek;ATP;1030;;;;;;;;;True;False
Conor Gannon;ATP;1031;;;;;;;;;True;False
Stefan Vujic;ATP;1032;;;;;;;;;True;False
Volodymyr Iakubenko;ATP;1033;;;;;;;;;True;False
Max Purcell;ATP;1034;;;;;;;;;True;False
Joaquim Almeida;ATP;1035;;;;;;;;;True;False
Alex Kuperstein;ATP;1036;;;;;;;;;True;False
Albert Pedrico Kravtsov;ATP;1037;;;;;;;;;True;False
Segundo Goity Zapico;ATP;1038;;;;;;;;;True;False
Bautista Vilicich;ATP;1039;;;;;;;;;True;False
Salvador Price;ATP;1040;;;;;;;;;True;False
Christopher Papa;ATP;1041;;;;;;;;;True;False
Evgeny Philippov;ATP;1042;;;;;;;;;True;False
Geun Jun Kim;ATP;1043;;;;;;;;;True;False
Yan Cheng Chen;ATP;1044;;;;;;;;;True;False
Zach Stephens;ATP;1045;;;;;;;;;True;False
Jacob Brumm;ATP;1046;;;;;;;;;True;False
Luka Talan Lopatic;ATP;1047;;;;;;;;;True;False
Andrea Colombo;ATP;1048;;;;;;;;;True;False
Ammar Alhogbani;ATP;1049;;;;;;;;;True;False
Fanming Meng;ATP;1050;;;;;;;;;True;False
Nicolas Ifi;ATP;1051;;;;;;;;;True;False
Leyton Rivera;ATP;1052;;;;;;;;;True;False
Albert Ramos;ATP;1053;;;;;;;;;True;False
Sasha Rozin;ATP;1054;;;;;;;;;True;False
Julio Cesar Porras;ATP;1055;;;;;;;;;True;False
Gianluca Brunkow;ATP;1056;;;;;;;;;True;False
Joaquin Guilleme;ATP;1057;;;;;;;;;True;False
Daisuke Sumizawa;ATP;1058;;;;;;;;;True;False
Yunseong Chung;ATP;1059;;;;;;;;;True;False
Adrien Gobat;ATP;1060;;;;;;;;;True;False
Simeon Stankovic;ATP;1061;;;;;;;;;True;False
Stefan Seifert;ATP;1062;;;;;;;;;True;False
Elgin Khoeblal;ATP;1063;;;;;;;;;True;False
Nikola Djosic;ATP;1064;;;;;;;;;True;False
Johan Oscar Lien;ATP;1065;;;;;;;;;True;False
Justin Schlageter;ATP;1066;;;;;;;;;True;False
Brian Bozemoj;ATP;1067;;;;;;;;;True;False
Duje Markovina;ATP;1068;;;;;;;;;True;False
Mathieu Scaglia;ATP;1069;;;;;;;;;True;False
Nicolas Garcia Longo;ATP;1070;;;;;;;;;True;False
Filippo Mazzola;ATP;1071;;;;;;;;;True;False
Thantub Suksumrarn;ATP;1072;;;;;;;;;True;False
Viktor Frydrych;ATP;1072;;;;;;;;;True;False
Sergi Fita Juan;ATP;1074;;;;;;;;;True;False
Mateo Del Pino;ATP;1075;;;;;;;;;True;False
David Pichler;ATP;1076;;;;;;;;;True;False
Oliver Ojakaar;ATP;1077;;;;;;;;;True;False
Damien Wenger;ATP;1078;;;;;;;;;True;False
Dominick Mosejczuk;ATP;1079;;;;;;;;;True;False
Alejandro Hayen;ATP;1080;;;;;;;;;True;False
Finn Bass;ATP;1081;;;;;;;;;True;False
Alexandre Reco;ATP;1082;;;;;;;;;True;False
Oskari Paldanius;ATP;1083;;;;;;;;;True;False
Joao Vitor Scramin Do Lago;ATP;1084;;;;;;;;;True;False
Ruslan Tiukaev;ATP;1085;;;;;;;;;True;False
James Van Herzeele;ATP;1086;;;;;;;;;True;False
Chen Dong;ATP;1087;;;;;;;;;True;False
Rares Teodor Pieleanu;ATP;1088;;;;;;;;;True;False
Vladislav Melnic;ATP;1089;;;;;;;;;True;False
Diego Fernandez Flores;ATP;1090;;;;;;;;;True;False
Pietro Romeo Scomparin;ATP;1091;;;;;;;;;True;False
Yuto Oki;ATP;1092;;;;;;;;;True;False
Ali Habib;ATP;1093;;;;;;;;;True;False
Melih Anavatan;ATP;1094;;;;;;;;;True;False
Jacopo Bilardo;ATP;1095;;;;;;;;;True;False
Simon Reveniau;ATP;1096;;;;;;;;;True;False
Benjamin Winter Lopez;ATP;1097;;;;;;;;;True;False
Vignesh Gogineni;ATP;1097;;;;;;;;;True;False
William Manning;ATP;1099;;;;;;;;;True;False
David Poljak;ATP;1100;;;;;;;;;True;False
Lautaro Agustin Falabella;ATP;1101;;;;;;;;;True;False
Alexander Klintcharov;ATP;1102;;;;;;;;;True;False
Victor Lilov;ATP;1103;;;;;;;;;True;False
Denis Petak;ATP;1104;;;;;;;;;True;False
Enzo Wallart;ATP;1105;;;;;;;;;True;False
Mathys Picard;ATP;1106;;;;;;;;;True;False
Denis Constantin Spiridon;ATP;1107;;;;;;;;;True;False
George Lazarov;ATP;1108;;;;;;;;;True;False
Linang Xiao;ATP;1109;;;;;;;;;True;False
Valentin Basel;ATP;1109;;;;;;;;;True;False
Rafael De Alba;ATP;1111;;;;;;;;;True;False
Daniel Uta;ATP;1112;;;;;;;;;True;False
Makoto Ochi;ATP;1113;;;;;;;;;True;False
Jeremy Schifris;ATP;1114;;;;;;;;;True;False
Lucca Helguera Casado;ATP;1115;;;;;;;;;True;False
Victor Hugo Remondy Pagotto;ATP;1116;;;;;;;;;True;False
Mohamed Nazim Makhlouf;ATP;1117;;;;;;;;;True;False
Christian Djonov;ATP;1118;;;;;;;;;True;False
Enzo Camargo Lima;ATP;1119;;;;;;;;;True;False
Kody Pearson;ATP;1120;;;;;;;;;True;False
Amirkhamza Nasridinov;ATP;1121;;;;;;;;;True;False
Sebastian Dominko;ATP;1122;;;;;;;;;True;False
Suk Hyun Choo;ATP;1123;;;;;;;;;True;False
Jerry Roddick;ATP;1124;;;;;;;;;True;False
Alexander Frusina;ATP;1125;;;;;;;;;True;False
Maan Kesharwani;ATP;1126;;;;;;;;;True;False
Viktor Markov;ATP;1127;;;;;;;;;True;False
Edoardo Cherie Ligniere;ATP;1128;;;;;;;;;True;False
Zura Tkemaladze;ATP;1129;;;;;;;;;True;False
Lachlan James Mcfadzean;ATP;1130;;;;;;;;;True;False
Antoni Fabre;ATP;1131;;;;;;;;;True;False
Joao Vitor Goncalves Ceolin;ATP;1132;;;;;;;;;True;False
Giacomo Crisostomo;ATP;1133;;;;;;;;;True;False
Sebastiano Cocola;ATP;1134;;;;;;;;;True;False
Seung Woo Cho;ATP;1135;;;;;;;;;True;False
Iannis Miletich;ATP;1136;;;;;;;;;True;False
Preston Brown;ATP;1137;;;;;;;;;True;False
Saveliy Ivanov;ATP;1138;;;;;;;;;True;False
Oscar Otte;ATP;1139;;;;;;;;;True;False
Matias Ponce De Leon Gomila;ATP;1140;;;;;;;;;True;False
Ilyas Milad Fahim;ATP;1141;;;;;;;;;True;False
Asahi Harazaki;ATP;1142;;;;;;;;;True;False
Joris De Loore;ATP;1143;;;;;;;;;True;False
Egor Gerasimov;ATP;1144;;;;;;;;;True;False
Jordan Hasson;ATP;1145;;;;;;;;;True;False
Gijs Brouwer;ATP;1146;;;;;;;;;True;False
Elijah Sanogo;ATP;1147;;;;;;;;;True;False
Adrian Andreev;ATP;1148;;;;;;;;;True;False
Liam Gavrielides;ATP;1149;;;;;;;;;True;False
Rohan Mehra;ATP;1149;;;;;;;;;True;False
Thiago Agustin Pernas;ATP;1151;;;;;;;;;True;False
Alexander Kotzen;ATP;1152;;;;;;;;;True;False
Jan Kupcic;ATP;1153;;;;;;;;;True;False
Pedro Araujo;ATP;1154;;;;;;;;;True;False
Kristjan Tamm;ATP;1155;;;;;;;;;True;False
Rocco Valente;ATP;1156;;;;;;;;;True;False
Jonas Eriksson Ziverts;ATP;1157;;;;;;;;;True;False
Maxence Rivet;ATP;1158;;;;;;;;;True;False
Jefferson Wendler Filho;ATP;1159;;;;;;;;;True;False
Marcello Serafini;ATP;1160;;;;;;;;;True;False
Hiromasa Koyama;ATP;1161;;;;;;;;;True;False
Diogo Marques;ATP;1162;;;;;;;;;True;False
Billy Suarez;ATP;1163;;;;;;;;;True;False
Jonathan Mridha;ATP;1164;;;;;;;;;True;False
Leonardo Primucci;ATP;1165;;;;;;;;;True;False
Lorenzo Lorusso;ATP;1166;;;;;;;;;True;False
Maximilian Figl;ATP;1167;;;;;;;;;True;False
Enzo Couacaud;ATP;1168;;;;;;;;;True;False
Yunseok Jang;ATP;1169;;;;;;;;;True;False
Pranav Karthik;ATP;1170;;;;;;;;;True;False
Dominique Rolland;ATP;1171;;;;;;;;;True;False
Daniil Kakhniuk;ATP;1172;;;;;;;;;True;False
Lucas Marionneau;ATP;1172;;;;;;;;;True;False
Evgeny Tyurnev;ATP;1174;;;;;;;;;True;False
Kazuki Nishiwaki;ATP;1175;;;;;;;;;True;False
Stefan Cooper;ATP;1176;;;;;;;;;True;False
Thando Longwe Smit;ATP;1177;;;;;;;;;True;False
Lorenzo Comino;ATP;1178;;;;;;;;;True;False
Marcel Kamrowski;ATP;1179;;;;;;;;;True;False
Udit Kamboj;ATP;1180;;;;;;;;;True;False
Felipe De Dios;ATP;1181;;;;;;;;;True;False
Tobia Costanzo Baragiola Mordini;ATP;1182;;;;;;;;;True;False
Nicolo Toffanin;ATP;1183;;;;;;;;;True;False
Luis David Martinez;ATP;1184;;;;;;;;;True;False
Ricardas Berankis;ATP;1185;;;;;;;;;True;False
Siddhant Banthia;ATP;1186;;;;;;;;;True;False
Niccolo Baroni;ATP;1187;;;;;;;;;True;False
Tito Chavez;ATP;1187;;;;;;;;;True;False
Luc Koenig;ATP;1189;;;;;;;;;True;False
Julian Alonso;ATP;1190;;;;;;;;;True;False
Darian King;ATP;1191;;;;;;;;;True;False
Harold Huens;ATP;1192;;;;;;;;;True;False
Toby Alex Kodat;ATP;1193;;;;;;;;;True;False
Mathis Bondaz;ATP;1194;;;;;;;;;True;False
Mustafa Ege Sik;ATP;1195;;;;;;;;;True;False
Martin Sabas;ATP;1196;;;;;;;;;True;False
Luca Preda;ATP;1197;;;;;;;;;True;False
Federico Aguilar Cardozo;ATP;1198;;;;;;;;;True;False
Shu Matsuoka;ATP;1199;;;;;;;;;True;False
Sebastian Fanselow;ATP;1200;;;;;;;;;True;False
Jaesung Choe;ATP;1201;;;;;;;;;True;False
Theo Herrmann;ATP;1202;;;;;;;;;True;False
Tudor Batin;ATP;1203;;;;;;;;;True;False
Tanguy Genier;ATP;1204;;;;;;;;;True;False
Liam Krall;ATP;1205;;;;;;;;;True;False
Vardan Manukyan;ATP;1206;;;;;;;;;True;False
Alexander Wagner;ATP;1207;;;;;;;;;True;False
Liam Branger;ATP;1208;;;;;;;;;True;False
Enrique Carrascosa Diaz;ATP;1209;;;;;;;;;True;False
Benjamin Willwerth;ATP;1210;;;;;;;;;True;False
Niklas Guttau;ATP;1211;;;;;;;;;True;False
Edison Ambarzumjan;ATP;1212;;;;;;;;;True;False
Alen Mujakic;ATP;1213;;;;;;;;;True;False
Valentin Lapalu;ATP;1214;;;;;;;;;True;False
Hugo Pierre;ATP;1215;;;;;;;;;True;False
Reece Falck;ATP;1215;;;;;;;;;True;False
James Beaven;ATP;1217;;;;;;;;;True;False
Maxim Shin;ATP;1218;;;;;;;;;True;False
Toby Martin;ATP;1219;;;;;;;;;True;False
Timeo Trufelli;ATP;1220;;;;;;;;;True;False
Boris Butulija;ATP;1221;;;;;;;;;True;False
Nicolas Parizzia;ATP;1222;;;;;;;;;True;False
Gage Brymer;ATP;1223;;;;;;;;;True;False
Landon Ardila;ATP;1224;;;;;;;;;True;False
Derek Pham;ATP;1225;;;;;;;;;True;False
Keenan Mayo;ATP;1225;;;;;;;;;True;False
Walid Ahouda;ATP;1227;;;;;;;;;True;False
Trey Hilderbrand;ATP;1228;;;;;;;;;True;False
Boris Arias;ATP;1229;;;;;;;;;True;False
Federico Zeballos;ATP;1229;;;;;;;;;True;False
Arthur Reymond;ATP;1231;;;;;;;;;True;False
Evgeny Karlovskiy;ATP;1232;;;;;;;;;True;False
Hayden Jones;ATP;1233;;;;;;;;;True;False
Noah Johnston;ATP;1234;;;;;;;;;True;False
Youssef Kadiri Hassani;ATP;1235;;;;;;;;;True;False
Kevin Edengren;ATP;1236;;;;;;;;;True;False
Rodrigo Fernandes;ATP;1237;;;;;;;;;True;False
Fadi Bidan;ATP;1238;;;;;;;;;True;False
Vuk Radjenovic;ATP;1239;;;;;;;;;True;False
James Connel;ATP;1240;;;;;;;;;True;False
Koray Kirci;ATP;1241;;;;;;;;;True;False
Arjun Rathi;ATP;1242;;;;;;;;;True;False
Manel Lazaro Juncadella;ATP;1242;;;;;;;;;True;False
Ethan Cook;ATP;1244;;;;;;;;;True;False
Flynn Thomas;ATP;1244;;;;;;;;;True;False
Filiberto Fumagalli;ATP;1246;;;;;;;;;True;False
Leonardo Borrelli;ATP;1247;;;;;;;;;True;False
Abhinav Sanjeev Shanmugam;ATP;1248;;;;;;;;;True;False
Jonas Kucera;ATP;1249;;;;;;;;;True;False
Vlado Jankanj;ATP;1250;;;;;;;;;True;False
Gabriele Crivellaro;ATP;1251;;;;;;;;;True;False
Sungbeen Sim;ATP;1252;;;;;;;;;True;False
Taketo Takamisawa;ATP;1253;;;;;;;;;True;False
Edouard Villoslada;ATP;1254;;;;;;;;;True;False
Luke Hooper;ATP;1255;;;;;;;;;True;False
Noel Larwig;ATP;1256;;;;;;;;;True;False
Piet Luis Pinter;ATP;1256;;;;;;;;;True;False
Noah Lopez Cherubino;ATP;1258;;;;;;;;;True;False
Chirag Duhan;ATP;1259;;;;;;;;;True;False
Gabriel Schenekenberg;ATP;1260;;;;;;;;;True;False
Matas Vasiliauskas;ATP;1261;;;;;;;;;True;False
Ferdinand Livet Novkirichka;ATP;1262;;;;;;;;;True;False
Ivan Gretskiy;ATP;1263;;;;;;;;;True;False
Yassine Smiej;ATP;1264;;;;;;;;;True;False
Duarte Vale;ATP;1265;;;;;;;;;True;False
Matias Reyniak;ATP;1266;;;;;;;;;True;False
Karue Sell;ATP;1267;;;;;;;;;True;False
Takeru Yuzuki;ATP;1268;;;;;;;;;True;False
Luc Fomba;ATP;1269;;;;;;;;;True;False
Tanishk Konduri;ATP;1269;;;;;;;;;True;False
Mario Martinez Serrano;ATP;1271;;;;;;;;;True;False
Bozo Barun;ATP;1272;;;;;;;;;True;False
Hugo Car;ATP;1272;;;;;;;;;True;False
Paul Barbier Gazeu;ATP;1274;;;;;;;;;True;False
Adam Jilly;ATP;1275;;;;;;;;;True;False
Jack Satterfield;ATP;1276;;;;;;;;;True;False
Pedro Rodrigues;ATP;1277;;;;;;;;;True;False
Gavin Goode;ATP;1278;;;;;;;;;True;False
Skander Mansouri;ATP;1279;;;;;;;;;True;False
Diego Jarry Fillol;ATP;1280;;;;;;;;;True;False
Leo Lagarrigue;ATP;1281;;;;;;;;;True;False
Marko Mesarovic;ATP;1282;;;;;;;;;True;False
Oliver Anderson;ATP;1283;;;;;;;;;True;False
William Mirarchi;ATP;1283;;;;;;;;;True;False
Leonardo Malgaroli;ATP;1285;;;;;;;;;True;False
Louis Tessa;ATP;1286;;;;;;;;;True;False
Remy Dugardin;ATP;1287;;;;;;;;;True;False
Matteo Sciahbasi;ATP;1288;;;;;;;;;True;False
Noah Lopez;ATP;1288;;;;;;;;;True;False
Ishaque Eqbal;ATP;1290;;;;;;;;;True;False
Stefan Ilie Bogdan Petre;ATP;1290;;;;;;;;;True;False
Ashton Mcleod;ATP;1292;;;;;;;;;True;False
Nathan Ponwith;ATP;1292;;;;;;;;;True;False
Pierre Antoine Tailleu;ATP;1294;;;;;;;;;True;False
Ryota Tanuma;ATP;1295;;;;;;;;;True;False
Lorenzo Beraldo;ATP;1296;;;;;;;;;True;False
Radovan Michalik;ATP;1297;;;;;;;;;True;False
Aleksander Chayka;ATP;1298;;;;;;;;;True;False
Mohamed Ali Abibsi;ATP;1298;;;;;;;;;True;False
Nikola Jovic;ATP;1298;;;;;;;;;True;False
Leonid Sheyngezikht;ATP;1301;;;;;;;;;True;False
Amine Jamji;ATP;1302;;;;;;;;;True;False
Kacper Knitter;ATP;1303;;;;;;;;;True;False
Michael Gloeckler;ATP;1304;;;;;;;;;True;False
Aaron Gil Garcia;ATP;1305;;;;;;;;;True;False
Ty Host;ATP;1306;;;;;;;;;True;False
Tomohiro Masabayashi;ATP;1307;;;;;;;;;True;False
Xing Dao Chen;ATP;1308;;;;;;;;;True;False
Jan Hrazdil;ATP;1309;;;;;;;;;True;False
Joshua Peck;ATP;1310;;;;;;;;;True;False
Matthias Ujvary;ATP;1311;;;;;;;;;True;False
Aren Baybars;ATP;1312;;;;;;;;;True;False
Lambert Ruland;ATP;1312;;;;;;;;;True;False
Zack Vialla;ATP;1312;;;;;;;;;True;False
Andrej Loncarevic;ATP;1315;;;;;;;;;True;False
Preston Stearns;ATP;1315;;;;;;;;;True;False
Gregoire Barrere;ATP;1317;;;;;;;;;True;False
Aslan Karatsev;ATP;1318;;;;;;;;;True;False
Cleeve Harper;ATP;1319;;;;;;;;;True;False
Stefan Latinovic;ATP;1320;;;;;;;;;True;False
Patrik Niklas Salminen;ATP;1321;;;;;;;;;True;False
Szymon Kielan;ATP;1321;;;;;;;;;True;False
Fnu Nidunjianzan;ATP;1323;;;;;;;;;True;False
Alvin Nicholas Tudorica;ATP;1324;;;;;;;;;True;False
Roan Jones;ATP;1324;;;;;;;;;True;False
William Jansen;ATP;1326;;;;;;;;;True;False
Santiago Giamichelle;ATP;1327;;;;;;;;;True;False
Alex Chang;ATP;1328;;;;;;;;;True;False
Uladzimir Ignatik;ATP;1329;;;;;;;;;True;False
Connor Thomson;ATP;1330;;;;;;;;;True;False
Roberto Cid;ATP;1330;;;;;;;;;True;False
Felipe Virgili Berini;ATP;1332;;;;;;;;;True;False
Bernardo Munk Mesa;ATP;1333;;;;;;;;;True;False
Shu Muto;ATP;1333;;;;;;;;;True;False
Jerrid Gaines;ATP;1335;;;;;;;;;True;False
Adam Lynch;ATP;1336;;;;;;;;;True;False
Phillip Jordan;ATP;1336;;;;;;;;;True;False
Andreas Timini;ATP;1338;;;;;;;;;True;False
Nemanja Malesevic;ATP;1338;;;;;;;;;True;False
Glib Sekachov;ATP;1340;;;;;;;;;True;False
Ignacio Antonio Becerra Otarola;ATP;1340;;;;;;;;;True;False
Lev Seidman;ATP;1342;;;;;;;;;True;False
Lasse Poertner;ATP;1343;;;;;;;;;True;False
Oscar Brown;ATP;1344;;;;;;;;;True;False
Alessandro Battiston;ATP;1345;;;;;;;;;True;False
Laurence Teunissen;ATP;1345;;;;;;;;;True;False
Bora Sengul;ATP;1347;;;;;;;;;True;False
Matei Florin Breazu;ATP;1347;;;;;;;;;True;False
Vishnu Vardhan;ATP;1347;;;;;;;;;True;False
Joao Silva;ATP;1350;;;;;;;;;True;False
Mikail Alimli;ATP;1350;;;;;;;;;True;False
Alexander Zgirovsky;ATP;1352;;;;;;;;;True;False
Drew Van Orderlain;ATP;1352;;;;;;;;;True;False
Mac Visser;ATP;1352;;;;;;;;;True;False
Nikolas Stoot;ATP;1352;;;;;;;;;True;False
Dillon Beckles;ATP;1356;;;;;;;;;True;False
Alvaro Peiro Serrano;ATP;1357;;;;;;;;;True;False
Jiri Cizek;ATP;1358;;;;;;;;;True;False
Rafael Giotis;ATP;1359;;;;;;;;;True;False
Victor Braga;ATP;1360;;;;;;;;;True;False
Yuquan Jin;ATP;1361;;;;;;;;;True;False
Francesco Ferrari;ATP;1362;;;;;;;;;True;False
Richard Antoni;ATP;1363;;;;;;;;;True;False
Ezekiel Clark;ATP;1364;;;;;;;;;True;False
Gray Voelzke;ATP;1364;;;;;;;;;True;False
Lucca Pinto;ATP;1366;;;;;;;;;True;False
Matteo Fondriest;ATP;1366;;;;;;;;;True;False
Valentino Grippo;ATP;1366;;;;;;;;;True;False
Roman Kharlamov;ATP;1369;;;;;;;;;True;False
Niklas Waldner;ATP;1370;;;;;;;;;True;False
Daniel Cukierman;ATP;1371;;;;;;;;;True;False
Kaito Uesugi;ATP;1371;;;;;;;;;True;False
Ramkumar Ramanathan;ATP;1371;;;;;;;;;True;False
Yannik Alvarez;ATP;1371;;;;;;;;;True;False
Nicolas Ian Kotzen;ATP;1375;;;;;;;;;True;False
Moritz Kudernatsch;ATP;1376;;;;;;;;;True;False
Ryan James Storrie;ATP;1377;;;;;;;;;True;False
Alberto Lim;ATP;1378;;;;;;;;;True;False
Max Dahlin;ATP;1378;;;;;;;;;True;False
Sergio Luis Hernandez Ramirez;ATP;1378;;;;;;;;;True;False
Simon Beaupain;ATP;1378;;;;;;;;;True;False
Stian Klaassen;ATP;1382;;;;;;;;;True;False
Maximus Dussault;ATP;1383;;;;;;;;;True;False
Mathys Domenc;ATP;1384;;;;;;;;;True;False
Noah Schlagenhauf;ATP;1385;;;;;;;;;True;False
Neo Niedner;ATP;1386;;;;;;;;;True;False
Aleksa Pisaric;ATP;1387;;;;;;;;;True;False
Nicholas Godsick;ATP;1388;;;;;;;;;True;False
Artem Alekseychuk;ATP;1389;;;;;;;;;True;False
Juan Carlos Aguilar;ATP;1390;;;;;;;;;True;False
Rudy Quan;ATP;1391;;;;;;;;;True;False
Muzammil Murtaza;ATP;1392;;;;;;;;;True;False
Lorenzo Berto;ATP;1393;;;;;;;;;True;False
Achilles Belkovics;ATP;1394;;;;;;;;;True;False
Frazier Rengifo;ATP;1395;;;;;;;;;True;False
Jesse De Jager;ATP;1395;;;;;;;;;True;False
Mariano Tammaro;ATP;1397;;;;;;;;;True;False
Jasza Szajrych;ATP;1398;;;;;;;;;True;False
Naoki Tajima;ATP;1399;;;;;;;;;True;False
Bill Chan;ATP;1400;;;;;;;;;True;False
Kabir Hans;ATP;1401;;;;;;;;;True;False
Lucca Liu;ATP;1402;;;;;;;;;True;False
Gus Grumet;ATP;1403;;;;;;;;;True;False
Julien Penzlin;ATP;1403;;;;;;;;;True;False
Miha Vetrih;ATP;1403;;;;;;;;;True;False
Peter Alam;ATP;1406;;;;;;;;;True;False
Melvin Kumar;ATP;1407;;;;;;;;;True;False
Minghui Zhang;ATP;1408;;;;;;;;;True;False
Hugo Maia;ATP;1409;;;;;;;;;True;False
Giammarco Gandolfi;ATP;1410;;;;;;;;;True;False
Riku Takahata;ATP;1411;;;;;;;;;True;False
Madhwin Kamath;ATP;1412;;;;;;;;;True;False
Daniel Bagnolini;ATP;1413;;;;;;;;;True;False
Noah Karma;ATP;1413;;;;;;;;;True;False
Alessio Basile;ATP;1415;;;;;;;;;True;False
Mak Mikovic;ATP;1415;;;;;;;;;True;False
Weiwen Pan;ATP;1415;;;;;;;;;True;False
Gian Marco Ortenzi;ATP;1418;;;;;;;;;True;False
Mihai Alexandru Coman;ATP;1419;;;;;;;;;True;False
Ivan Biletic;ATP;1420;;;;;;;;;True;False
Sergio Planella Hernandez;ATP;1421;;;;;;;;;True;False
Dmitry Bessonov;ATP;1422;;;;;;;;;True;False
Vito Dellelba;ATP;1422;;;;;;;;;True;False
Parth Aggarwal;ATP;1424;;;;;;;;;True;False
Xiaoyin Yang;ATP;1425;;;;;;;;;True;False
Charles Chen;ATP;1426;;;;;;;;;True;False
Andrea Bacaloni;ATP;1427;;;;;;;;;True;False
Noah Thurner;ATP;1428;;;;;;;;;True;False
Jeremy Jin;ATP;1429;;;;;;;;;True;False
Zoran Ludoski;ATP;1429;;;;;;;;;True;False
Henry Jefferson;ATP;1431;;;;;;;;;True;False
James Hopper;ATP;1431;;;;;;;;;True;False
Alejandro Garcia;ATP;1433;;;;;;;;;True;False
Filip Gustafsson;ATP;1433;;;;;;;;;True;False
Santiago Lora;ATP;1433;;;;;;;;;True;False
Leonardo Aboian;ATP;1436;;;;;;;;;True;False
Clement Lemire;ATP;1437;;;;;;;;;True;False
Haydar Cem Gokpinar;ATP;1438;;;;;;;;;True;False
Jeremy Zhang;ATP;1438;;;;;;;;;True;False
Niels Ratiu;ATP;1438;;;;;;;;;True;False
Marko Milosavljevic;ATP;1441;;;;;;;;;True;False
Damien Salvestre;ATP;1442;;;;;;;;;True;False
Gregor Ramskogler;ATP;1442;;;;;;;;;True;False
Benjamin Chelia;ATP;1444;;;;;;;;;True;False
Oswaldo Alejandro Reyes Tirado;ATP;1445;;;;;;;;;True;False
Xirui Han;ATP;1445;;;;;;;;;True;False
Patrik Munkhammar;ATP;1447;;;;;;;;;True;False
Ymerali Ibraimi;ATP;1448;;;;;;;;;True;False
Gabriele Vulpitta;ATP;1449;;;;;;;;;True;False
Matthew Segura;ATP;1450;;;;;;;;;True;False
Rodolfo Jauregui Sainz De Rozas;ATP;1451;;;;;;;;;True;False
Toshiki Karigyo;ATP;1451;;;;;;;;;True;False
Zhao Zhao;ATP;1451;;;;;;;;;True;False
Brandon Perez;ATP;1454;;;;;;;;;True;False
Sergey Petrov;ATP;1454;;;;;;;;;True;False
Ammar Elamin;ATP;1456;;;;;;;;;True;False
Jonas Pelle Hartenstein;ATP;1456;;;;;;;;;True;False
Yuttana Charoenphon;ATP;1456;;;;;;;;;True;False
Filippo Francesco Garbero;ATP;1459;;;;;;;;;True;False
Ricardo Rodriguez;ATP;1459;;;;;;;;;True;False
Jake Dembo;ATP;1461;;;;;;;;;True;False
Ye Chen;ATP;1461;;;;;;;;;True;False
Amador Salazar;ATP;1463;;;;;;;;;True;False
Juan Ignacio Gallego;ATP;1463;;;;;;;;;True;False
Raghav Jaisinghani;ATP;1463;;;;;;;;;True;False
Henry Lieberman;ATP;1466;;;;;;;;;True;False
Toprak Avcibasi;ATP;1467;;;;;;;;;True;False
Adrien Burdet;ATP;1468;;;;;;;;;True;False
Pierre Antoine Faut;ATP;1469;;;;;;;;;True;False
Nik Mikovic;ATP;1470;;;;;;;;;True;False
Pijus Vaitiekunas;ATP;1470;;;;;;;;;True;False
Andrea M'Chich;ATP;1472;;;;;;;;;True;False
Antonio Voljavec;ATP;1472;;;;;;;;;True;False
Sven Corbinais;ATP;1472;;;;;;;;;True;False
Lars Goran Verwerft;ATP;1475;;;;;;;;;True;False
Bautista De La Pena;ATP;1476;;;;;;;;;True;False
Breno Braga;ATP;1476;;;;;;;;;True;False
Juan Bautista Otegui;ATP;1476;;;;;;;;;True;False
Volodymyr Gurenko;ATP;1476;;;;;;;;;True;False
Alessandro Coccioli;ATP;1480;;;;;;;;;True;False
Ivan Iutkin;ATP;1480;;;;;;;;;True;False
Vadym Konovchuk;ATP;1480;;;;;;;;;True;False
Ewen Lumsden;ATP;1483;;;;;;;;;True;False
Liam Delicata;ATP;1483;;;;;;;;;True;False
Stefan Storch;ATP;1483;;;;;;;;;True;False
Samuele Seghetti;ATP;1486;;;;;;;;;True;False
Jack Bruce Smith;ATP;1487;;;;;;;;;True;False
Arjun Mehrotra;ATP;1488;;;;;;;;;True;False
Arthur Bellegy;ATP;1489;;;;;;;;;True;False
Hitesh Chauhan;ATP;1489;;;;;;;;;True;False
Corban Crowther;ATP;1491;;;;;;;;;True;False
Gilberto Ravasio;ATP;1492;;;;;;;;;True;False
Ioannis Kountourakis;ATP;1493;;;;;;;;;True;False
Karim Mabrouk;ATP;1494;;;;;;;;;True;False
Alexey Aleshchev;ATP;1495;;;;;;;;;True;False
Noah Perfetti;ATP;1496;;;;;;;;;True;False
Yuichiro Inui;ATP;1496;;;;;;;;;True;False
Guy Orly Iradukunda;ATP;1498;;;;;;;;;True;False
Jagger Leach;ATP;1498;;;;;;;;;True;False
Niksa Arsic;ATP;1498;;;;;;;;;True;False
Nino Serdarusic;ATP;1498;;;;;;;;;True;False
Semen Aginskiy;ATP;1498;;;;;;;;;True;False
Theodore Winegar;ATP;1498;;;;;;;;;True;False
Guglielmo Verdese;ATP;1504;;;;;;;;;True;False
Herbert Jody Maginley;ATP;1505;;;;;;;;;True;False
Pawel Cias;ATP;1505;;;;;;;;;True;False
Pengyu Lu;ATP;1507;;;;;;;;;True;False
Thijmen Loof;ATP;1507;;;;;;;;;True;False
Angel Veliz;ATP;1509;;;;;;;;;True;False
Azuma Visaya;ATP;1509;;;;;;;;;True;False
Billy Blaydes;ATP;1509;;;;;;;;;True;False
Sebastian Eriksson;ATP;1509;;;;;;;;;True;False
Sho Katayama;ATP;1509;;;;;;;;;True;False
Petar Jovanovic;ATP;1514;;;;;;;;;True;False
Mikael Ymer;ATP;1515;;;;;;;;;True;False
Adil Kalyanpur;ATP;1516;;;;;;;;;True;False
Heorhii Shylov;ATP;1516;;;;;;;;;True;False
John Bothma;ATP;1516;;;;;;;;;True;False
Ludovico Vaccari;ATP;1519;;;;;;;;;True;False
Adam Majchrzak;ATP;1520;;;;;;;;;True;False
Manvydas Balciunas;ATP;1520;;;;;;;;;True;False
Siwanat Auytayakul;ATP;1520;;;;;;;;;True;False
Vit Kalina;ATP;1520;;;;;;;;;True;False
Yeonsu Jeong;ATP;1520;;;;;;;;;True;False
Ioan Alexandru Chirita;ATP;1525;;;;;;;;;True;False
Rhys Lawlor;ATP;1525;;;;;;;;;True;False
Benjamin Ignacio Torres Fernandez;ATP;1527;;;;;;;;;True;False
Davide Pontoglio;ATP;1527;;;;;;;;;True;False
Isac Stroemberg;ATP;1527;;;;;;;;;True;False
Kai I Wang;ATP;1527;;;;;;;;;True;False
Lucas Bouquet;ATP;1527;;;;;;;;;True;False
Matisse Farzam;ATP;1527;;;;;;;;;True;False
Teodor Davidov;ATP;1527;;;;;;;;;True;False
Tomas Lanik;ATP;1527;;;;;;;;;True;False
Gustavo Albieri;ATP;1535;;;;;;;;;True;False
Stepan Baum;ATP;1535;;;;;;;;;True;False
Martyn Pawelski;ATP;1537;;;;;;;;;True;False
Nicola Rispoli;ATP;1537;;;;;;;;;True;False
Alex Jones;ATP;1539;;;;;;;;;True;False
Congsup Congcar;ATP;1539;;;;;;;;;True;False
Junhyeon Lee;ATP;1539;;;;;;;;;True;False
Ruben Hartig;ATP;1539;;;;;;;;;True;False
Alexis Gurmendi;ATP;1543;;;;;;;;;True;False
Karlo Kajin;ATP;1543;;;;;;;;;True;False
Francisco Tomas Geschwind;ATP;1545;;;;;;;;;True;False
Zane Stevens;ATP;1545;;;;;;;;;True;False
Aryan Lakshmanan;ATP;1547;;;;;;;;;True;False
Alessandro Bellifemine;ATP;1548;;;;;;;;;True;False
Alexander Bernard;ATP;1548;;;;;;;;;True;False
Jirat Navasirisomboon;ATP;1548;;;;;;;;;True;False
Ryan Augusto Dos Santos;ATP;1548;;;;;;;;;True;False
Elias Julian Werner;ATP;1552;;;;;;;;;True;False
Gheorghe Claudiu Schinteie;ATP;1552;;;;;;;;;True;False
Nicolas Esteban Rico Arias;ATP;1552;;;;;;;;;True;False
Sean Hodkin;ATP;1552;;;;;;;;;True;False
Sebastian Grundtvig Jorgensen;ATP;1552;;;;;;;;;True;False
Valentin Guadagno;ATP;1552;;;;;;;;;True;False
Yua Taka;ATP;1552;;;;;;;;;True;False
Dakotah Bobo;ATP;1559;;;;;;;;;True;False
Joe Leather;ATP;1559;;;;;;;;;True;False
Oskari Eerola;ATP;1559;;;;;;;;;True;False
Chun Chien Hou;ATP;1562;;;;;;;;;True;False
Valentin Garay;ATP;1562;;;;;;;;;True;False
Emirhan Bulut;ATP;1564;;;;;;;;;True;False
Tyler Stice;ATP;1564;;;;;;;;;True;False
Vincent Dullinger;ATP;1564;;;;;;;;;True;False
Stevan Popovic;ATP;1567;;;;;;;;;True;False
Alan Bojarski;ATP;1568;;;;;;;;;True;False
Andrin Casanova;ATP;1568;;;;;;;;;True;False
Kosuke Shibano;ATP;1568;;;;;;;;;True;False
Silvio Mencaglia;ATP;1568;;;;;;;;;True;False
Adrian Arcon;ATP;1572;;;;;;;;;True;False
Carlos Giraldi;ATP;1573;;;;;;;;;True;False
Drazen Petrovic;ATP;1574;;;;;;;;;True;False
Benjamin Gusic Wan;ATP;1575;;;;;;;;;True;False
Aldin Setkic;ATP;1576;;;;;;;;;True;False
Darrshan Suresh;ATP;1576;;;;;;;;;True;False
Leonardo Cattaneo;ATP;1576;;;;;;;;;True;False
Alp Horoz;ATP;1579;;;;;;;;;True;False
Tadeo Meneo;ATP;1579;;;;;;;;;True;False
Xavi Palomar;ATP;1581;;;;;;;;;True;False
Joao Graa;ATP;1582;;;;;;;;;True;False
Tymur Bieldiugin;ATP;1582;;;;;;;;;True;False
Luis Garcia Paez;ATP;1584;;;;;;;;;True;False
Daniel Verbeek;ATP;1585;;;;;;;;;True;False
Aradhya Kshitij;ATP;1586;;;;;;;;;True;False
Bienvenue Bolangi;ATP;1586;;;;;;;;;True;False
Blake Mott;ATP;1586;;;;;;;;;True;False
Connor Doig;ATP;1586;;;;;;;;;True;False
Courtney John Lock;ATP;1586;;;;;;;;;True;False
Jeremy Beale;ATP;1586;;;;;;;;;True;False
Loren Thomas Byers;ATP;1586;;;;;;;;;True;False
Luis Britto;ATP;1586;;;;;;;;;True;False
Manuel Guinard;ATP;1586;;;;;;;;;True;False
Mark Whitehouse;ATP;1586;;;;;;;;;True;False
Patrik Trhac;ATP;1586;;;;;;;;;True;False
Samir Iftikhar;ATP;1586;;;;;;;;;True;False
Siphosothando Montsi;ATP;1586;;;;;;;;;True;False
Guillermo Tunas;ATP;1599;;;;;;;;;True;False
Oliver Majdandzic;ATP;1599;;;;;;;;;True;False
Oscar Andres Martinez De Freitas;ATP;1599;;;;;;;;;True;False
Alejo Lorenzo Lingua Lavallen;ATP;1602;;;;;;;;;True;False
Alessio Vasquez Gehrke;ATP;1602;;;;;;;;;True;False
Harrison Satara;ATP;1602;;;;;;;;;True;False
Justin Barki;ATP;1602;;;;;;;;;True;False
Logan Zapp;ATP;1602;;;;;;;;;True;False
Thai Son Kwiatkowski;ATP;1607;;;;;;;;;True;False
Yousaf Khalil;ATP;1607;;;;;;;;;True;False
Alexander Petrov;ATP;1609;;;;;;;;;True;False
Daniel Phillips;ATP;1609;;;;;;;;;True;False
Fantino Alberca;ATP;1609;;;;;;;;;True;False
Henrique Ortenblad Nogueira;ATP;1609;;;;;;;;;True;False
Iker Urribarrens Ramirez;ATP;1609;;;;;;;;;True;False
Ivan Denisov;ATP;1609;;;;;;;;;True;False
Patrik Meszaros;ATP;1609;;;;;;;;;True;False
Romain Gales;ATP;1609;;;;;;;;;True;False
Valentino Conte;ATP;1609;;;;;;;;;True;False
Nikita Volonski;ATP;1618;;;;;;;;;True;False
Pablo Perez Navarro;ATP;1619;;;;;;;;;True;False
Robert Watzka;ATP;1619;;;;;;;;;True;False
Ainius Sabaliauskas;ATP;1621;;;;;;;;;True;False
Hao Sheng Koay;ATP;1621;;;;;;;;;True;False
Jack Loutit;ATP;1621;;;;;;;;;True;False
James Weber;ATP;1621;;;;;;;;;True;False
Julien De Cuyper;ATP;1621;;;;;;;;;True;False
Lorenzo Balducci;ATP;1621;;;;;;;;;True;False
Mateo Castaneda;ATP;1621;;;;;;;;;True;False
Michael Savano;ATP;1621;;;;;;;;;True;False
Vincent Reisach;ATP;1621;;;;;;;;;True;False
Cem Christopher Kucukhuseyin;ATP;1630;;;;;;;;;True;False
Jakub Vrba;ATP;1630;;;;;;;;;True;False
Karl Kazuma Lee;ATP;1630;;;;;;;;;True;False
Marco Furlanetto;ATP;1630;;;;;;;;;True;False
Matthieu Chambonniere;ATP;1630;;;;;;;;;True;False
Petr Michnev;ATP;1630;;;;;;;;;True;False
Aleksandre Shvangiradze;ATP;1636;;;;;;;;;True;False
Loan Lestir;ATP;1636;;;;;;;;;True;False
Marcel Latak;ATP;1636;;;;;;;;;True;False
Matic Kriznik;ATP;1636;;;;;;;;;True;False
Yannic Nittmann;ATP;1636;;;;;;;;;True;False
Alejandro Melero Kretzer;ATP;1641;;;;;;;;;True;False
Aleksandar Mihailovic;ATP;1641;;;;;;;;;True;False
Antonin Witz;ATP;1641;;;;;;;;;True;False
Daniel Khazime;ATP;1641;;;;;;;;;True;False
Hernando Jose Escurra Isnardi;ATP;1641;;;;;;;;;True;False
Michalis Sakellaridis;ATP;1641;;;;;;;;;True;False
Rihards Neimanis;ATP;1641;;;;;;;;;True;False
Simone Massellani;ATP;1641;;;;;;;;;True;False
Deney Wassermann;ATP;1649;;;;;;;;;True;False
Kuzey Cekirge;ATP;1650;;;;;;;;;True;False
Peetu Pohjola;ATP;1650;;;;;;;;;True;False
Vid Mohar;ATP;1650;;;;;;;;;True;False
Weiyi Kong;ATP;1650;;;;;;;;;True;False
Andrea Paolini;ATP;1654;;;;;;;;;True;False
David Fix;ATP;1654;;;;;;;;;True;False
Justas Trainauskas;ATP;1654;;;;;;;;;True;False
Nathan Cox;ATP;1654;;;;;;;;;True;False
Piotr Galus;ATP;1654;;;;;;;;;True;False
Rodrigo Leal;ATP;1654;;;;;;;;;True;False
Shanker Heisnam;ATP;1654;;;;;;;;;True;False
Daniel Jovanovski;ATP;1661;;;;;;;;;True;False
Gabor Hornung;ATP;1661;;;;;;;;;True;False
Mika Lipp;ATP;1661;;;;;;;;;True;False
Nicolas Hollender;ATP;1661;;;;;;;;;True;False
Patricio Alvarado;ATP;1661;;;;;;;;;True;False
Dmytro Shirokyi;ATP;1666;;;;;;;;;True;False
Gabriele Volpi;ATP;1666;;;;;;;;;True;False
Kylian Collignon;ATP;1666;;;;;;;;;True;False
Mahmoud Chetouane;ATP;1666;;;;;;;;;True;False
Matt Kleiman;ATP;1666;;;;;;;;;True;False
Noah Brownrigg;ATP;1666;;;;;;;;;True;False
Pepijn Bastiaansen;ATP;1666;;;;;;;;;True;False
Ren Nakamura;ATP;1666;;;;;;;;;True;False
Dax Donders;ATP;1674;;;;;;;;;True;False
Dorian Tremblay;ATP;1674;;;;;;;;;True;False
Hugo Hashimoto;ATP;1674;;;;;;;;;True;False
Savva Rybkin;ATP;1674;;;;;;;;;True;False
Tiago Silva;ATP;1674;;;;;;;;;True;False
Valentin Gonzalez Galino;ATP;1674;;;;;;;;;True;False
Arthur Bonnaud;ATP;1680;;;;;;;;;True;False
Edoardo Zanada;ATP;1680;;;;;;;;;True;False
Jan Klimas;ATP;1680;;;;;;;;;True;False
Pedro Andre De Almeida Santos;ATP;1680;;;;;;;;;True;False
Roman Postolka;ATP;1680;;;;;;;;;True;False
Stephane Pierre Jo Kamendje;ATP;1680;;;;;;;;;True;False
Allan Gatoto;ATP;1686;;;;;;;;;True;False
Shaoyun Liu;ATP;1686;;;;;;;;;True;False
Zangar Nurlanuly;ATP;1686;;;;;;;;;True;False
Antoine Berger;ATP;1689;;;;;;;;;True;False
Daniel Domingos;ATP;1690;;;;;;;;;True;False
Manuel Mouilleron Salvo;ATP;1690;;;;;;;;;True;False
Karol Malirz;ATP;1692;;;;;;;;;True;False
Tomas Jordi Leston;ATP;1692;;;;;;;;;True;False
Alejandro Lopez Escribano;ATP;1694;;;;;;;;;True;False
Esteban Talavera Cortes;ATP;1694;;;;;;;;;True;False
Pablo Aunion;ATP;1694;;;;;;;;;True;False
Cagan Efe Tufecki;ATP;1697;;;;;;;;;True;False
Carl Holder;ATP;1697;;;;;;;;;True;False
Fumin Jiang;ATP;1697;;;;;;;;;True;False
Louis Van Herck;ATP;1697;;;;;;;;;True;False
Tomas Luis;ATP;1697;;;;;;;;;True;False
Adam Farag Cao;ATP;1702;;;;;;;;;True;False
Benoit Torcq;ATP;1702;;;;;;;;;True;False
Federico Valle;ATP;1702;;;;;;;;;True;False
Jeffrey Fradkin;ATP;1702;;;;;;;;;True;False
Oren Vasser;ATP;1702;;;;;;;;;True;False
Tom Sickenberger;ATP;1707;;;;;;;;;True;False
Lawrence Bataljin;ATP;1708;;;;;;;;;True;False
Andres Urrea;ATP;1709;;;;;;;;;True;False
Aniss Rafiq;ATP;1709;;;;;;;;;True;False
Bruno Pujol Navarro;ATP;1709;;;;;;;;;True;False
Cristian Rodriguez;ATP;1709;;;;;;;;;True;False
Diego Eduardo Munoz Navia;ATP;1709;;;;;;;;;True;False
Ignacio Novo;ATP;1709;;;;;;;;;True;False
Ivan Liutarevich;ATP;1709;;;;;;;;;True;False
Marcelo Zormann Da Silva;ATP;1709;;;;;;;;;True;False
Mario Mansilla Diez;ATP;1709;;;;;;;;;True;False
Nathaniel Lammons;ATP;1709;;;;;;;;;True;False
Nour Fathalla;ATP;1709;;;;;;;;;True;False
Oliver Andre Solis Encinas;ATP;1709;;;;;;;;;True;False
Pablo Manzano Lapuerta;ATP;1709;;;;;;;;;True;False
Pietro Ricci;ATP;1709;;;;;;;;;True;False
Seita Watanabe;ATP;1709;;;;;;;;;True;False
Tomas Zurmendi;ATP;1709;;;;;;;;;True;False
Baltazar Wiger Nordas;ATP;1725;;;;;;;;;True;False
Benjamin Perez;ATP;1725;;;;;;;;;True;False
David Bakonyi;ATP;1725;;;;;;;;;True;False
Eudald Gonzalez;ATP;1725;;;;;;;;;True;False
Ignacio Carou;ATP;1725;;;;;;;;;True;False
Imran Daniel Abd Hazli;ATP;1725;;;;;;;;;True;False
Markos Kalovelonis;ATP;1725;;;;;;;;;True;False
Nathan Trouve;ATP;1725;;;;;;;;;True;False
Roman Sancilio;ATP;1725;;;;;;;;;True;False
Tanakorn Srirat;ATP;1725;;;;;;;;;True;False
Agustin Salazar;ATP;1735;;;;;;;;;True;False
Alejandro Moreno;ATP;1735;;;;;;;;;True;False
Bastian Berenz;ATP;1735;;;;;;;;;True;False
Bengt Johan Reinhard;ATP;1735;;;;;;;;;True;False
Benjamin Vitter;ATP;1735;;;;;;;;;True;False
Botond Kisantal;ATP;1735;;;;;;;;;True;False
Charlelie Cosnet;ATP;1735;;;;;;;;;True;False
Christoph Gayk;ATP;1735;;;;;;;;;True;False
Cooper Woestendick;ATP;1735;;;;;;;;;True;False
Corey Craig;ATP;1735;;;;;;;;;True;False
David Tixhon;ATP;1735;;;;;;;;;True;False
Freddy Murray;ATP;1735;;;;;;;;;True;False
Gianluca Carlini;ATP;1735;;;;;;;;;True;False
Ignacio De Armas;ATP;1735;;;;;;;;;True;False
Illya Marchenko;ATP;1735;;;;;;;;;True;False
Mehdi Benchakroun;ATP;1735;;;;;;;;;True;False
Oliver Johansson;ATP;1735;;;;;;;;;True;False
Roberto Perez Socas;ATP;1735;;;;;;;;;True;False
Veljko Krstic;ATP;1735;;;;;;;;;True;False
Yaraslav Shyla;ATP;1735;;;;;;;;;True;False
Cristian Felipe Sanchez Rojas;ATP;1755;;;;;;;;;True;False
Darius Florin Pop;ATP;1755;;;;;;;;;True;False
Eli Stephenson;ATP;1755;;;;;;;;;True;False
Kaan Isak Kosaner;ATP;1755;;;;;;;;;True;False
Kaua Lorenzo Santos Gava;ATP;1755;;;;;;;;;True;False
Konstantin Zhzhenov;ATP;1755;;;;;;;;;True;False
Nikita Filin;ATP;1755;;;;;;;;;True;False
Pranav Kumar;ATP;1755;;;;;;;;;True;False
Raffaele Ciurnelli;ATP;1755;;;;;;;;;True;False
Adam Kaczmarek;ATP;1764;;;;;;;;;True;False
Antonio Caruso;ATP;1764;;;;;;;;;True;False
Dimitar Kisimov;ATP;1764;;;;;;;;;True;False
Edward Etty;ATP;1764;;;;;;;;;True;False
Evan Burnett;ATP;1764;;;;;;;;;True;False
Gasper Matijasic;ATP;1764;;;;;;;;;True;False
Hiroki Sakagawa;ATP;1764;;;;;;;;;True;False
Jordan Lee;ATP;1764;;;;;;;;;True;False
Marko Bekeni;ATP;1764;;;;;;;;;True;False
Massimo Pizzigoni;ATP;1764;;;;;;;;;True;False
Matisse Martin;ATP;1764;;;;;;;;;True;False
Mauricio Echazu;ATP;1764;;;;;;;;;True;False
Mikal Oliver Statham;ATP;1764;;;;;;;;;True;False
Milos Mikovic;ATP;1764;;;;;;;;;True;False
Min Ho Ko;ATP;1764;;;;;;;;;True;False
Minjong Park;ATP;1764;;;;;;;;;True;False
Noah Martens;ATP;1764;;;;;;;;;True;False
Oliwier Sterniczuk;ATP;1764;;;;;;;;;True;False
Simone Agostini;ATP;1764;;;;;;;;;True;False
Yazid Lahjomri;ATP;1764;;;;;;;;;True;False
Boxiong Zhang;ATP;1784;;;;;;;;;True;False
Jakub Jedrzejczak;ATP;1784;;;;;;;;;True;False
Kuang Qing Xu;ATP;1784;;;;;;;;;True;False
Ryusuke Horiuchi;ATP;1784;;;;;;;;;True;False
S Mert Ozdemir;ATP;1784;;;;;;;;;True;False
Alberto Bronzetti;ATP;1789;;;;;;;;;True;False
Alexander Gschiel;ATP;1789;;;;;;;;;True;False
Ali Missoum;ATP;1789;;;;;;;;;True;False
Amir Milushev;ATP;1789;;;;;;;;;True;False
Cing Yang Meng;ATP;1789;;;;;;;;;True;False
David Petrovic;ATP;1789;;;;;;;;;True;False
Dian Nedev;ATP;1789;;;;;;;;;True;False
Diogo Morais;ATP;1789;;;;;;;;;True;False
Eyad Reda Ezzat Mohamed Sherif;ATP;1789;;;;;;;;;True;False
Hugo Ouzilou;ATP;1789;;;;;;;;;True;False
Ilija Palavestra;ATP;1789;;;;;;;;;True;False
Ivan Dreycopp;ATP;1789;;;;;;;;;True;False
Jarno Jans;ATP;1789;;;;;;;;;True;False
Kai Thompson;ATP;1789;;;;;;;;;True;False
Lautaro Rocha;ATP;1789;;;;;;;;;True;False
Luis Jose Nakamine;ATP;1789;;;;;;;;;True;False
Martins Rocens;ATP;1789;;;;;;;;;True;False
Maxime St Hilaire;ATP;1789;;;;;;;;;True;False
Sergey Betov;ATP;1789;;;;;;;;;True;False
Seungmin Park;ATP;1789;;;;;;;;;True;False
Shixun Zhu;ATP;1789;;;;;;;;;True;False
Woong Bi Lee;ATP;1789;;;;;;;;;True;False
Alex Kobelt;ATP;1811;;;;;;;;;True;False
Hyu Kawanishi;ATP;1811;;;;;;;;;True;False
Javier Molino;ATP;1811;;;;;;;;;True;False
Mikel Martinez;ATP;1811;;;;;;;;;True;False
Novak Novakovic;ATP;1811;;;;;;;;;True;False
Saki Tange;ATP;1811;;;;;;;;;True;False
Santiago Pesino;ATP;1811;;;;;;;;;True;False
Arnav Paparkar;ATP;1818;;;;;;;;;True;False
Bang Shuo Yin;ATP;1818;;;;;;;;;True;False
Daniel Tazabekov;ATP;1818;;;;;;;;;True;False
David Cristian Carteputreda;ATP;1818;;;;;;;;;True;False
Diego Ortiz Gamonsl;ATP;1818;;;;;;;;;True;False
Gunawan Trismuwantara;ATP;1818;;;;;;;;;True;False
Kaigaoge Kang;ATP;1818;;;;;;;;;True;False
Lingxi Zhao;ATP;1818;;;;;;;;;True;False
Louis Dussin;ATP;1818;;;;;;;;;True;False
Ludvig Fredrik Hede;ATP;1818;;;;;;;;;True;False
Mateo Luis Alvarez Sarmiento;ATP;1818;;;;;;;;;True;False
Tristan Berard;ATP;1818;;;;;;;;;True;False
Valentin Vanta;ATP;1818;;;;;;;;;True;False
Marko Retelj;ATP;1831;;;;;;;;;True;False
Alessandro Spadola;ATP;1832;;;;;;;;;True;False
Daniel Aleksandar Amarandei;ATP;1832;;;;;;;;;True;False
Daniel Lara Salmeron;ATP;1832;;;;;;;;;True;False
Dmitry Dolzhenkov;ATP;1832;;;;;;;;;True;False
Henry Best;ATP;1832;;;;;;;;;True;False
Hugo Cardinaud;ATP;1832;;;;;;;;;True;False
Ilias Zimmermann;ATP;1832;;;;;;;;;True;False
Jules Leroux;ATP;1832;;;;;;;;;True;False
Kunanan Pantaratorn;ATP;1832;;;;;;;;;True;False
Luke Simkiss;ATP;1832;;;;;;;;;True;False
Marko Nikolic;ATP;1832;;;;;;;;;True;False
Matic Hribar;ATP;1832;;;;;;;;;True;False
Nav Dayal;ATP;1832;;;;;;;;;True;False
Nicola Senn;ATP;1832;;;;;;;;;True;False
Thomas Gerbaud;ATP;1832;;;;;;;;;True;False
Timofey Stepanov;ATP;1832;;;;;;;;;True;False
Tobia Grandinetti;ATP;1832;;;;;;;;;True;False
Zhan Zheng;ATP;1832;;;;;;;;;True;False
Sebastian Dominguez;ATP;1850;;;;;;;;;True;False
Ajay Malik;ATP;1851;;;;;;;;;True;False
Benjamin Hannestad;ATP;1851;;;;;;;;;True;False
Dmitry Kopilevich;ATP;1851;;;;;;;;;True;False
Gregor Hausberger;ATP;1851;;;;;;;;;True;False
Leonardo Angeloni;ATP;1851;;;;;;;;;True;False
Marvin Bernardo Becker Spiering;ATP;1851;;;;;;;;;True;False
Matei Todoran;ATP;1851;;;;;;;;;True;False
Maties Torres Ramis;ATP;1851;;;;;;;;;True;False
Mattia Nannelli;ATP;1851;;;;;;;;;True;False
Maxi Carrascosa Diaz;ATP;1851;;;;;;;;;True;False
Patrik Homola;ATP;1851;;;;;;;;;True;False
Ramazan Kaan Oktay;ATP;1851;;;;;;;;;True;False
Ruslan Serazhetdinov;ATP;1851;;;;;;;;;True;False
Yoshka Sborowsky;ATP;1851;;;;;;;;;True;False
Alan Sau Franco;ATP;1865;;;;;;;;;True;False
Denis Vishenchuk Vishenko;ATP;1865;;;;;;;;;True;False
Evangelos Kypriotis;ATP;1865;;;;;;;;;True;False
Gian Gruenig;ATP;1865;;;;;;;;;True;False
Giovanni Ciocca;ATP;1865;;;;;;;;;True;False
Gregorio Biondolillo;ATP;1865;;;;;;;;;True;False
Ha Minh Duc Vu;ATP;1865;;;;;;;;;True;False
Haoyuan Huang;ATP;1865;;;;;;;;;True;False
Justin Lenders;ATP;1865;;;;;;;;;True;False
Samuel De Felipe Garcia;ATP;1865;;;;;;;;;True;False
Ko Suzuki;ATP;1875;;;;;;;;;True;False
Caheer Warik;ATP;1876;;;;;;;;;True;False
Essa Qabazard;ATP;1876;;;;;;;;;True;False
Jack Mcgary;ATP;1876;;;;;;;;;True;False
Jonas Gundacker;ATP;1876;;;;;;;;;True;False
Lenny Couturier;ATP;1876;;;;;;;;;True;False
Luca Parenti;ATP;1876;;;;;;;;;True;False
Oskar Grzegorzewski;ATP;1876;;;;;;;;;True;False
Stijn Pel;ATP;1876;;;;;;;;;True;False
Vlad Cristian Breazu;ATP;1876;;;;;;;;;True;False
Vladan Tadic;ATP;1876;;;;;;;;;True;False
Emanuel Ivanisevic;ATP;1886;;;;;;;;;True;False
Ignasi Forcano;ATP;1886;;;;;;;;;True;False
Jim Hendrikx;ATP;1886;;;;;;;;;True;False
Jun Hao Luo;ATP;1886;;;;;;;;;True;False
Lorenzo Ferri;ATP;1886;;;;;;;;;True;False
Noah Regas Luis;ATP;1886;;;;;;;;;True;False
William Nolan;ATP;1886;;;;;;;;;True;False
David Naharro;ATP;1893;;;;;;;;;True;False
Jan Wygona;ATP;1893;;;;;;;;;True;False
Jordi Garcia Mestre;ATP;1893;;;;;;;;;True;False
Matthew Thomson;ATP;1893;;;;;;;;;True;False
Nicola Ion;ATP;1893;;;;;;;;;True;False
Sheng Tang;ATP;1893;;;;;;;;;True;False
Andrei Kunitsyn;ATP;1899;;;;;;;;;True;False
Anthony Susanto;ATP;1900;;;;;;;;;True;False
Jose Dominguez Alonso;ATP;1900;;;;;;;;;True;False
Matic Dimic;ATP;1900;;;;;;;;;True;False
Anas Bennour Dit Sahli;ATP;1903;;;;;;;;;True;False
Marc Saura Moragrega;ATP;1904;;;;;;;;;True;False
Adria Velazquez Farre;ATP;1905;;;;;;;;;True;False
Aleksandar Tolev;ATP;1905;;;;;;;;;True;False
Alex Huszar;ATP;1905;;;;;;;;;True;False
Alexander Razeghi;ATP;1905;;;;;;;;;True;False
Alexandr Tiutchenko;ATP;1905;;;;;;;;;True;False
Alexis Berquier;ATP;1905;;;;;;;;;True;False
Andres Urquiola Montellano;ATP;1905;;;;;;;;;True;False
Anthony Wright;ATP;1905;;;;;;;;;True;False
Anton Chekhov;ATP;1905;;;;;;;;;True;False
Barkat Ullah;ATP;1905;;;;;;;;;True;False
Bjorn Swenson;ATP;1905;;;;;;;;;True;False
Calin Teodor Stirbu;ATP;1905;;;;;;;;;True;False
Cole Thurgur;ATP;1905;;;;;;;;;True;False
Daniil Golubev;ATP;1905;;;;;;;;;True;False
Danil Panarin;ATP;1905;;;;;;;;;True;False
Dennis Andre Dutine;ATP;1905;;;;;;;;;True;False
Diego Duran;ATP;1905;;;;;;;;;True;False
Dusan Milanovic;ATP;1905;;;;;;;;;True;False
Dylan Long;ATP;1905;;;;;;;;;True;False
Erik Schiessl;ATP;1905;;;;;;;;;True;False
Federico Gaston Gonzalez Benitez;ATP;1905;;;;;;;;;True;False
Felipe Pagnacco;ATP;1905;;;;;;;;;True;False
Filippo Alfano;ATP;1905;;;;;;;;;True;False
Filippo Speziali;ATP;1905;;;;;;;;;True;False
Finn Emslie Robson;ATP;1905;;;;;;;;;True;False
Francois Musitelli;ATP;1905;;;;;;;;;True;False
Gian Durrer;ATP;1905;;;;;;;;;True;False
Gregoire Delattre;ATP;1905;;;;;;;;;True;False
Gustaf Strom;ATP;1905;;;;;;;;;True;False
Hamza El Amine;ATP;1905;;;;;;;;;True;False
Hanamichi Carvajal;ATP;1905;;;;;;;;;True;False
Harry Thursfield;ATP;1905;;;;;;;;;True;False
Ilya Ignatov;ATP;1905;;;;;;;;;True;False
Jack Secord;ATP;1905;;;;;;;;;True;False
Jan Simonsson;ATP;1905;;;;;;;;;True;False
Jannik Soetebier;ATP;1905;;;;;;;;;True;False
Jou George Gnjidic;ATP;1905;;;;;;;;;True;False
Juan Francisco Munoz;ATP;1905;;;;;;;;;True;False
Juan Ignacio Barraza;ATP;1905;;;;;;;;;True;False
Juan Samuel Arauzo Martinez;ATP;1905;;;;;;;;;True;False
Juliusz Bienkiewicz;ATP;1905;;;;;;;;;True;False
Kaeri Hernandez Mariona;ATP;1905;;;;;;;;;True;False
Kanta Kujisaki;ATP;1905;;;;;;;;;True;False
Kayden Colombo;ATP;1905;;;;;;;;;True;False
Kyle Seelig;ATP;1905;;;;;;;;;True;False
Leon Sloboda;ATP;1905;;;;;;;;;True;False
Liangxuan Lu;ATP;1905;;;;;;;;;True;False
M Abid Ali Khan Akbar;ATP;1905;;;;;;;;;True;False
Malanqi Du;ATP;1905;;;;;;;;;True;False
Manuel Belda;ATP;1905;;;;;;;;;True;False
Manuel Sanchez;ATP;1905;;;;;;;;;True;False
Masaki Ishikawa;ATP;1905;;;;;;;;;True;False
Matteo Lavizzari;ATP;1905;;;;;;;;;True;False
Mauricio Schtulmann Gasca;ATP;1905;;;;;;;;;True;False
Miguel Angel Machado;ATP;1905;;;;;;;;;True;False
Mikhail Tsapenko;ATP;1905;;;;;;;;;True;False
Milan Ristov;ATP;1905;;;;;;;;;True;False
Mohamed Safwat;ATP;1905;;;;;;;;;True;False
Motoharu Abe;ATP;1905;;;;;;;;;True;False
Nathan Anthony Barki;ATP;1905;;;;;;;;;True;False
Nicolas Baena;ATP;1905;;;;;;;;;True;False
Niklas Niggemann;ATP;1905;;;;;;;;;True;False
Obrad Markovski;ATP;1905;;;;;;;;;True;False
Oscar Lacides;ATP;1905;;;;;;;;;True;False
Paris Pouatcha;ATP;1905;;;;;;;;;True;False
Pietro Gava;ATP;1905;;;;;;;;;True;False
Rafael Segado Esteve;ATP;1905;;;;;;;;;True;False
Roberto Ferrer Guimaraes;ATP;1905;;;;;;;;;True;False
Ronan Tashinga Mtisi;ATP;1905;;;;;;;;;True;False
Ryan Torres;ATP;1905;;;;;;;;;True;False
Sandesh Dattatray Kurale;ATP;1905;;;;;;;;;True;False
Thomas Kostka;ATP;1905;;;;;;;;;True;False
Togan Tokac;ATP;1905;;;;;;;;;True;False
Tomas Rengel Sierra;ATP;1905;;;;;;;;;True;False
Valdemar Frederik Pape;ATP;1905;;;;;;;;;True;False
Will Mayew;ATP;1905;;;;;;;;;True;False
Woong Chan Lee;ATP;1905;;;;;;;;;True;False
Yusuke Yoshikawa;ATP;1905;;;;;;;;;True;False
Zhe Li;ATP;1905;;;;;;;;;True;False
Aadarsh Tripathi;ATP;1984;;;;;;;;;True;False
Aaron James Williams;ATP;1984;;;;;;;;;True;False
Abubakar Talha;ATP;1984;;;;;;;;;True;False
Alan Aiukhanov;ATP;1984;;;;;;;;;True;False
Alessandro Dragoni;ATP;1984;;;;;;;;;True;False
Alexander Glomb;ATP;1984;;;;;;;;;True;False
Amaan Siddiqui;ATP;1984;;;;;;;;;True;False
Andrea Meduri;ATP;1984;;;;;;;;;True;False
Anes Latifovic;ATP;1984;;;;;;;;;True;False
Bader Alabdullah;ATP;1984;;;;;;;;;True;False
Benjamin Martin;ATP;1984;;;;;;;;;True;False
Brandon Walkin;ATP;1984;;;;;;;;;True;False
Cesar Cruz;ATP;1984;;;;;;;;;True;False
Christian Wedel;ATP;1984;;;;;;;;;True;False
Daniel Adeleye;ATP;1984;;;;;;;;;True;False
Daniele Minighini;ATP;1984;;;;;;;;;True;False
David Asenov;ATP;1984;;;;;;;;;True;False
David Jeanne Grandinot;ATP;1984;;;;;;;;;True;False
Dingzheng Nima;ATP;1984;;;;;;;;;True;False
Djordje Sapic;ATP;1984;;;;;;;;;True;False
Dmitrii Burtsev;ATP;1984;;;;;;;;;True;False
Drew Fishback;ATP;1984;;;;;;;;;True;False
Eric Ahren Moonga;ATP;1984;;;;;;;;;True;False
Eric Jr. Olivarez;ATP;1984;;;;;;;;;True;False
Fabrizio Karol Pio Osti;ATP;1984;;;;;;;;;True;False
Federico Bove;ATP;1984;;;;;;;;;True;False
Felipe Jose Rivadeneira Gallegos;ATP;1984;;;;;;;;;True;False
Felix Einig;ATP;1984;;;;;;;;;True;False
Felix Raser;ATP;1984;;;;;;;;;True;False
Fernando Yamacita;ATP;1984;;;;;;;;;True;False
Filip Drab;ATP;1984;;;;;;;;;True;False
Finn Willman;ATP;1984;;;;;;;;;True;False
Franco Marini;ATP;1984;;;;;;;;;True;False
Gabriele Brancatelli;ATP;1984;;;;;;;;;True;False
Jan Chlodnicki;ATP;1984;;;;;;;;;True;False
Jan Sadzik;ATP;1984;;;;;;;;;True;False
Jan Sebesta;ATP;1984;;;;;;;;;True;False
Jea Moon Lee;ATP;1984;;;;;;;;;True;False
Jean Baptiste Badon;ATP;1984;;;;;;;;;True;False
Joan Torres Espinosa;ATP;1984;;;;;;;;;True;False
Joao Antonio;ATP;1984;;;;;;;;;True;False
Jonas Schaer;ATP;1984;;;;;;;;;True;False
Jordan Chiu;ATP;1984;;;;;;;;;True;False
Jose Luis Claro;ATP;1984;;;;;;;;;True;False
Juan Pablo Paz;ATP;1984;;;;;;;;;True;False
Juchan Hwang;ATP;1984;;;;;;;;;True;False
Julian Valenzuela;ATP;1984;;;;;;;;;True;False
Kai An Wu;ATP;1984;;;;;;;;;True;False
Karim El Feky;ATP;1984;;;;;;;;;True;False
Kaue Noatto;ATP;1984;;;;;;;;;True;False
Leonardo Suarez;ATP;1984;;;;;;;;;True;False
Lucas Yunez;ATP;1984;;;;;;;;;True;False
Luigi Valletta;ATP;1984;;;;;;;;;True;False
Lun Obrul;ATP;1984;;;;;;;;;True;False
Martin Doskocil;ATP;1984;;;;;;;;;True;False
Marwan Ehab;ATP;1984;;;;;;;;;True;False
Max Pade;ATP;1984;;;;;;;;;True;False
Maximilian Oezcelik;ATP;1984;;;;;;;;;True;False
Maximilian Todorov;ATP;1984;;;;;;;;;True;False
Mikhail Dubrouski;ATP;1984;;;;;;;;;True;False
Mikolaj Lorens;ATP;1984;;;;;;;;;True;False
Min Hyuk Cho;ATP;1984;;;;;;;;;True;False
Natsuki Yamamoto;ATP;1984;;;;;;;;;True;False
Nicholas Steiglehner;ATP;1984;;;;;;;;;True;False
Nicolas Kobelt;ATP;1984;;;;;;;;;True;False
Nicolas Rafael Goldberg Alviani;ATP;1984;;;;;;;;;True;False
Ntungamili Raguin;ATP;1984;;;;;;;;;True;False
Oliver Sanders;ATP;1984;;;;;;;;;True;False
Omar Kandil;ATP;1984;;;;;;;;;True;False
Oriol Font;ATP;1984;;;;;;;;;True;False
Philippe Renard;ATP;1984;;;;;;;;;True;False
Photos Photiades;ATP;1984;;;;;;;;;True;False
Pierre Ngijol Carre;ATP;1984;;;;;;;;;True;False
Rafael Augusto Garcia Finetto;ATP;1984;;;;;;;;;True;False
Rafael Ymer;ATP;1984;;;;;;;;;True;False
Ramiro Amarilla;ATP;1984;;;;;;;;;True;False
Reiya Komagata;ATP;1984;;;;;;;;;True;False
Romeo Arcuschin;ATP;1984;;;;;;;;;True;False
Sai Karteek Reddy Ganta;ATP;1984;;;;;;;;;True;False
Samuel Stolarik;ATP;1984;;;;;;;;;True;False
Seiya Nakanishi;ATP;1984;;;;;;;;;True;False
Sulaiman Syed;ATP;1984;;;;;;;;;True;False
Svarmanyu Singh;ATP;1984;;;;;;;;;True;False
Thomas Gunzinger;ATP;1984;;;;;;;;;True;False
Tim Hammes;ATP;1984;;;;;;;;;True;False
Tim Loosen;ATP;1984;;;;;;;;;True;False
Tomas Dummer Macedo;ATP;1984;;;;;;;;;True;False
Victor Barrere;ATP;1984;;;;;;;;;True;False
Vladimir Bazilevskiy;ATP;1984;;;;;;;;;True;False
Wen Bo Fan;ATP;1984;;;;;;;;;True;False
Yeongseok Jeong;ATP;1984;;;;;;;;;True;False
Yshai Oliel;ATP;1984;;;;;;;;;True;False
Yuya Hirose;ATP;1984;;;;;;;;;True;False
Bernabe Zapata Miralles;ATP;;376;1413.1;364;1366.2;319;1407.4;316;1423.5;False;True
Aryna Sabalenka;WTA;1;1;2209.4;1;2196.0;1;2097.9;1;1983.6;True;True
Elena Rybakina;WTA;2;2;2111.4;2;2104.4;6;1996.1;6;1878.4;True;True
Jessica Pegula;WTA;3;3;2097.3;3;2058.4;8;1941.8;3;1916.8;True;True
Coco Gauff;WTA;4;5;2088.4;5;2043.3;2;2027.0;7;1874.3;True;True
Mirra Andreeva;WTA;5;8;2056.9;8;1985.3;3;2025.9;16;1798.0;True;True
Karolina Muchova;WTA;6;4;2089.4;4;2045.7;9;1904.1;4;1916.8;True;True
Linda Noskova;WTA;7;10;2054.3;11;1951.7;16;1851.1;2;1943.1;True;True
Iga Swiatek;WTA;8;7;2058.0;6;2018.8;4;2005.1;5;1903.5;True;True
Amanda Anisimova;WTA;9;20;1910.5;17;1878.0;41;1749.8;22;1768.6;True;True
Elina Svitolina;WTA;10;9;2055.3;7;1990.1;7;1987.2;9;1835.1;True;True
Marta Kostyuk;WTA;11;6;2065.8;9;1972.1;5;1996.7;12;1826.7;True;True
Victoria Mboko;WTA;12;23;1905.9;15;1906.3;37;1756.1;58;1656.6;True;True
Naomi Osaka;WTA;13;11;2004.5;12;1930.0;11;1894.6;10;1831.3;True;True
Belinda Bencic;WTA;14;12;1994.4;10;1955.0;15;1851.2;14;1806.6;True;True
Jasmine Paolini;WTA;15;16;1928.6;16;1884.2;13;1867.9;17;1797.8;True;True
Iva Jovic;WTA;16;15;1932.8;21;1860.9;21;1806.3;11;1827.3;True;True
Sorana Cirstea;WTA;17;14;1957.1;14;1914.8;14;1856.0;39;1703.2;True;True
Diana Shnaider;WTA;18;25;1883.4;24;1828.9;17;1837.0;42;1695.7;True;True
Ekaterina Alexandrova;WTA;19;31;1847.4;32;1801.3;47;1738.2;27;1742.1;True;True
Anna Kalinskaya;WTA;20;21;1910.5;19;1864.3;22;1806.1;28;1735.7;True;True
Maja Chwalinska;WTA;21;49;1813.6;73;1725.7;27;1791.0;107;1577.3;True;True
Madison Keys;WTA;22;13;1988.6;13;1920.8;10;1894.6;8;1848.1;True;True
Elise Mertens;WTA;23;17;1920.6;20;1861.0;18;1824.3;19;1788.8;True;True
Marie Bouzkova;WTA;24;26;1879.3;31;1806.0;24;1803.1;24;1766.2;True;True
Barbora Krejcikova;WTA;25;18;1917.5;18;1866.6;46;1740.0;15;1802.9;True;True
Emma Navarro;WTA;26;27;1874.9;48;1767.9;25;1798.6;21;1769.3;True;True
Anastasia Potapova;WTA;27;24;1887.7;35;1795.7;12;1873.2;52;1666.0;True;True
Alexandra Eala;WTA;28;19;1912.5;22;1841.4;79;1685.8;13;1814.5;True;True
Jelena Ostapenko;WTA;29;30;1863.3;33;1798.5;19;1812.4;20;1774.4;True;True
Clara Tauson;WTA;30;53;1799.9;43;1778.3;73;1691.8;72;1629.6;True;True
Ann Li;WTA;31;62;1791.0;67;1735.5;49;1735.4;105;1579.6;True;True
Hailey Baptiste;WTA;32;33;1843.9;42;1780.5;32;1770.5;70;1631.6;True;True
Maria Sakkari;WTA;33;35;1836.5;27;1816.5;34;1766.4;53;1662.6;True;True
Leylah Fernandez;WTA;34;64;1788.5;44;1776.2;70;1693.5;69;1633.2;True;True
Donna Vekic;WTA;35;57;1797.8;69;1730.9;42;1749.0;35;1714.0;True;True
Katerina Siniakova;WTA;36;32;1845.1;30;1806.4;60;1721.6;32;1724.9;True;True
Janice Tjen;WTA;37;129;1672.8;87;1691.8;148;1567.7;121;1552.5;True;True
Sara Bejlek;WTA;38;73;1773.5;58;1750.2;58;1722.7;149;1514.3;True;True
Jaqueline Cristian;WTA;39;41;1824.5;34;1798.4;45;1741.4;143;1521.6;True;True
Cristina Bucsa;WTA;40;97;1721.8;82;1710.0;153;1562.6;92;1593.6;True;True
Nikola Bartunkova;WTA;41;56;1798.6;74;1725.1;75;1691.2;40;1699.2;True;True
Xin Yu Wang;WTA;42;75;1768.3;77;1719.8;105;1637.4;41;1696.5;True;True
Daria Snigur;WTA;43;47;1816.4;45;1774.9;101;1642.0;46;1680.4;True;True
Oleksandra Oliynykova;WTA;44;79;1761.7;168;1566.2;50;1733.4;157;1506.3;True;True
Lilli Tagger;WTA;45;68;1784.5;36;1795.3;100;1642.2;141;1524.1;True;True
Tamara Korpatsch;WTA;46;108;1706.1;136;1619.4;68;1697.7;211;1455.6;True;True
Mccartney Kessler;WTA;47;46;1818.4;38;1789.9;83;1678.6;43;1694.2;True;True
Magdalena Frech;WTA;48;98;1719.5;85;1697.4;98;1644.9;126;1545.1;True;True
Emma Raducanu;WTA;49;37;1834.0;46;1772.9;53;1726.8;26;1742.6;True;True
Mayar Sherif;WTA;50;67;1785.7;179;1555.1;33;1767.8;139;1534.0;True;True
Viktorija Golubic;WTA;51;74;1772.6;78;1718.8;90;1666.0;51;1667.1;True;True
Zeynep Sonmez;WTA;52;58;1795.1;72;1727.6;89;1666.6;48;1675.8;True;True
Petra Marcinko;WTA;53;103;1717.3;127;1625.3;82;1683.5;113;1566.4;True;True
Anhelina Kalinina;WTA;54;54;1799.3;70;1729.2;28;1779.2;73;1629.3;True;True
Antonia Ruzic;WTA;55;101;1718.4;86;1696.1;120;1610.6;90;1597.5;True;True
Camila Osorio;WTA;56;52;1807.6;41;1780.6;51;1731.0;78;1622.0;True;True
Shuai Zhang;WTA;57;95;1723.9;84;1697.8;129;1600.7;76;1624.5;True;True
Peyton Stearns;WTA;58;65;1788.5;60;1747.3;43;1748.2;128;1544.2;True;True
Jessica Bouzas Maneiro;WTA;59;88;1734.8;103;1659.8;81;1683.9;59;1653.2;True;True
Diane Parry;WTA;60;90;1728.6;121;1631.7;84;1677.7;61;1643.9;True;True
Daria Kasatkina;WTA;61;55;1799.0;55;1759.0;31;1771.4;49;1671.3;True;True
Yuliia Starodubtseva;WTA;62;86;1741.8;104;1659.7;62;1710.5;110;1572.2;True;True
Karolina Pliskova;WTA;63;29;1872.0;28;1812.1;20;1807.1;25;1758.0;True;True
Tereza Valentova;WTA;64;42;1824.0;29;1807.2;35;1766.2;66;1639.3;True;True
Magda Linette;WTA;65;50;1812.3;52;1761.0;38;1755.8;60;1650.0;True;True
Kimberly Birrell;WTA;66;80;1759.0;56;1754.0;171;1538.8;89;1597.9;True;True
Ashlyn Krueger;WTA;67;38;1831.5;61;1743.7;67;1698.2;23;1767.8;True;True
Alycia Parks;WTA;68;151;1629.6;135;1619.6;161;1557.0;181;1478.2;True;True
Katie Boulter;WTA;69;48;1814.2;39;1786.5;78;1687.0;38;1708.2;True;True
Liudmila Samsonova;WTA;70;59;1791.4;68;1731.2;55;1726.2;36;1709.6;True;True
Elisabetta Cocciaretto;WTA;71;63;1790.6;49;1765.6;64;1705.4;56;1659.9;True;True
Talia Gibson;WTA;72;91;1727.8;54;1759.7;165;1550.5;114;1565.9;True;True
Caty Mcnally;WTA;73;39;1826.7;65;1735.9;40;1751.4;34;1715.4;True;True
Panna Udvardy;WTA;74;120;1689.4;148;1581.0;97;1645.2;119;1557.9;True;True
Elena Gabriela Ruse;WTA;75;43;1822.4;63;1740.6;59;1722.5;29;1735.4;True;True
Maya Joint;WTA;76;126;1676.7;98;1663.5;114;1620.2;101;1583.6;True;True
Anna Bondar;WTA;77;84;1744.0;105;1658.9;44;1743.0;170;1492.0;True;True
Lanlana Tararudee;WTA;78;82;1751.6;59;1749.6;152;1564.1;109;1575.9;True;True
Tatjana Maria;WTA;79;87;1736.9;126;1625.6;125;1602.6;33;1724.8;True;True
Sinja Kraus;WTA;80;81;1755.8;107;1654.6;57;1724.8;115;1563.5;True;True
Yulia Putintseva;WTA;81;61;1791.1;57;1751.5;48;1736.5;74;1627.4;True;True
Kamilla Rakhimova;WTA;82;112;1701.3;90;1675.1;118;1613.5;93;1593.0;True;True
Renata Zarazua;WTA;83;132;1667.0;112;1646.3;142;1588.0;140;1533.1;True;True
Paula Badosa;WTA;84;40;1825.0;47;1770.4;30;1772.1;54;1662.3;True;True
Eva Lys;WTA;85;70;1780.9;50;1764.5;85;1676.9;91;1595.9;True;True
Solana Sierra;WTA;86;60;1791.4;101;1661.4;39;1752.5;71;1631.6;True;True
Dayana Yastremska;WTA;87;69;1783.4;71;1728.8;54;1726.8;55;1660.2;True;True
Laura Siegemund;WTA;88;76;1762.3;81;1710.2;76;1688.5;79;1620.8;True;True
Alina Korneeva;WTA;89;71;1775.3;53;1760.2;99;1643.0;84;1607.1;True;True
Simona Waltert;WTA;90;130;1670.4;140;1606.3;94;1655.5;214;1451.3;True;True
Hanne Vandewinkel;WTA;91;119;1690.7;75;1725.1;158;1558.9;147;1515.3;True;True
Ajla Tomljanovic;WTA;92;89;1729.9;80;1715.1;112;1622.1;57;1658.1;True;True
Katie Volynets;WTA;93;66;1786.2;66;1735.9;61;1715.3;45;1683.0;True;True
Xiyu Wang;WTA;94;77;1762.1;79;1718.7;56;1725.3;108;1577.3;True;True
Emiliana Arango;WTA;95;184;1590.9;174;1559.6;179;1528.2;206;1462.5;True;True
Maria Timofeeva;WTA;96;99;1718.7;131;1623.0;66;1699.4;118;1558.0;True;True
Oksana Selekhmeteva;WTA;97;141;1649.8;110;1650.1;138;1594.1;142;1522.3;True;True
Elsa Jacquemot;WTA;98;191;1583.8;165;1567.7;191;1519.9;165;1499.4;True;True
Varvara Gracheva;WTA;99;51;1809.9;51;1763.2;65;1701.4;64;1641.3;True;True
Veronika Erjavec;WTA;100;170;1608.8;219;1513.7;136;1594.8;159;1505.6;True;True
Anastasia Zakharova;WTA;101;85;1742.7;76;1721.0;135;1595.4;80;1620.3;True;True
Ella Seidel;WTA;102;192;1583.7;154;1576.8;199;1510.4;176;1484.8;True;True
Kaitlin Quevedo;WTA;103;96;1723.4;116;1637.8;77;1687.9;135;1536.5;True;True
Anna Blinkova;WTA;104;123;1680.2;115;1638.0;133;1596.6;98;1589.4;True;True
Taylor Townsend;WTA;105;44;1821.9;37;1794.2;52;1729.3;82;1613.8;True;True
Darja Semenistaja;WTA;106;171;1607.1;189;1544.8;141;1588.1;148;1514.9;True;True
Moyuka Uchijima;WTA;107;150;1631.2;139;1608.6;132;1596.8;234;1436.7;True;True
Polina Kudermetova;WTA;108;122;1683.4;133;1620.4;111;1627.4;87;1600.7;True;True
Julia Grabher;WTA;109;165;1610.9;236;1485.4;137;1594.6;304;1390.1;True;True
Francesca Jones;WTA;110;105;1708.1;125;1625.6;63;1710.2;182;1477.7;True;True
Mananchaya Sawangkaew;WTA;111;83;1750.7;89;1680.7;146;1578.1;44;1683.7;True;True
Alina Charaeva;WTA;112;104;1711.6;137;1613.7;86;1676.2;99;1588.8;True;True
Claire Liu;WTA;113;106;1708.0;108;1654.4;106;1637.4;86;1603.3;True;True
Darja Vidmanova;WTA;114;145;1638.6;118;1634.9;197;1511.1;122;1552.1;True;True
Lulu Sun;WTA;115;152;1629.0;109;1650.3;225;1479.2;144;1519.9;True;True
Sofia Kenin;WTA;116;111;1701.5;100;1662.2;92;1658.9;106;1577.8;True;True
Leolia Jeanjean;WTA;117;114;1699.5;138;1611.0;93;1656.5;96;1591.9;True;True
Lucia Bronzetti;WTA;118;147;1635.4;176;1557.4;113;1622.1;154;1510.2;True;True
Taylah Preston;WTA;119;201;1572.1;166;1567.0;306;1383.2;212;1453.6;True;True
Victoria Jimenez Kasintseva;WTA;120;206;1567.6;173;1563.0;188;1520.9;228;1441.0;True;True
Dominika Salkova;WTA;121;169;1609.0;124;1629.8;182;1525.2;239;1434.1;True;True
Sonay Kartal;WTA;122;28;1874.0;23;1832.6;126;1602.3;31;1731.6;True;True
Qinwen Zheng;WTA;123;34;1839.5;26;1821.7;23;1805.0;83;1608.2;True;True
Mary Stoiana;WTA;124;133;1655.1;160;1572.7;174;1534.9;95;1592.0;True;True
Yue Yuan;WTA;125;179;1596.0;150;1580.0;178;1529.3;205;1463.0;True;True
Veronika Kudermetova;WTA;126;36;1836.4;40;1785.9;36;1764.7;37;1709.5;True;True
Kayla Day;WTA;127;154;1626.7;142;1592.0;154;1560.9;160;1503.8;True;True
Jeline Vandromme;WTA;128;124;1678.8;91;1674.8;128;1601.0;137;1535.8;True;True
Lisa Pigato;WTA;129;200;1573.6;191;1542.3;163;1555.6;179;1479.3;True;True
Marina Bassols Ribera;WTA;130;144;1640.9;198;1527.2;119;1611.9;127;1544.4;True;True
Katarzyna Kawa;WTA;131;135;1652.7;237;1483.4;103;1641.1;124;1546.6;True;True
Elvina Kalieva;WTA;132;211;1563.4;196;1535.6;210;1493.0;225;1444.1;True;True
Lin Zhu;WTA;133;127;1673.3;111;1646.5;248;1454.7;123;1551.5;True;True
Veronika Podrez;WTA;134;208;1565.4;209;1518.9;211;1490.6;247;1425.5;True;True
Marketa Vondrousova;WTA;135;22;1907.1;25;1825.8;29;1773.1;18;1791.1;True;True
Aliaksandra Sasnovich;WTA;136;102;1717.6;88;1685.7;96;1650.4;85;1605.7;True;True
Noma Noha Akugue;WTA;137;183;1591.4;162;1571.8;175;1532.7;243;1430.0;True;True
Himeno Sakatsume;WTA;138;193;1582.5;157;1574.8;220;1482.3;223;1445.9;True;True
Emerson Jones;WTA;139;155;1626.6;130;1624.5;267;1427.4;168;1496.6;True;True
Marina Stakusic;WTA;140;107;1706.7;94;1672.1;159;1558.8;94;1592.9;True;True
Rebecca Sramkova;WTA;141;142;1645.9;129;1625.1;145;1582.9;131;1541.8;True;True
Tamara Zidansek;WTA;142;138;1650.6;152;1578.9;107;1636.1;194;1470.5;True;True
Harriet Dart;WTA;143;181;1593.2;153;1578.9;255;1443.7;155;1506.4;True;True
Lucrezia Stefanini;WTA;144;167;1609.5;143;1589.1;193;1517.1;129;1543.0;True;True
Suzan Lamens;WTA;145;168;1609.2;169;1566.0;164;1551.6;161;1501.6;True;True
Teodora Kostovic;WTA;146;137;1650.7;161;1572.2;123;1608.9;102;1582.8;True;True
Leyre Romero Gormaz;WTA;147;164;1614.2;200;1525.4;140;1589.9;222;1446.4;True;True
Julia Riera;WTA;148;158;1617.1;214;1515.4;130;1600.2;183;1476.9;True;True
Polina Iatcenko;WTA;149;157;1617.8;170;1565.3;287;1399.2;77;1623.4;True;True
Maddison Inglis;WTA;150;196;1578.8;184;1552.6;265;1431.5;199;1466.1;True;True
Tyra Caterina Grant;WTA;151;115;1699.1;175;1557.9;104;1640.7;67;1637.4;True;True
Beatriz Haddad Maia;WTA;152;172;1606.9;155;1575.7;134;1596.6;116;1558.3;True;True
Laura Samson;WTA;153;149;1633.7;222;1511.2;102;1641.9;190;1474.5;True;True
Lola Radivojevic;WTA;154;234;1532.4;253;1464.4;189;1520.8;207;1461.3;True;True
Andrea Lazaro Garcia;WTA;155;160;1616.4;201;1524.2;127;1601.7;210;1456.2;True;True
Dalma Galfi;WTA;156;146;1637.3;149;1580.2;115;1619.5;120;1553.2;True;True
Priscilla Hon;WTA;157;210;1563.9;178;1555.8;240;1464.4;224;1444.4;True;True
Sofia Costoulas;WTA;158;215;1558.8;171;1564.3;206;1496.9;263;1409.6;True;True
Fiona Ferro;WTA;159;134;1654.5;134;1620.2;121;1610.2;191;1474.4;True;True
Jazmin Ortenzi;WTA;160;263;1493.9;338;1366.6;231;1476.2;337;1367.1;True;True
Elina Avanesyan;WTA;161;113;1701.2;113;1643.4;88;1675.1;97;1591.5;True;True
Carol Young Suh Lee;WTA;162;153;1628.6;122;1630.0;169;1541.4;172;1490.4;True;True
Jil Teichmann;WTA;163;121;1689.1;120;1632.1;95;1653.9;178;1482.6;True;True
Susan Bandecchi;WTA;164;205;1567.8;227;1503.1;176;1532.4;217;1448.7;True;True
Luisina Giovannini;WTA;165;255;1508.0;377;1334.8;207;1495.9;268;1407.6;True;True
Rebeka Masarova;WTA;166;109;1705.3;119;1633.2;87;1675.8;62;1643.6;True;True
Nuria Brancaccio;WTA;167;243;1524.9;376;1336.4;192;1517.5;336;1367.7;True;True
Hanyu Guo;WTA;168;162;1614.6;144;1586.8;166;1549.6;197;1467.8;True;True
Kaja Juvan;WTA;169;116;1696.2;117;1637.2;80;1684.7;63;1641.5;True;True
Tiantsoa Sarah Rakotomanga Rajaonah;WTA;170;251;1510.7;252;1464.8;241;1464.1;231;1438.8;True;True
Yeon Woo Ku;WTA;171;214;1559.4;188;1546.6;309;1379.4;248;1423.2;True;True
Kayla Cross;WTA;172;269;1487.2;232;1488.9;297;1389.0;375;1352.4;True;True
Elizabeth Mandlik;WTA;173;228;1542.7;210;1518.4;236;1473.7;152;1510.4;True;True
Bianca Andreescu;WTA;174;93;1724.8;83;1701.7;108;1634.8;75;1625.5;True;True
Varvara Lepchenko;WTA;175;209;1564.5;185;1551.7;183;1523.6;220;1447.9;True;True
Linda Fruhvirtova;WTA;176;188;1585.4;151;1579.4;203;1501.9;173;1489.4;True;True
Ekaterine Gorgodze;WTA;177;223;1550.8;247;1473.8;187;1521.7;201;1464.9;True;True
Despina Papamichail;WTA;178;308;1445.1;316;1389.0;275;1416.9;280;1402.7;True;True
Akasha Urhobo;WTA;179;212;1562.3;272;1433.6;170;1541.0;221;1446.7;True;True
Storm Hunter;WTA;180;125;1677.9;96;1666.2;168;1546.0;111;1572.2;True;True
Tatiana Prozorova;WTA;181;131;1667.9;106;1657.1;147;1569.2;138;1535.4;True;True
Greet Minnen;WTA;182;92;1726.0;95;1668.3;122;1609.8;50;1668.1;True;True
Julia Avdeeva;WTA;183;265;1492.6;241;1479.2;247;1457.2;310;1386.0;True;True
Arantxa Rus;WTA;184;261;1500.3;230;1497.0;213;1488.8;301;1391.3;True;True
Elena Pridankina;WTA;185;182;1591.5;215;1515.0;143;1587.0;209;1457.6;True;True
Alexandra Shubladze;WTA;186;257;1507.8;229;1498.8;331;1362.2;303;1390.8;True;True
Martyna Kubka;WTA;187;148;1635.0;141;1605.4;205;1498.0;103;1579.9;True;True
Elizara Yaneva;WTA;188;231;1539.4;190;1544.8;214;1487.3;213;1453.5;True;True
Mai Hontama;WTA;189;233;1537.2;231;1496.9;235;1473.9;237;1434.9;True;True
Anastasia Gasanova;WTA;190;198;1574.7;199;1526.8;234;1474.5;130;1542.3;True;True
Xiaodi You;WTA;191;296;1454.8;239;1481.2;366;1328.7;423;1329.2;True;True
Eva Vedder;WTA;192;219;1556.1;195;1536.0;196;1511.6;204;1463.5;True;True
Vendula Valdmannova;WTA;193;159;1616.5;128;1625.2;314;1375.9;151;1511.6;True;True
Ye Xin Ma;WTA;194;322;1426.6;287;1419.9;480;1231.6;383;1349.3;True;True
Robin Montgomery;WTA;195;78;1761.8;102;1660.9;116;1617.1;30;1735.3;True;True
Anastasiya Soboleva;WTA;196;161;1615.0;267;1437.0;124;1606.9;226;1443.7;True;True
Whitney Osuigwe;WTA;197;294;1456.9;282;1423.6;266;1429.7;454;1314.2;True;True
Ayla Aksu;WTA;198;247;1518.7;221;1511.3;269;1425.2;238;1434.3;True;True
Joanna Garland;WTA;199;222;1550.9;183;1553.0;246;1461.8;184;1476.4;True;True
Carole Monnet;WTA;200;241;1526.5;261;1452.9;200;1505.8;332;1369.2;True;True
Harmony Tan;WTA;201;173;1606.9;163;1568.9;249;1453.8;104;1579.7;True;True
Katie Swan;WTA;202;197;1575.9;235;1488.1;271;1423.6;145;1518.4;True;True
Guiomar Maristany Zuleta De Reales;WTA;203;163;1614.5;212;1516.1;139;1594.0;227;1443.5;True;True
Alice Tubello;WTA;204;232;1538.7;328;1378.1;173;1536.8;281;1402.4;True;True
Iryna Shymanovich;WTA;205;190;1584.0;228;1501.2;185;1523.0;134;1537.8;True;True
Linda Klimovicova;WTA;206;238;1528.6;205;1522.0;254;1445.0;321;1379.6;True;True
Angela Fita Boluda;WTA;207;331;1418.3;439;1275.0;288;1399.1;371;1353.7;True;True
Anouk Koevermans;WTA;208;237;1529.9;194;1537.1;216;1486.2;294;1395.9;True;True
Erika Andreeva;WTA;209;216;1558.3;213;1516.1;198;1511.1;229;1441.0;True;True
Jennifer Ruggeri;WTA;210;226;1547.3;317;1388.7;180;1525.5;218;1448.7;True;True
Maria Lourdes Carle;WTA;211;240;1527.5;240;1481.1;202;1503.8;275;1403.9;True;True
Julie Struplova;WTA;212;277;1478.4;343;1364.6;245;1462.3;255;1414.2;True;True
Madison Brengle;WTA;213;221;1553.0;216;1514.8;167;1547.8;175;1487.1;True;True
Sara Sorribes Tormo;WTA;214;136;1652.6;145;1584.7;109;1633.0;133;1538.4;True;True
Mona Barthel;WTA;215;236;1530.4;204;1522.4;219;1482.9;325;1376.1;True;True
Celine Naef;WTA;216;139;1650.2;114;1642.5;221;1481.4;88;1600.4;True;True
Gabriela Andrea Knutson;WTA;217;264;1493.2;259;1456.3;334;1361.1;188;1474.9;True;True
Lina Gjorcheska;WTA;218;268;1489.1;271;1434.4;264;1432.0;167;1496.9;True;True
Alevtina Ibragimova;WTA;219;185;1590.1;223;1509.4;151;1564.7;195;1470.1;True;True
Aliona Falei;WTA;220;242;1525.7;197;1528.8;277;1416.4;232;1438.6;True;True
Polona Hercog;WTA;221;194;1581.6;208;1520.1;149;1565.6;156;1506.4;True;True
Hayu Kinoshita;WTA;222;284;1470.1;255;1462.3;415;1297.6;288;1398.7;True;True
Kajsa Rinaldo Persson;WTA;223;252;1510.0;274;1432.6;224;1480.3;345;1363.2;True;True
Mia Ristic;WTA;224;225;1548.2;319;1388.1;181;1525.3;216;1449.1;True;True
Alicia Dudeney;WTA;225;235;1531.8;218;1514.3;308;1380.9;305;1389.8;True;True
Nao Hibino;WTA;226;218;1556.8;202;1524.1;217;1485.3;186;1475.7;True;True
Lucie Havlickova;WTA;227;267;1489.4;233;1488.6;263;1433.8;269;1407.5;True;True
Darya Astakhova;WTA;228;262;1498.2;265;1439.2;223;1480.9;300;1391.9;True;True
Kristina Liutova;WTA;229;140;1650.2;158;1574.0;131;1599.6;162;1500.1;True;True
Viktoria Hruncakova;WTA;230;250;1510.7;244;1476.3;251;1448.4;233;1437.8;True;True
Katherine Sebov;WTA;231;307;1446.0;286;1420.0;327;1364.1;256;1413.8;True;True
Francisca Jorge;WTA;232;244;1524.6;225;1508.0;262;1434.9;196;1470.1;True;True
Jessika Ponchet;WTA;233;202;1572.0;226;1504.3;155;1560.8;200;1465.9;True;True
Viktoriya Tomova;WTA;234;166;1610.3;156;1575.2;150;1565.5;158;1506.0;True;True
Aoi Ito;WTA;235;246;1521.7;193;1537.7;387;1314.4;344;1364.1;True;True
Martina Capurro Taborda;WTA;236;352;1392.6;406;1303.1;312;1377.7;277;1403.3;True;True
Justina Mikulskyte;WTA;237;349;1395.5;336;1368.6;319;1372.9;415;1332.1;True;True
Anna Siskova;WTA;238;230;1539.7;206;1521.8;208;1494.9;359;1358.8;True;True
Laura Pigossi;WTA;239;290;1460.7;273;1433.0;258;1441.3;428;1327.7;True;True
Selena Janicijevic;WTA;240;338;1412.8;369;1340.9;295;1393.2;283;1400.2;True;True
Sara Saito;WTA;241;319;1430.4;276;1432.3;333;1361.8;456;1312.6;True;True
Han Shi;WTA;242;285;1465.7;251;1467.7;375;1322.2;287;1398.9;True;True
Vivian Wolff;WTA;243;286;1465.7;257;1458.5;283;1404.6;266;1407.8;True;True
Mia Pohankova;WTA;244;178;1598.9;146;1582.5;209;1494.8;180;1478.6;True;True
Dayeon Back;WTA;245;385;1365.3;425;1290.8;317;1374.3;365;1357.6;True;True
Xinyu Gao;WTA;246;213;1560.1;181;1553.7;228;1477.3;264;1409.3;True;True
Zhuoxuan Bai;WTA;247;199;1573.6;186;1551.5;260;1439.1;136;1536.3;True;True
Miriam Bianca Bulgaru;WTA;248;391;1361.1;434;1283.4;363;1329.8;446;1318.0;True;True
Fangran Tian;WTA;249;287;1464.8;264;1445.2;343;1347.4;270;1407.4;True;True
Olivia Gadecki;WTA;250;203;1568.8;192;1539.3;212;1489.7;193;1470.9;True;True
Francesca Curmi;WTA;251;189;1585.1;243;1476.5;156;1560.0;198;1467.6;True;True
Caroline Dolehide;WTA;252;118;1694.5;93;1672.7;110;1629.7;174;1489.2;True;True
Anna Lena Friedsam;WTA;253;248;1517.2;234;1488.3;229;1476.5;271;1405.8;True;True
Cadence Brace;WTA;254;318;1430.6;277;1431.5;460;1251.4;420;1329.4;True;True
Carolyn Ansari;WTA;255;451;1307.2;409;1301.5;453;1258.5;461;1307.8;True;True
Katarina Zavatska;WTA;256;229;1541.7;283;1423.2;184;1523.6;242;1432.6;True;True
Kyoka Okamura;WTA;257;344;1400.9;352;1355.2;400;1305.3;203;1463.7;True;True
Haruka Kaji;WTA;258;332;1417.4;306;1403.1;356;1334.8;250;1421.2;True;True
Mei Yamaguchi;WTA;259;317;1431.1;301;1405.5;397;1307.2;357;1359.1;True;True
Alice Rame;WTA;260;429;1325.6;530;1166.6;357;1333.7;462;1307.3;True;True
Anastasia Zolotareva;WTA;261;282;1475.1;326;1380.4;239;1468.8;257;1412.6;True;True
Caroline Uebelhoer;WTA;262;340;1406.0;370;1340.9;307;1382.5;312;1385.3;True;True
Anastasia Tikhonova;WTA;263;439;1318.2;432;1287.4;432;1280.3;262;1410.7;True;True
Olga Danilovic;WTA;264;45;1819.1;64;1739.8;26;1796.1;65;1639.9;True;True
Sofya Lansere;WTA;265;354;1390.0;303;1404.9;402;1305.1;331;1370.0;True;True
Yasmine Kabbaj;WTA;266;304;1449.3;348;1358.2;270;1424.0;286;1399.6;True;True
Tessa Johanna Brockmann;WTA;267;321;1428.2;354;1353.7;303;1386.2;295;1395.0;True;True
Elena Ruxandra Bertea;WTA;268;337;1413.1;403;1305.7;293;1394.7;319;1381.5;True;True
Elena Micic;WTA;269;314;1436.3;288;1416.0;405;1303.0;298;1393.1;True;True
Sada Nahimana;WTA;270;301;1450.0;379;1331.9;257;1442.4;284;1400.0;True;True
Katrina Scott;WTA;271;280;1477.4;268;1436.1;232;1475.9;376;1351.9;True;True
Matilde Jorge;WTA;272;295;1456.0;263;1446.3;360;1331.1;278;1403.0;True;True
Lea Ma;WTA;273;276;1478.9;260;1453.5;341;1349.5;261;1411.0;True;True
Fiona Crawley;WTA;274;174;1603.5;182;1553.1;300;1388.0;164;1499.6;True;True
Caijsa Wilda Hennemann;WTA;275;292;1458.8;378;1333.3;268;1427.3;273;1404.4;True;True
Federica Urgesi;WTA;276;227;1546.1;307;1400.4;177;1530.8;219;1448.1;True;True
Valentina Ryser;WTA;277;279;1478.0;262;1450.3;416;1296.4;153;1510.4;True;True
Katarina Kuzmova;WTA;278;424;1331.2;380;1326.0;512;1189.1;397;1340.6;True;True
Ayana Akli;WTA;279;383;1365.9;331;1373.7;388;1313.9;419;1329.5;True;True
Mika Stojsavljevic;WTA;280;272;1481.8;299;1406.7;338;1355.9;347;1362.5;True;True
Eva Guerrero Alvarez;WTA;281;275;1480.1;249;1469.9;289;1398.4;299;1393.0;True;True
Xinxin Yao;WTA;282;327;1422.2;281;1426.0;369;1324.0;309;1386.1;True;True
Irene Burillo Escorihuela;WTA;283;305;1448.5;357;1352.7;261;1435.5;338;1366.8;True;True
Aurora Zantedeschi;WTA;284;334;1415.8;482;1238.6;285;1403.6;316;1382.9;True;True
Yuki Naito;WTA;285;361;1383.3;321;1386.3;441;1271.9;405;1336.1;True;True
Vera Zvonareva;WTA;286;117;1695.4;99;1662.7;117;1615.1;68;1633.4;True;True
Chloe Paquet;WTA;287;309;1444.6;291;1414.3;274;1417.2;377;1351.9;True;True
Anouck Vrancken Peeters;WTA;288;400;1354.9;335;1370.6;367;1326.9;508;1277.8;True;True
Viktoria Morvayova;WTA;289;365;1378.6;341;1365.0;429;1282.8;293;1396.3;True;True
Samira De Stefano;WTA;290;293;1457.6;294;1410.5;340;1351.8;276;1403.8;True;True
Ane Mintegi Del Olmo;WTA;291;326;1422.3;312;1394.1;301;1387.0;308;1386.1;True;True
Lois Boisson;WTA;292;94;1724.2;167;1566.4;74;1691.8;171;1491.8;True;True
Hina Inoue;WTA;293;388;1363.5;361;1345.8;485;1225.6;379;1351.5;True;True
Gina Feistel;WTA;294;245;1522.0;347;1358.7;194;1515.9;235;1436.0;True;True
Zongyu Li;WTA;295;239;1528.0;211;1516.6;292;1395.3;230;1439.0;True;True
Mina Hodzic;WTA;296;299;1451.2;296;1408.2;273;1418.8;317;1382.6;True;True
Anastasija Sevastova;WTA;297;100;1718.5;97;1664.3;69;1695.0;81;1619.5;True;True
En Shuo Liang;WTA;298;220;1553.8;180;1554.1;335;1360.8;166;1497.0;True;True
Lisa Zaar;WTA;299;313;1437.1;360;1349.0;290;1397.5;297;1393.6;True;True
Tereza Martincova;WTA;300;186;1589.3;159;1572.9;230;1476.2;125;1545.2;True;True
Daria Khomutsianskaya;WTA;301;372;1371.6;350;1357.7;408;1300.8;351;1360.8;True;True
Hibah Shaikh;WTA;302;382;1366.2;342;1364.8;384;1316.1;364;1358.1;True;True
Hanna Chang;WTA;303;399;1355.0;393;1316.8;313;1377.2;469;1304.4;True;True
Gabriela Ce;WTA;304;410;1343.9;451;1265.7;368;1325.3;441;1320.0;True;True
Sohyun Park;WTA;305;407;1344.8;349;1357.9;433;1279.8;249;1422.4;True;True
Kathinka Von Deichmann;WTA;306;350;1392.9;305;1404.4;345;1345.9;381;1350.4;True;True
Lizette Cabrera;WTA;307;302;1449.6;290;1415.6;346;1345.8;241;1432.7;True;True
Julieta Pareja;WTA;308;176;1600.6;172;1563.4;190;1520.7;187;1475.3;True;True
Noemi Basiletti;WTA;309;328;1421.8;453;1263.4;302;1386.5;311;1385.9;True;True
Elena Malygina;WTA;310;381;1367.3;327;1379.3;444;1269.0;240;1433.6;True;True
Alina Granwehr;WTA;311;380;1367.5;413;1298.7;342;1349.1;360;1358.7;True;True
Anna Sinclair Rogers;WTA;312;473;1275.7;473;1247.6;465;1245.8;427;1328.4;True;True
Alicia Herrero Linana;WTA;313;274;1481.6;363;1344.8;238;1469.6;254;1415.8;True;True
Amandine Monnot;WTA;314;258;1507.1;242;1477.2;256;1442.4;245;1428.5;True;True
Martha Matoula;WTA;315;396;1357.8;404;1304.3;329;1362.9;244;1428.9;True;True
Eva Bennemann;WTA;316;420;1335.5;302;1405.0;469;1242.6;392;1342.7;True;True
Savannah Broadus;WTA;317;177;1599.5;147;1581.1;227;1477.8;189;1474.8;True;True
Martina Trevisan;WTA;318;249;1513.9;248;1472.7;201;1504.3;437;1322.7;True;True
Hiromi Abe;WTA;319;362;1380.7;345;1360.8;401;1305.3;341;1365.3;True;True
Sloane Stephens;WTA;320;128;1673.2;132;1620.8;91;1659.7;100;1584.4;True;True
Lea Boskovic;WTA;321;316;1432.2;334;1371.7;276;1416.6;246;1426.0;True;True
Ena Koike;WTA;322;311;1437.8;285;1421.5;381;1318.1;296;1393.9;True;True
Manon Leonard;WTA;323;421;1335.4;374;1338.9;525;1168.9;516;1265.9;True;True
Rina Saigo;WTA;324;464;1283.8;446;1270.5;493;1218.0;455;1313.5;True;True
Jessica Pieri;WTA;325;427;1326.0;444;1271.9;377;1321.6;429;1327.5;True;True
Deborah Chiesa;WTA;326;291;1460.0;383;1324.8;244;1462.8;326;1376.1;True;True
Raluka Serban;WTA;327;441;1316.7;362;1345.5;420;1292.5;395;1341.2;True;True
Mell Elizabeth Reasco Gonzalez;WTA;328;457;1296.2;344;1364.0;463;1246.1;290;1398.1;True;True
Yufei Ren;WTA;329;351;1392.7;365;1344.3;305;1384.5;329;1371.4;True;True
Weronika Falkowska;WTA;330;378;1368.5;330;1374.3;430;1281.3;356;1359.2;True;True
Oceane Dodin;WTA;331;224;1550.4;207;1520.4;237;1473.7;185;1475.8;True;True
Mingge Xu;WTA;332;384;1365.9;373;1338.9;413;1298.0;475;1301.6;True;True
Yuriko Miyazaki;WTA;333;364;1380.2;339;1366.4;456;1252.5;402;1337.6;True;True
Georgia Pedone;WTA;334;444;1311.7;527;1168.6;389;1313.1;435;1323.2;True;True
Victoria Bosio;WTA;335;509;1220.0;521;1190.5;502;1203.6;495;1285.0;True;True
Lucciana Perez Alarcon;WTA;336;;;;;;;;;True;False
Sakura Hosogi;WTA;337;310;1443.4;275;1432.6;383;1316.8;291;1396.7;True;True
Carolina Alves;WTA;338;481;1267.2;448;1268.7;461;1251.3;522;1260.0;True;True
Rebecca Marino;WTA;339;175;1600.7;164;1568.5;222;1480.9;117;1558.2;True;True
Martina Colmegna;WTA;340;489;1260.3;477;1245.2;462;1248.5;468;1305.2;True;True
Dalila Spiteri;WTA;341;363;1380.4;427;1290.3;311;1377.9;342;1365.2;True;True
Barbora Palicova;WTA;342;394;1358.8;381;1325.6;339;1351.9;363;1358.2;True;True
Sahaja Yamalapalli;WTA;343;437;1319.7;405;1303.9;470;1240.7;447;1317.8;True;True
Britt Du Pree;WTA;344;454;1302.6;375;1336.8;467;1244.4;486;1295.9;True;True
Aliona Bolsova;WTA;345;254;1509.5;256;1458.9;215;1487.2;267;1407.7;True;True
Antonia Vergara Rivera;WTA;346;402;1351.4;426;1290.7;354;1338.2;380;1350.7;True;True
Eryn Cayetano;WTA;347;358;1385.7;332;1373.7;452;1261.3;335;1367.9;True;True
Radka Zelnickova;WTA;348;435;1321.7;416;1297.6;449;1263.1;407;1335.9;True;True
Natalija Senic;WTA;349;;;;;;;;;True;False
Momoko Kobori;WTA;350;416;1339.5;389;1319.1;501;1208.5;444;1318.7;True;True
Rositsa Dencheva;WTA;351;401;1354.9;372;1340.6;359;1332.5;374;1352.5;True;True
Dalila Jakupovic;WTA;352;346;1398.2;329;1376.8;325;1365.6;408;1335.6;True;True
Berfu Cengiz;WTA;353;336;1413.2;322;1385.5;291;1397.4;348;1361.9;True;True
Kira Pavlova;WTA;354;433;1322.6;414;1298.3;436;1276.3;404;1336.3;True;True
Clervie Ngounoue;WTA;355;270;1485.4;254;1464.2;281;1412.2;320;1380.5;True;True
Yafan Wang;WTA;356;110;1703.6;92;1673.0;172;1538.6;132;1539.9;True;True
Joelle Lilly Sophie Steur;WTA;357;447;1308.8;410;1300.0;440;1274.3;421;1329.4;True;True
Miriana Tona;WTA;358;483;1264.0;435;1283.0;481;1229.0;463;1307.0;True;True
Yidi Yang;WTA;359;371;1372.0;337;1367.9;427;1284.6;350;1361.0;True;True
Varvara Panshina;WTA;360;375;1370.1;399;1309.3;259;1439.5;354;1360.0;True;True
Madison Sieg;WTA;361;491;1254.3;475;1246.8;497;1215.2;474;1302.1;True;True
Margaux Rouvroy;WTA;362;339;1408.8;325;1380.6;332;1362.0;322;1379.4;True;True
Francesca Pace;WTA;363;;;;;;;;;True;False
Amelia Honer;WTA;364;;;;;;;;;True;False
Diletta Cherubini;WTA;365;408;1344.5;460;1257.3;365;1329.0;387;1347.2;True;True
Sandra Samir;WTA;366;;;;;;;;;True;False
Carlota Martinez Cirez;WTA;367;392;1360.7;483;1238.5;350;1341.9;403;1336.4;True;True
Miho Kuramochi;WTA;368;359;1385.0;340;1365.3;395;1307.5;340;1365.3;True;True
Lea Nilsson;WTA;369;273;1481.6;311;1395.2;243;1463.1;253;1415.8;True;True
Priska Madelyn Nugroho;WTA;370;449;1307.9;420;1295.4;355;1335.1;274;1404.0;True;True
Yasmine Mansouri;WTA;371;448;1308.6;402;1306.8;524;1169.0;422;1329.3;True;True
Maria Aran Teixido Garcia;WTA;372;;;;;;;;;True;False
Eunhye Lee;WTA;373;445;1310.3;421;1293.9;443;1270.2;418;1330.2;True;True
Hannah Klugman;WTA;374;259;1501.1;245;1475.2;298;1388.4;314;1383.8;True;True
Julia Stusek;WTA;375;368;1374.2;395;1314.0;376;1321.6;426;1328.6;True;True
Lia Karatancheva;WTA;376;414;1340.3;464;1256.1;378;1320.4;390;1345.1;True;True
Camilla Rosatello;WTA;377;300;1450.8;333;1373.4;218;1483.5;393;1342.6;True;True
Amarissa Kiara Toth;WTA;378;315;1432.6;323;1385.3;280;1413.3;302;1391.3;True;True
Naiktha Bains;WTA;379;345;1400.4;310;1397.2;361;1330.6;499;1283.0;True;True
Angelina Voloshchuk;WTA;380;303;1449.3;269;1435.7;417;1296.0;285;1399.7;True;True
Tiphanie Fiquet;WTA;381;461;1289.0;441;1273.8;435;1279.0;443;1319.5;True;True
Vaishnavi Adkar;WTA;382;502;1241.0;492;1227.2;475;1235.5;487;1295.5;True;True
Cagla Buyukakcay;WTA;383;426;1328.5;388;1320.9;391;1311.1;538;1228.6;True;True
Natsumi Kawaguchi;WTA;384;393;1359.8;366;1342.2;419;1294.9;433;1324.4;True;True
Stephanie Judith Visscher;WTA;385;466;1282.5;447;1270.0;511;1190.7;449;1316.3;True;True
Silvia Ambrosio;WTA;386;289;1460.8;346;1359.5;252;1448.2;272;1405.4;True;True
Malaika Rapolu;WTA;387;342;1402.7;320;1386.4;380;1318.8;324;1376.3;True;True
Alessandra Mazzola;WTA;388;397;1357.2;422;1293.6;348;1343.5;372;1353.6;True;True
Julie Belgraver;WTA;389;348;1397.4;367;1341.9;322;1370.1;328;1373.7;True;True
Daria Egorova;WTA;390;;;;;;;;;True;False
Kristiana Sidorova;WTA;391;374;1370.1;355;1353.5;410;1300.1;353;1360.1;True;True
Patcharin Cheapchandej;WTA;392;;;;;;;;;True;False
Anastasia Kulikova;WTA;393;329;1420.4;297;1408.0;318;1373.2;334;1368.2;True;True
Lucija Ciric Bagaric;WTA;394;495;1250.5;508;1204.9;466;1245.1;511;1276.0;True;True
Jiaqi Wang;WTA;395;487;1261.6;474;1246.8;482;1228.3;466;1305.8;True;True
Weronika Ewald;WTA;396;357;1387.4;398;1311.5;296;1392.6;333;1368.7;True;True
Boyoung Jeong;WTA;397;;;;;;;;;True;False
Lamis Alhussein Abdel Aziz;WTA;398;;;;;;;;;True;False
Misaki Matsuda;WTA;399;377;1369.1;359;1350.7;337;1356.0;355;1359.5;True;True
Aunchisa Chanta;WTA;400;;;;;;;;;True;False
Anastasia Pavlyuchenkova;WTA;401;72;1774.6;62;1741.6;72;1692.1;47;1678.7;True;True
Ipek Oz;WTA;402;355;1389.3;356;1353.4;324;1368.2;399;1338.6;True;True
Alisa Oktiabreva;WTA;403;204;1568.4;280;1426.4;160;1558.3;208;1459.2;True;True
Reina Goto;WTA;404;;;;;;;;;True;False
Nina Vargova;WTA;405;504;1235.1;507;1208.6;499;1213.2;490;1292.6;True;True
Sijia Wei;WTA;406;330;1418.3;284;1423.0;422;1291.9;361;1358.5;True;True
Ariana Arseneault;WTA;407;470;1279.3;449;1267.8;486;1225.2;484;1297.2;True;True
Ana Sofia Sanchez;WTA;408;452;1306.4;438;1275.9;394;1309.1;473;1302.3;True;True
Eri Shimizu;WTA;409;501;1245.0;494;1225.9;473;1237.5;472;1303.6;True;True
Zuzanna Pawlikowska;WTA;410;438;1318.7;385;1323.9;437;1275.9;411;1334.3;True;True
Laura Hietaranta;WTA;411;492;1252.9;490;1229.4;494;1217.0;476;1301.5;True;True
Tina Nadine Smith;WTA;412;343;1401.1;318;1388.2;328;1363.1;327;1375.5;True;True
Clara Burel;WTA;413;156;1625.7;123;1629.9;144;1583.7;177;1484.4;True;True
Tatiana Pieri;WTA;414;423;1331.3;430;1288.4;403;1304.4;396;1340.6;True;True
Rada Zolotareva;WTA;415;256;1507.9;304;1404.8;226;1478.5;289;1398.4;True;True
Laura Mair;WTA;416;428;1325.6;463;1256.7;362;1330.3;401;1337.8;True;True
Jia Jing Lu;WTA;417;409;1344.0;396;1312.8;374;1322.6;519;1262.6;True;True
Amandine Hesse;WTA;418;312;1437.4;289;1415.8;304;1384.6;409;1335.2;True;True
Denislava Glushkova;WTA;419;431;1323.1;292;1411.6;399;1305.4;258;1411.6;True;True
Mariam Bolkvadze;WTA;420;217;1557.0;224;1508.1;353;1338.8;163;1500.0;True;True
Nastasja Schunk;WTA;421;271;1483.7;314;1392.9;233;1475.1;192;1472.5;True;True
Justina Maria Gonzalez Daniele;WTA;422;;;;;;;;;True;False
Beatrise Zeltina;WTA;423;482;1267.2;506;1210.5;439;1274.4;460;1308.6;True;True
Haley Giavara;WTA;424;412;1341.6;386;1322.1;457;1252.3;369;1356.0;True;True
Elena Milovanovic;WTA;425;;;;;;;;;True;False
Katerina Tsygourova;WTA;426;510;1219.9;505;1211.2;503;1202.3;496;1285.0;True;True
Julie Pastikova;WTA;427;442;1313.6;459;1259.7;398;1305.7;416;1331.8;True;True
Victoria Rodriguez;WTA;428;398;1356.9;371;1340.7;414;1297.8;373;1353.5;True;True
Lucie Nguyen Tan;WTA;429;370;1372.4;437;1277.0;349;1342.6;349;1361.2;True;True
Alena Kovackova;WTA;430;;;;;;;;;True;False
Isabella Shinikova;WTA;431;376;1369.7;313;1393.4;445;1268.3;501;1282.7;True;True
Maria Sara Popa;WTA;432;353;1391.3;455;1263.2;326;1364.2;330;1370.6;True;True
Vaidehi Chaudhari;WTA;433;;;;;;;;;True;False
Jenny Lim;WTA;434;389;1362.6;423;1292.5;351;1340.4;368;1356.3;True;True
Alana Subasic;WTA;435;;;;;;;;;True;False
Diana Martynov;WTA;436;419;1337.6;429;1289.7;396;1307.4;391;1343.8;True;True
Victoria Allen;WTA;437;496;1248.5;462;1257.0;471;1239.3;539;1219.7;True;True
Iva Primorac;WTA;438;395;1358.6;476;1245.9;323;1368.2;370;1354.3;True;True
Maria Golovina;WTA;439;;;;;;;;;True;False
Ekaterina Maklakova;WTA;440;411;1343.3;391;1318.3;393;1309.9;388;1346.6;True;True
Eva Marie Voracek;WTA;441;;;;;;;;;True;False
Ekaterina Kazionova;WTA;442;415;1340.1;401;1307.7;385;1315.6;434;1324.2;True;True
Arina Rodionova;WTA;443;278;1478.0;258;1457.7;315;1375.9;215;1450.2;True;True
Sapfo Sakellaridi;WTA;444;538;1128.0;540;1074.0;535;1133.9;534;1239.0;True;True
Louisa Chirico;WTA;445;281;1475.7;293;1410.8;195;1515.9;323;1376.6;True;True
Mio Mushika;WTA;446;;;;;;;;;True;False
Tara Wurth;WTA;447;283;1473.0;324;1381.8;253;1446.0;259;1411.5;True;True
Lidia Encheva;WTA;448;366;1375.9;368;1341.1;382;1316.9;346;1363.0;True;True
Victoria Milovanova;WTA;449;;;;;;;;;True;False
Yelyzaveta Kotliar;WTA;450;477;1272.7;472;1251.3;455;1252.6;458;1311.3;True;True
Astrid Lew Yan Foon;WTA;451;462;1287.1;445;1271.2;450;1262.8;445;1318.5;True;True
Yuno Kitahara;WTA;452;;;;;;;;;True;False
Victoria Azarenka;WTA;453;;;;;;;;;True;False
Tena Lukas;WTA;454;417;1338.7;418;1296.0;373;1322.9;438;1322.5;True;True
Kylie Collins;WTA;455;;;;;;;;;True;False
Ekaterina Reyngold;WTA;456;324;1423.0;278;1431.1;330;1362.7;307;1386.5;True;True
Aneta Kladivova;WTA;457;323;1424.0;351;1356.1;278;1414.7;306;1387.0;True;True
Fernanda Labrana;WTA;458;;;;;;;;;True;False
Maria Florencia Urrutia;WTA;459;460;1289.8;458;1259.9;434;1279.5;442;1319.9;True;True
Ana Candiotto;WTA;460;514;1214.8;510;1201.6;508;1197.3;502;1282.4;True;True
Yujia Huang;WTA;461;455;1301.1;387;1321.4;518;1179.5;432;1325.5;True;True
Sofia Shapatava;WTA;462;530;1170.4;526;1168.8;528;1164.2;537;1230.6;True;True
Kristina Kroitor;WTA;463;;;;;;;;;True;False
Irina Camelia Begu;WTA;464;;;;;;;;;True;False
Hikaru Sato;WTA;465;;;;;;;;;True;False
Zhibek Kulambayeva;WTA;466;335;1414.5;442;1273.0;286;1400.9;318;1382.3;True;True
Andreea Prisacariu;WTA;467;498;1248.4;491;1227.3;491;1221.3;479;1299.2;True;True
Nahia Berecoechea;WTA;468;471;1278.9;503;1217.3;431;1280.8;452;1314.4;True;True
Rinko Matsuda;WTA;469;;;;;;;;;True;False
Elina Nepliy;WTA;470;472;1278.8;470;1251.7;412;1298.0;453;1314.4;True;True
Ekaterina Khayrutdinova;WTA;471;;;;;;;;;True;False
Victoria Hu;WTA;472;524;1194.8;518;1191.9;527;1164.4;512;1272.4;True;True
Maria Martinez Vaquero;WTA;473;485;1263.4;440;1274.2;515;1182.3;465;1306.7;True;True
Julia Adams;WTA;474;;;;;;;;;True;False
Heather Watson;WTA;475;187;1589.3;177;1556.4;250;1449.8;146;1516.9;True;True
Carla Markus;WTA;476;474;1275.1;467;1252.6;447;1265.2;457;1312.6;True;True
Katarina Jokic;WTA;477;;;;;;;;;True;False
Jasmijn Gimbrere;WTA;478;508;1221.8;500;1218.2;505;1200.1;533;1242.4;True;True
Katharina Hobgarski;WTA;479;;;;;;;;;True;False
Lan Mi;WTA;480;;;;;;;;;True;False
Ena Shibahara;WTA;481;288;1463.8;266;1438.4;242;1463.2;251;1420.8;True;True
Luiza Fullana;WTA;482;;;;;;;;;True;False
Ikumi Yamazaki;WTA;483;518;1206.4;514;1197.5;468;1244.1;506;1278.2;True;True
Gina Marie Dittmann;WTA;484;507;1222.3;516;1192.9;489;1224.0;493;1286.2;True;True
Esther Adeshina;WTA;485;456;1299.8;454;1263.4;448;1264.9;414;1333.3;True;True
Reese Brantmeier;WTA;486;;;;;;;;;True;False
Kayo Nishimura;WTA;487;;;;;;;;;True;False
Martina Okalova;WTA;488;480;1267.6;431;1288.0;498;1214.8;459;1308.8;True;True
Chengyiyi Yuan;WTA;489;534;1152.4;541;1070.0;474;1237.1;529;1251.2;True;True
Sofia Johnson;WTA;490;;;;;;;;;True;False
Sofia Elena Cabezas Dominguez;WTA;491;465;1283.1;407;1302.3;509;1197.0;448;1316.5;True;True
Vittoria Paganetti;WTA;492;525;1187.5;519;1191.1;530;1158.1;513;1268.7;True;True
Luna Vujovic;WTA;493;;;;;;;;;True;False
Anna Kubareva;WTA;494;333;1417.1;300;1405.6;418;1295.9;315;1383.6;True;True
Renata Jamrichova;WTA;495;207;1566.4;217;1514.3;186;1522.0;260;1411.2;True;True
Aneta Laboutkova;WTA;496;494;1251.9;511;1200.0;500;1212.1;477;1300.9;True;True
Gergana Topalova;WTA;497;434;1322.3;525;1172.7;392;1310.1;431;1326.0;True;True
Camilla Zanolini;WTA;498;;;;;;;;;True;False
Alana Smith;WTA;499;505;1230.0;487;1233.9;534;1147.0;521;1260.7;True;True
Sara Dols;WTA;500;;;;;;;;;True;False
Jana Otzipka;WTA;501;517;1209.2;480;1243.3;531;1155.9;505;1279.6;True;True
Yaroslava Bartashevich;WTA;502;528;1181.5;535;1132.5;526;1167.1;517;1265.8;True;True
Lucia Cortez Llorca;WTA;503;443;1312.6;515;1195.9;347;1345.7;417;1331.3;True;True
Viola Turini;WTA;504;387;1364.1;411;1299.0;336;1360.4;367;1357.1;True;True
Dana Guzman;WTA;505;;;;;;;;;True;False
Ya Yi Yang;WTA;506;;;;;;;;;True;False
Marie Vogt;WTA;507;;;;;;;;;True;False
Amelia Rajecki;WTA;508;521;1201.3;524;1176.0;496;1215.6;542;1210.2;True;True
Wushuang Zheng;WTA;509;436;1319.7;400;1308.2;464;1245.9;410;1334.9;True;True
Carmen Andreea Herea;WTA;510;;;;;;;;;True;False
Anastasia Abbagnato;WTA;511;425;1330.6;433;1284.1;371;1323.3;398;1340.3;True;True
Emily Appleton;WTA;512;446;1308.9;443;1272.2;476;1235.0;485;1296.7;True;True
Isabella Maria Serban;WTA;513;515;1210.2;498;1218.8;516;1181.8;503;1280.1;True;True
Arianne Hartono;WTA;514;297;1452.8;270;1435.5;316;1375.4;343;1364.6;True;True
Angella Okutoyi;WTA;515;;;;;;;;;True;False
Andre Lukosiute;WTA;516;;;;;;;;;True;False
Erika Sema;WTA;517;;;;;;;;;True;False
Jiayi Wang;WTA;518;;;;;;;;;True;False
Ekaterina Perelygina;WTA;519;469;1281.1;478;1244.6;446;1266.6;451;1315.5;True;True
Verena Meliss;WTA;520;533;1162.3;529;1167.2;540;1119.0;525;1256.1;True;True
Lina Glushko;WTA;521;422;1334.3;384;1324.7;411;1299.0;292;1396.6;True;True
Ekaterina Yashina;WTA;522;;;;;;;;;True;False
Sofia Rocchetti;WTA;523;453;1304.7;466;1252.8;421;1292.1;430;1327.3;True;True
Rasheeda Mcadoo;WTA;524;500;1247.7;479;1243.8;523;1172.7;482;1298.9;True;True
Jule Niemeier;WTA;525;320;1430.0;279;1428.8;282;1406.6;236;1435.0;True;True
Shilin Xu;WTA;526;;;;;;;;;True;False
Valentina Ivanov;WTA;527;;;;;;;;;True;False
Ella Mcdonald;WTA;528;341;1403.5;450;1267.4;404;1304.3;279;1402.9;True;True
Ayano Shimizu;WTA;529;406;1346.8;394;1314.7;479;1231.7;362;1358.5;True;True
Adrienn Nagy;WTA;530;;;;;;;;;True;False
Nadia Podoroska;WTA;531;;;;;;;;;True;False
Ksenia Zaytseva;WTA;532;497;1248.4;457;1260.1;492;1220.0;480;1299.2;True;True
Carolina Kuhl;WTA;533;;;;;;;;;True;False
Ana Grubor;WTA;534;;;;;;;;;True;False
Anja Stankovic;WTA;535;404;1349.9;428;1289.9;370;1323.9;382;1349.9;True;True
Carson Branstine;WTA;536;180;1593.6;220;1511.9;157;1559.2;112;1571.3;True;True
Oceane Babel;WTA;537;;;;;;;;;True;False
Valentina Steiner;WTA;538;488;1260.9;469;1252.3;454;1252.9;467;1305.4;True;True
Daria Yesypchuk;WTA;539;;;;;;;;;True;False
Tahlia Kokkinis;WTA;540;;;;;;;;;True;False
Ekaterina Ovcharenko;WTA;541;467;1281.9;488;1233.7;424;1288.3;450;1316.0;True;True
Mara Guth;WTA;542;;;;;;;;;True;False
Elena Korokozidi;WTA;543;;;;;;;;;True;False
Josy Daems;WTA;544;484;1263.5;489;1232.4;487;1224.4;464;1306.8;True;True
Arianna Zucchini;WTA;545;;;;;;;;;True;False
Sarah Van Emst;WTA;546;;;;;;;;;True;False
Meiqi Guo;WTA;547;458;1295.7;471;1251.4;438;1274.5;436;1322.8;True;True
Thasaporn Naklo;WTA;548;;;;;;;;;True;False
Zeel Desai;WTA;549;;;;;;;;;True;False
Beatrice Ricci;WTA;550;;;;;;;;;True;False
Antonia Schmidt;WTA;551;;;;;;;;;True;False
Luciana Moyano;WTA;552;;;;;;;;;True;False
Tamila Gadamauri;WTA;553;;;;;;;;;True;False
Ann Akasha Ceuca;WTA;554;;;;;;;;;True;False
Jana Kovackova;WTA;555;298;1452.4;309;1398.0;299;1388.2;282;1401.2;True;True
Ranah Akua Stoiber;WTA;556;403;1350.0;382;1325.2;425;1287.9;439;1321.0;True;True
Valentini Grammatikopoulou;WTA;557;463;1284.9;461;1257.2;409;1300.7;531;1247.7;True;True
Pia Lovric;WTA;558;;;;;;;;;True;False
Maria Fernanda Navarro Oliva;WTA;559;;;;;;;;;True;False
Emily Seibold;WTA;560;520;1202.2;522;1186.6;513;1188.1;510;1276.1;True;True
Evialina Laskevich;WTA;561;;;;;;;;;True;False
Ying Zhang;WTA;562;499;1248.0;484;1238.2;510;1194.5;481;1299.0;True;True
Cristina Diaz Adrover;WTA;563;459;1290.4;502;1217.7;423;1289.0;440;1320.2;True;True
Marie Mettraux;WTA;564;;;;;;;;;True;False
Adithya Karunaratne;WTA;565;;;;;;;;;True;False
Oana Georgeta Simion;WTA;566;;;;;;;;;True;False
Naho Sato;WTA;567;;;;;;;;;True;False
Saki Imamura;WTA;568;418;1338.0;392;1318.1;428;1284.0;406;1336.0;True;True
Thaisa Grana Pedretti;WTA;569;;;;;;;;;True;False
Dune Vaissaud;WTA;570;;;;;;;;;True;False
Bella Payne;WTA;571;;;;;;;;;True;False
Valeriya Strakhova;WTA;572;532;1164.9;537;1101.5;519;1179.3;524;1257.4;True;True
Briana Szabo;WTA;573;523;1195.0;509;1202.8;488;1224.1;386;1347.5;True;True
Mayuka Aikawa;WTA;574;537;1139.1;536;1113.0;532;1151.7;532;1244.5;True;True
Maria Kalyakina;WTA;575;;;;;;;;;True;False
Ilinca Dalina Amariei;WTA;576;386;1365.1;468;1252.4;344;1346.9;366;1357.5;True;True
Isis Louise Van Den Broek;WTA;577;;;;;;;;;True;False
Bianca Elena Barbulescu;WTA;578;513;1216.0;496;1223.0;514;1183.1;500;1283.0;True;True
Arina Bulatova;WTA;579;;;;;;;;;True;False
Maria Garcia Cid;WTA;580;;;;;;;;;True;False
Angelica Raggi;WTA;581;;;;;;;;;True;False
Alina Shcherbinina;WTA;582;;;;;;;;;True;False
Tian Jialin;WTA;583;;;;;;;;;True;False
Dunja Maric;WTA;584;;;;;;;;;True;False
Thea Frodin;WTA;585;;;;;;;;;True;False
Sarah Rokusek;WTA;586;;;;;;;;;True;False
Enola Chiesa;WTA;587;;;;;;;;;True;False
Neus Torner Sensano;WTA;588;;;;;;;;;True;False
Marie Weckerle;WTA;589;;;;;;;;;True;False
Ksenia Efremova;WTA;590;;;;;;;;;True;False
Irina Balus;WTA;591;;;;;;;;;True;False
Jana Kolodynska;WTA;592;432;1322.7;390;1318.7;504;1201.2;483;1297.5;True;True
Daria Lodikova;WTA;593;450;1307.8;486;1234.1;407;1301.1;425;1328.9;True;True
Gaia Maduzzi;WTA;594;;;;;;;;;True;False
Anca Alexia Todoni;WTA;595;143;1643.2;187;1550.5;71;1692.2;150;1514.3;True;True
Nauhany Vitoria Leme Da Silva;WTA;596;;;;;;;;;True;False
Destanee Aiava;WTA;597;266;1491.8;246;1474.5;284;1403.8;313;1383.9;True;True
Katy Dunne;WTA;598;;;;;;;;;True;False
Ylena In Albon;WTA;599;356;1388.9;397;1311.7;320;1371.4;352;1360.1;True;True
Alexis Blokhina;WTA;600;;;;;;;;;True;False
Dasha Ivanova;WTA;601;;;;;;;;;True;False
Sara Cakarevic;WTA;602;519;1206.0;523;1186.4;495;1216.6;507;1278.0;True;True
Kristina Dmitruk;WTA;603;;;;;;;;;True;False
Sara Daavettila;WTA;604;;;;;;;;;True;False
Indianna Spink;WTA;605;476;1273.2;452;1264.7;459;1251.6;494;1285.3;True;True
Daria Zelinskaya;WTA;606;531;1168.9;532;1157.4;506;1199.5;523;1259.5;True;True
Antonia Stoyanov;WTA;607;;;;;;;;;True;False
Natsuki Yoshimoto;WTA;608;;;;;;;;;True;False
Nicole Fossa Huergo;WTA;609;516;1209.6;513;1198.5;521;1176.4;504;1279.8;True;True
Xinran Sun;WTA;610;;;;;;;;;True;False
Carson Tanguilig;WTA;611;;;;;;;;;True;False
Franziska Sziedat;WTA;612;;;;;;;;;True;False
Michika Ozeki;WTA;613;;;;;;;;;True;False
Alexandra Vagramov;WTA;614;;;;;;;;;True;False
Mathilde Lollia;WTA;615;405;1348.6;456;1260.6;372;1323.2;384;1349.3;True;True
Sachia Vickery;WTA;616;260;1500.5;250;1469.1;204;1498.3;265;1408.9;True;True
Cheuk Ying Shek;WTA;617;;;;;;;;;True;False
Aruzhan Sagandykova;WTA;618;;;;;;;;;True;False
Alba Rey Garcia;WTA;619;540;1113.2;538;1098.4;537;1132.2;536;1231.6;True;True
Carol Zhao;WTA;620;373;1370.3;315;1390.6;426;1285.3;400;1338.1;True;True
Maria Kozyreva;WTA;621;475;1274.8;424;1292.4;472;1238.2;527;1255.3;True;True
Nellie Taraba Wallberg;WTA;622;;;;;;;;;True;False
Lucie Petruzelova;WTA;623;;;;;;;;;True;False
Junhan Zhang;WTA;624;;;;;;;;;True;False
Jana Fett;WTA;625;195;1579.7;203;1522.8;162;1556.2;169;1496.4;True;True
Emina Bektas;WTA;626;253;1509.5;238;1481.6;386;1314.9;202;1464.9;True;True
Jennifer Brady;WTA;627;;;;;;;;;True;False
Nuria Parrizas Diaz;WTA;628;347;1398.1;308;1399.5;294;1393.7;378;1351.8;True;True
Amarni Banks;WTA;629;;;;;;;;;True;False
Emma Lene;WTA;630;;;;;;;;;True;False
Loes Ebeling Koning;WTA;631;;;;;;;;;True;False
Anastasiia Firman;WTA;632;;;;;;;;;True;False
Ruth Roura Llaverias;WTA;633;;;;;;;;;True;False
Margaux Maquet;WTA;634;;;;;;;;;True;False
Chelsea Fontenel;WTA;635;511;1218.8;481;1242.0;529;1163.5;497;1284.4;True;True
Tessah Andrianjafitrimo;WTA;636;306;1446.7;295;1410.2;272;1421.1;339;1366.6;True;True
Irem Kurt;WTA;637;;;;;;;;;True;False
Iva Ivanova;WTA;638;;;;;;;;;True;False
Astrid Cirotte;WTA;639;;;;;;;;;True;False
Shrivalli Rashmikaa Bhamidipaty;WTA;640;;;;;;;;;True;False
Alice Gillan;WTA;641;;;;;;;;;True;False
Berta Bonardi;WTA;642;;;;;;;;;True;False
Ekaterina Tupitsyna;WTA;643;;;;;;;;;True;False
Alize Lim;WTA;644;;;;;;;;;True;False
Federica Sacco;WTA;645;;;;;;;;;True;False
Ava Markham;WTA;646;;;;;;;;;True;False
Rebecca Munk Mortensen;WTA;647;;;;;;;;;True;False
Dalayna Hewitt;WTA;648;;;;;;;;;True;False
Ankita Raina;WTA;649;493;1251.9;495;1225.0;390;1312.4;520;1262.6;True;True
Sae Noguchi;WTA;650;;;;;;;;;True;False
Luca Udvardy;WTA;651;;;;;;;;;True;False
Melisa Ercan;WTA;652;;;;;;;;;True;False
Marcelina Podlinska;WTA;653;;;;;;;;;True;False
Nada Fouad;WTA;654;;;;;;;;;True;False
Camilla Gennaro;WTA;655;;;;;;;;;True;False
Hong Yi Cody Wong;WTA;656;413;1341.1;415;1297.8;406;1301.5;389;1345.6;True;True
Julia Konishi Camargo Silva;WTA;657;;;;;;;;;True;False
Gaeul Jang;WTA;658;;;;;;;;;True;False
Carmen Gallardo Guevara;WTA;659;;;;;;;;;True;False
Ruien Zhang;WTA;660;503;1235.9;493;1226.6;478;1232.9;489;1292.9;True;True
Eliska Tichackova;WTA;661;;;;;;;;;True;False
Polina Leykina;WTA;662;;;;;;;;;True;False
Belle Thompson;WTA;663;;;;;;;;;True;False
Venus Williams;WTA;664;;;;;;;;;True;False
Urszula Radwanska;WTA;665;486;1263.4;485;1237.0;379;1319.4;471;1304.0;True;True
Su Jeong Jang;WTA;666;360;1383.6;353;1354.5;279;1414.0;413;1333.3;True;True
Demi Tran;WTA;667;539;1113.5;531;1159.5;541;1089.7;535;1231.7;True;True
Linea Bajraliu;WTA;668;;;;;;;;;True;False
Gabriella Da Silva Fick;WTA;669;527;1184.0;528;1168.5;520;1177.4;515;1267.0;True;True
Merna Refaat;WTA;670;;;;;;;;;True;False
Kisa Yoshioka;WTA;671;;;;;;;;;True;False
Kailey Evans;WTA;672;;;;;;;;;True;False
Wakana Sonobe;WTA;673;;;;;;;;;True;False
Denisa Zoldakova;WTA;674;;;;;;;;;True;False
Jaeda Daniel;WTA;675;;;;;;;;;True;False
Fiona Ganz;WTA;676;;;;;;;;;True;False
Shannon Lam;WTA;677;;;;;;;;;True;False
Amelie Van Impe;WTA;678;;;;;;;;;True;False
Valeria Savinykh;WTA;679;369;1373.0;364;1344.4;451;1261.9;424;1329.2;True;True
Francesca Gandolfi;WTA;680;;;;;;;;;True;False
Alina Trynkina;WTA;681;;;;;;;;;True;False
Draginja Vukovic;WTA;682;;;;;;;;;True;False
Masha Lazarenko;WTA;683;;;;;;;;;True;False
Chenting Zhu;WTA;684;542;1082.0;542;1064.4;539;1125.5;541;1216.0;True;True
Mary Lewis;WTA;685;;;;;;;;;True;False
Clara Vlasselaer;WTA;686;;;;;;;;;True;False
Tilwith Di Girolami;WTA;687;;;;;;;;;True;False
Marta Lombardini;WTA;688;;;;;;;;;True;False
Gabriela Lee;WTA;689;367;1374.6;436;1280.0;310;1378.8;488;1295.0;True;True
Amy Zhu;WTA;690;543;1050.8;543;1060.2;543;1084.7;543;1200.4;True;True
Shiyu Ye;WTA;691;;;;;;;;;True;False
Anna Petkovic;WTA;692;;;;;;;;;True;False
Zoziya Kardava;WTA;693;;;;;;;;;True;False
Noelia Zeballos;WTA;694;;;;;;;;;True;False
Yuhan Wang;WTA;695;;;;;;;;;True;False
Salma Ewing;WTA;696;;;;;;;;;True;False
Laia Petretic;WTA;697;;;;;;;;;True;False
Anastasia Bertacchi;WTA;698;;;;;;;;;True;False
Maria Sholokhova;WTA;699;;;;;;;;;True;False
Shiho Akita;WTA;700;;;;;;;;;True;False
Ema Burgic;WTA;701;;;;;;;;;True;False
Petra Sedlackova;WTA;702;379;1367.8;412;1298.9;352;1339.8;358;1358.9;True;True
Jenna Defalco;WTA;703;;;;;;;;;True;False
Ania Hertel;WTA;704;;;;;;;;;True;False
Anna Snigireva;WTA;705;;;;;;;;;True;False
Jessica Bertoldo;WTA;706;;;;;;;;;True;False
Jessica Hinojosa Gomez;WTA;707;;;;;;;;;True;False
Ivana Sebestova;WTA;708;;;;;;;;;True;False
Sabine Rutlauka;WTA;709;;;;;;;;;True;False
Yasmin Ezzat;WTA;710;;;;;;;;;True;False
Allegra Korpanec Davies;WTA;711;;;;;;;;;True;False
Danielle Collins;WTA;712;;;;;;;;;True;False
Eleejah Inisan;WTA;713;;;;;;;;;True;False
Haruna Arakawa;WTA;714;;;;;;;;;True;False
Yuliya Hatouka;WTA;715;;;;;;;;;True;False
Raphaelle Lacasse;WTA;716;;;;;;;;;True;False
Carolina Bohrer Martins;WTA;717;;;;;;;;;True;False
Noemi Maines;WTA;718;;;;;;;;;True;False
Alexis Nguyen;WTA;719;;;;;;;;;True;False
Mariia Tkacheva;WTA;720;;;;;;;;;True;False
Olivia Lincer;WTA;721;;;;;;;;;True;False
Marianna Argyrokastriti;WTA;722;;;;;;;;;True;False
Ksenia Smirnova;WTA;723;;;;;;;;;True;False
Sophia Biolay;WTA;724;;;;;;;;;True;False
Noelia Bouzo Zanotti;WTA;725;;;;;;;;;True;False
Marine Szostak;WTA;726;526;1184.1;533;1152.7;490;1221.8;514;1267.0;True;True
Celia Cervino Ruiz;WTA;727;512;1218.4;499;1218.8;517;1180.8;498;1284.2;True;True
Fangzhou Liu;WTA;728;;;;;;;;;True;False
Jenny Duerst;WTA;729;;;;;;;;;True;False
Elza Tomase;WTA;730;;;;;;;;;True;False
Milana Zhabrailova;WTA;731;;;;;;;;;True;False
Karla Popovic;WTA;732;;;;;;;;;True;False
Valeriia Artemeva;WTA;733;;;;;;;;;True;False
Tatum Evans;WTA;734;;;;;;;;;True;False
Sonja Zhiyenbayeva;WTA;735;;;;;;;;;True;False
Ida Wobker;WTA;736;;;;;;;;;True;False
Darja Suvirdjonkova;WTA;737;;;;;;;;;True;False
Merel Hoedt;WTA;738;;;;;;;;;True;False
Alyssa Reguer;WTA;739;;;;;;;;;True;False
Kristina Novak;WTA;740;529;1180.9;512;1199.2;538;1125.9;518;1265.4;True;True
Gyeong Seo Lee;WTA;741;;;;;;;;;True;False
Monique Barry;WTA;742;;;;;;;;;True;False
Ha Eum Lee;WTA;743;;;;;;;;;True;False
Polina Kuharenko;WTA;744;;;;;;;;;True;False
Yingqun Sun;WTA;745;;;;;;;;;True;False
Usue Maitane Arconada;WTA;746;390;1361.6;358;1352.4;442;1271.4;394;1341.9;True;True
Stefani Webb;WTA;747;;;;;;;;;True;False
Maya Iyengar;WTA;748;;;;;;;;;True;False
Mia Horvit;WTA;749;;;;;;;;;True;False
Shruti Ahlawat;WTA;750;;;;;;;;;True;False
Peangtarn Plipuech;WTA;751;490;1254.6;465;1255.0;522;1175.7;509;1277.6;True;True
Anamaria Federica Oana;WTA;752;;;;;;;;;True;False
Vlada Mincheva;WTA;753;;;;;;;;;True;False
Madelief Hageman;WTA;754;;;;;;;;;True;False
Yuliana Lizarazo;WTA;755;;;;;;;;;True;False
Yiming Dang;WTA;756;;;;;;;;;True;False
Ashley Lahey;WTA;757;;;;;;;;;True;False
Ayumi Koshiishi;WTA;758;506;1223.7;504;1213.3;483;1226.9;491;1286.9;True;True
Ani Amiraghyan;WTA;759;;;;;;;;;True;False
Kanon Sawashiro;WTA;760;;;;;;;;;True;False
Jimar Geraldine Gerald Gonzalez;WTA;761;;;;;;;;;True;False
Mayu Crossley;WTA;762;;;;;;;;;True;False
Nina Radovanovic;WTA;763;;;;;;;;;True;False
Valeriya Yushchenko;WTA;764;;;;;;;;;True;False
Ayumi Miyamoto;WTA;765;;;;;;;;;True;False
Kateryna Lazarenko;WTA;766;;;;;;;;;True;False
Rose Marie Nijkamp;WTA;767;;;;;;;;;True;False
Ella Haavisto;WTA;768;;;;;;;;;True;False
Dasha Plekhanova;WTA;769;440;1318.0;408;1301.9;477;1234.8;412;1334.0;True;True
Kristina Penickova;WTA;770;;;;;;;;;True;False
Charo Esquiva Banuls;WTA;771;;;;;;;;;True;False
Eva Maria Ionescu;WTA;772;;;;;;;;;True;False
Giulia Safina Popa;WTA;773;;;;;;;;;True;False
Honoka Kobayashi;WTA;774;;;;;;;;;True;False
Karine Sarkisova;WTA;775;;;;;;;;;True;False
Xi Luo;WTA;776;;;;;;;;;True;False
Caroline Garcia;WTA;777;;;;;;;;;True;False
Bernarda Pera;WTA;778;;;;;;;;;True;False
Adelina Lachinova;WTA;779;;;;;;;;;True;False
Lian Tran;WTA;780;535;1152.3;520;1191.1;536;1133.6;528;1254.3;True;True
Meng Yi Chen;WTA;781;;;;;;;;;True;False
Kali Supova;WTA;782;;;;;;;;;True;False
Ulyana Hrabavets;WTA;783;;;;;;;;;True;False
Coco Bosman;WTA;784;;;;;;;;;True;False
Nagi Hanatani;WTA;785;;;;;;;;;True;False
Olga Danilova;WTA;786;;;;;;;;;True;False
Marta Soriano Santiago;WTA;787;;;;;;;;;True;False
Yushan Shao;WTA;788;;;;;;;;;True;False
Georgina Garcia Perez;WTA;789;430;1324.4;419;1295.5;358;1333.1;470;1304.4;True;True
Maria Fernanda Herazo Gonzalez;WTA;790;;;;;;;;;True;False
Carmen Lopez Martinez;WTA;791;541;1086.2;539;1078.6;542;1084.8;540;1218.1;True;True
Alja Senica;WTA;792;;;;;;;;;True;False
Sarah Iliev;WTA;793;;;;;;;;;True;False
Shiho Tsujioka;WTA;794;;;;;;;;;True;False
Riya Bhatia;WTA;795;468;1281.9;497;1221.9;458;1251.9;492;1286.8;True;True
Mariella Thamm;WTA;796;;;;;;;;;True;False
Deniz Dilek;WTA;797;;;;;;;;;True;False
Luna Maria Cinalli;WTA;798;;;;;;;;;True;False
Jo Yee Chan;WTA;799;;;;;;;;;True;False
Petra Konjikusic;WTA;800;;;;;;;;;True;False
Laima Vladson;WTA;801;;;;;;;;;True;False
Isabella Barrera Aguirre;WTA;802;;;;;;;;;True;False
Meiling Wang;WTA;803;;;;;;;;;True;False
Duru Soke;WTA;804;;;;;;;;;True;False
Arina Arifullina;WTA;805;;;;;;;;;True;False
Johanne Christine Svendsen;WTA;806;;;;;;;;;True;False
Anne Christine Lutkemeyer Obregon;WTA;807;;;;;;;;;True;False
Ava Hrastar;WTA;808;;;;;;;;;True;False
Kamilla Bartone;WTA;809;;;;;;;;;True;False
Maria Oliver Sanchez;WTA;810;;;;;;;;;True;False
Diana Ioana Simionescu;WTA;811;;;;;;;;;True;False
Lorena Solar Donoso;WTA;812;;;;;;;;;True;False
Ellie Schoppe;WTA;813;;;;;;;;;True;False
Kamonwan Yodpetch;WTA;814;;;;;;;;;True;False
Sara Mikaca;WTA;815;;;;;;;;;True;False
Julia Stamatova;WTA;816;;;;;;;;;True;False
Zarina Diyas;WTA;817;;;;;;;;;True;False
Brooke Black;WTA;818;;;;;;;;;True;False
Tiana Tian Deng;WTA;819;;;;;;;;;True;False
Aishi Das;WTA;820;;;;;;;;;True;False
Berta Passola;WTA;821;;;;;;;;;True;False
Luisa Meyer Auf Der Heide;WTA;822;;;;;;;;;True;False
Lauryn John Baptiste;WTA;823;;;;;;;;;True;False
Zuzanna Bednarz;WTA;824;;;;;;;;;True;False
Marjorie Souza;WTA;825;;;;;;;;;True;False
Ru Xi Wu;WTA;826;;;;;;;;;True;False
Liv Boulard;WTA;827;;;;;;;;;True;False
Lavinia Tanasie;WTA;828;;;;;;;;;True;False
Eliz Maloney;WTA;829;;;;;;;;;True;False
Sophia Fry;WTA;830;;;;;;;;;True;False
Maria Toma;WTA;831;;;;;;;;;True;False
Edda Mamedova;WTA;832;;;;;;;;;True;False
Ya Hsuan Lee;WTA;833;;;;;;;;;True;False
Linda Sevcikova;WTA;834;;;;;;;;;True;False
Jiangxue Han;WTA;835;;;;;;;;;True;False
Christasha Mcneil;WTA;836;;;;;;;;;True;False
Hiroko Kuwata;WTA;837;;;;;;;;;True;False
Ilay Yoruk;WTA;838;;;;;;;;;True;False
Georgia Andreea Craciun;WTA;839;;;;;;;;;True;False
Mia Slama;WTA;840;;;;;;;;;True;False
Francoise Abanda;WTA;841;;;;;;;;;True;False
Capucine Jauffret;WTA;842;;;;;;;;;True;False
Yuhan Liu;WTA;843;;;;;;;;;True;False
Salma Drugdova;WTA;844;;;;;;;;;True;False
Arina Gabriela Vasilescu;WTA;845;;;;;;;;;True;False
Amelia Paszun;WTA;846;;;;;;;;;True;False
Meritxell Teixido Garcia;WTA;847;;;;;;;;;True;False
Ksenia Laskutova;WTA;848;;;;;;;;;True;False
Laura Svatikova;WTA;849;;;;;;;;;True;False
Kristina Mladenovic;WTA;850;325;1422.4;298;1407.8;321;1370.7;252;1418.0;True;True
Alice Robbe;WTA;851;478;1272.4;501;1217.8;364;1329.2;478;1300.5;True;True
Eszter Meri;WTA;852;;;;;;;;;True;False
Laquisa Khan;WTA;853;;;;;;;;;True;False
Punnin Kovapitukted;WTA;854;;;;;;;;;True;False
Ariana Geerlings;WTA;855;;;;;;;;;True;False
Felitsata Dorofeeva Rybas;WTA;856;;;;;;;;;True;False
Sara Victoria Balan;WTA;857;;;;;;;;;True;False
Johanna Silva;WTA;858;;;;;;;;;True;False
Elena Jamshidi;WTA;859;;;;;;;;;True;False
Marie Villet;WTA;860;;;;;;;;;True;False
Eugenie Bouchard;WTA;861;;;;;;;;;True;False
Sayaka Ishii;WTA;862;;;;;;;;;True;False
Nika Radisic;WTA;863;522;1196.0;517;1192.7;507;1199.2;385;1348.0;True;True
Camila Romero;WTA;864;;;;;;;;;True;False
Marilouise Van Zyl;WTA;865;;;;;;;;;True;False
Jana Hossam Salah;WTA;866;;;;;;;;;True;False
Aspen Schuman;WTA;867;;;;;;;;;True;False
Lisa Claeys;WTA;868;;;;;;;;;True;False
Dabin Kim;WTA;869;;;;;;;;;True;False
Onyu Choi;WTA;870;;;;;;;;;True;False
Diana Marcinkevica;WTA;871;;;;;;;;;True;False
Anita Sahdiieva;WTA;872;;;;;;;;;True;False
Anna Frey;WTA;873;;;;;;;;;True;False
Michaela Bayerlova;WTA;874;;;;;;;;;True;False
Suha Lee;WTA;875;;;;;;;;;True;False
Amelie Justine Hejtmanek;WTA;876;;;;;;;;;True;False
Angelina Wirges;WTA;877;;;;;;;;;True;False
Eudice Wong Chong;WTA;878;;;;;;;;;True;False
Nadiia Kolb;WTA;879;536;1150.7;534;1134.4;533;1147.6;530;1250.3;True;True
Maria Camila Torres Murcia;WTA;880;;;;;;;;;True;False
Maia Ilinca Burcescu;WTA;881;;;;;;;;;True;False
Francesca Mattioli;WTA;882;;;;;;;;;True;False
Chukwumelije Clarke;WTA;883;;;;;;;;;True;False
Amy Sucha;WTA;884;;;;;;;;;True;False
Carolin Raschdorf;WTA;885;;;;;;;;;True;False
Paula Cembranos;WTA;886;;;;;;;;;True;False
Astra Sharma;WTA;887;;;;;;;;;True;False
Jodie Burrage;WTA;888;;;;;;;;;True;False
Jizelle Sibai;WTA;889;;;;;;;;;True;False
Victoria Pohle;WTA;890;;;;;;;;;True;False
Janae Preston;WTA;891;;;;;;;;;True;False
Emma Kamper;WTA;892;;;;;;;;;True;False
Maayan Laron;WTA;893;;;;;;;;;True;False
Klara Veldman;WTA;894;;;;;;;;;True;False
Stefania Bojica;WTA;895;;;;;;;;;True;False
Leonie Kung;WTA;896;479;1268.4;417;1297.5;484;1226.5;526;1256.0;True;True
Jessica Failla;WTA;897;;;;;;;;;True;False
Valentina Mediorreal Arias;WTA;898;;;;;;;;;True;False
Midori Castillo Meza;WTA;899;;;;;;;;;True;False
Chloe Noel;WTA;900;;;;;;;;;True;False
Rachel Gailis;WTA;901;;;;;;;;;True;False
Yujin Kim;WTA;902;;;;;;;;;True;False
Tina Manescu;WTA;903;;;;;;;;;True;False
Alesia Breaz;WTA;904;;;;;;;;;True;False
Claudia Ferrer Perez;WTA;905;;;;;;;;;True;False
Danka Kovinic;WTA;906;;;;;;;;;True;False
Yuliya Perapekhina;WTA;907;;;;;;;;;True;False
Aya El Sayed;WTA;908;;;;;;;;;True;False
Arina Varaksina;WTA;909;;;;;;;;;True;False
Jaedan Brown;WTA;910;;;;;;;;;True;False
Alyssa Ahn;WTA;911;;;;;;;;;True;False
Elizabeth Coleman;WTA;912;;;;;;;;;True;False
Anna Pircher;WTA;913;;;;;;;;;True;False
Robin Anderson;WTA;914;;;;;;;;;True;False
Welles Newman;WTA;915;;;;;;;;;True;False
Anastasija Cvetkovic;WTA;916;;;;;;;;;True;False
Annika Penickova;WTA;917;;;;;;;;;True;False
Misa Malkin;WTA;918;;;;;;;;;True;False
Ruby Cooling;WTA;919;;;;;;;;;True;False
Kaitlyn Carnicella;WTA;920;;;;;;;;;True;False
Mandegar Farzami;WTA;921;;;;;;;;;True;False
Ustiniya Lekomtseva;WTA;922;;;;;;;;;True;False
Maddalena Giordano;WTA;923;;;;;;;;;True;False
Monika Ekstrand;WTA;924;;;;;;;;;True;False
Daria Kuczer;WTA;925;;;;;;;;;True;False
Emma Jackson;WTA;926;;;;;;;;;True;False
Chiara Fornasieri;WTA;927;;;;;;;;;True;False
Iveta Dapkute;WTA;928;;;;;;;;;True;False
Chia Yi Tsao;WTA;929;;;;;;;;;True;False
Eva Marie Desvignes;WTA;930;;;;;;;;;True;False
Nanari Katsumi;WTA;931;;;;;;;;;True;False
Asylzhan Arystanbekova;WTA;932;;;;;;;;;True;False
Natalia Sousa Salazar;WTA;933;;;;;;;;;True;False
Ana Konjuh;WTA;934;;;;;;;;;True;False
Ana Filipa Santos;WTA;935;;;;;;;;;True;False
Sabastiani Leon;WTA;936;;;;;;;;;True;False
Sonal Patil;WTA;937;;;;;;;;;True;False
Akanksha Dileep Nitture;WTA;938;;;;;;;;;True;False
Selina Dal;WTA;939;;;;;;;;;True;False
Ashleigh Simes;WTA;940;;;;;;;;;True;False
Emily Sartz Lunde;WTA;941;;;;;;;;;True;False
Solymar Colling;WTA;942;;;;;;;;;True;False
Karla Bartel;WTA;943;;;;;;;;;True;False
Stefaniya Pushkar;WTA;944;;;;;;;;;True;False
Anna Kmiecik;WTA;945;;;;;;;;;True;False
Victoria Osuigwe;WTA;946;;;;;;;;;True;False
Lya Fernandez;WTA;947;;;;;;;;;True;False
Cristiana Nicoleta Todoni;WTA;948;;;;;;;;;True;False
Didi Bredberg Canizares;WTA;949;;;;;;;;;True;False
Teah Chavez;WTA;950;;;;;;;;;True;False
Kate Mansfield;WTA;951;;;;;;;;;True;False
Abigail Rencheli;WTA;952;;;;;;;;;True;False
Anna Sedysheva;WTA;953;;;;;;;;;True;False
Lilian Poling;WTA;954;;;;;;;;;True;False
Sevil Yuldasheva;WTA;955;;;;;;;;;True;False
Lavinia Luciano;WTA;956;;;;;;;;;True;False
Anja Wildgruber;WTA;957;;;;;;;;;True;False
Diae El Jardi;WTA;958;;;;;;;;;True;False
Matilde Mariani;WTA;959;;;;;;;;;True;False
Shihomi Li Xuan Leong;WTA;960;;;;;;;;;True;False
Louna Zoppas;WTA;961;;;;;;;;;True;False
Adriana Reami;WTA;962;;;;;;;;;True;False
Romane Longueville;WTA;963;;;;;;;;;True;False
Wozuko Mdlulwa;WTA;964;;;;;;;;;True;False
Allura Zamarripa;WTA;965;;;;;;;;;True;False
Monika Stankiewicz;WTA;966;;;;;;;;;True;False
Valentina Losciale;WTA;967;;;;;;;;;True;False
Victoria Gomez;WTA;968;;;;;;;;;True;False
Veronica Miroshnichenko;WTA;969;;;;;;;;;True;False
Lyubov Kostenko;WTA;970;;;;;;;;;True;False
Isabel Skoog;WTA;971;;;;;;;;;True;False
Yanan Hou;WTA;972;;;;;;;;;True;False
Rikke De Koning;WTA;973;;;;;;;;;True;False
Sina Herrmann;WTA;974;;;;;;;;;True;False
Simona Ogescu;WTA;975;;;;;;;;;True;False
Victoria Brand;WTA;976;;;;;;;;;True;False
Irina Fetecau;WTA;977;;;;;;;;;True;False
Amina Anshba;WTA;978;;;;;;;;;True;False
Selina Atay;WTA;979;;;;;;;;;True;False
Elyse Tse;WTA;980;;;;;;;;;True;False
Kate Fakih;WTA;981;;;;;;;;;True;False
Anastasiya Kuparev;WTA;982;;;;;;;;;True;False
Sera Nishimoto;WTA;983;;;;;;;;;True;False
Polina Bakhmutkina;WTA;984;;;;;;;;;True;False
Nicole Gadient;WTA;985;;;;;;;;;True;False
Isabella Marton;WTA;986;;;;;;;;;True;False
Victoria Luiza Barros;WTA;987;;;;;;;;;True;False
Malene Helgo;WTA;988;;;;;;;;;True;False
Kallista Liu;WTA;989;;;;;;;;;True;False
Lucie Pawlak;WTA;990;;;;;;;;;True;False
Valeria Bhunu;WTA;991;;;;;;;;;True;False
Sarah Melany Fajmonova;WTA;992;;;;;;;;;True;False
Agustina Chlpac;WTA;993;;;;;;;;;True;False
Alicia Smith;WTA;994;;;;;;;;;True;False
Lourdes Ayala;WTA;995;;;;;;;;;True;False
Marie Mattel;WTA;996;;;;;;;;;True;False
Elena Teodora Cadar;WTA;997;;;;;;;;;True;False
I Wen Wan;WTA;998;;;;;;;;;True;False
Pietra Rivoli;WTA;999;;;;;;;;;True;False
Federica Trevisan;WTA;1000;;;;;;;;;True;False
Elsa Bonelli;WTA;1001;;;;;;;;;True;False
Federica Di Sarra;WTA;1002;;;;;;;;;True;False
Evgeniya Burdina;WTA;1003;;;;;;;;;True;False
Beatrice Stagno;WTA;1004;;;;;;;;;True;False
Astrid Wanja Brune Olsen;WTA;1005;;;;;;;;;True;False
Jamilah Snells;WTA;1006;;;;;;;;;True;False
Eri Hozumi;WTA;1007;;;;;;;;;True;False
Petra Martic;WTA;1007;;;;;;;;;True;False
Daphnee Mpetshi Perricard;WTA;1009;;;;;;;;;True;False
Anne Schaefer;WTA;1010;;;;;;;;;True;False
Katja Wiersholm;WTA;1011;;;;;;;;;True;False
Ziva Falkner;WTA;1012;;;;;;;;;True;False
Isabella Kruger;WTA;1013;;;;;;;;;True;False
Anna Pushkareva;WTA;1014;;;;;;;;;True;False
Sofia Rojas;WTA;1014;;;;;;;;;True;False
Anastasiia Gureva;WTA;1016;;;;;;;;;True;False
Victoria Mulville;WTA;1017;;;;;;;;;True;False
Nadia Lagaev;WTA;1018;;;;;;;;;True;False
Seda Baslilar;WTA;1019;;;;;;;;;True;False
Mutsumi Uemura;WTA;1020;;;;;;;;;True;False
Josefina Estevez;WTA;1021;;;;;;;;;True;False
Viktoria Veleva;WTA;1022;;;;;;;;;True;False
Defne Cirpanli;WTA;1023;;;;;;;;;True;False
Rebeca Pereira;WTA;1024;;;;;;;;;True;False
Kim Chiarello;WTA;1025;;;;;;;;;True;False
Catherine Aulia;WTA;1026;;;;;;;;;True;False
Piper Charney;WTA;1027;;;;;;;;;True;False
Sara Milanese;WTA;1028;;;;;;;;;True;False
Amelie Brooks;WTA;1029;;;;;;;;;True;False
Heerae Im;WTA;1030;;;;;;;;;True;False
Mila Masic;WTA;1031;;;;;;;;;True;False
Emma Slavikova;WTA;1032;;;;;;;;;True;False
Clarissa Blomqvist;WTA;1033;;;;;;;;;True;False
Romina Ccuno;WTA;1034;;;;;;;;;True;False
Patricia Georgiana Goina;WTA;1035;;;;;;;;;True;False
Seo Yun Choi;WTA;1036;;;;;;;;;True;False
Ada Kumru;WTA;1037;;;;;;;;;True;False
Maria Jose Portillo Ramirez;WTA;1038;;;;;;;;;True;False
Thara Gowda;WTA;1039;;;;;;;;;True;False
Jahnie Van Zyl;WTA;1040;;;;;;;;;True;False
Daniela Vismane;WTA;1041;;;;;;;;;True;False
Kolie Allen;WTA;1042;;;;;;;;;True;False
Barbora Michalkova;WTA;1043;;;;;;;;;True;False
Cara Korhonen;WTA;1044;;;;;;;;;True;False
Ava Rodriguez;WTA;1045;;;;;;;;;True;False
Natsuho Arakawa;WTA;1046;;;;;;;;;True;False
Sofia Martianova;WTA;1047;;;;;;;;;True;False
Helena Stevic;WTA;1048;;;;;;;;;True;False
Jing Jing Lu;WTA;1049;;;;;;;;;True;False
Maaya Rajeshwaran Revathi;WTA;1050;;;;;;;;;True;False
Giselle Isabella Guillen;WTA;1051;;;;;;;;;True;False
Tea Kovacevic;WTA;1052;;;;;;;;;True;False
Fanny Norin;WTA;1053;;;;;;;;;True;False
Laetitia Sarrazin;WTA;1054;;;;;;;;;True;False
Yekaterina Dmitrichenko;WTA;1054;;;;;;;;;True;False
Yu Jun Lin;WTA;1056;;;;;;;;;True;False
Leyla Fiorella Britez Risso;WTA;1057;;;;;;;;;True;False
Lola Giza;WTA;1058;;;;;;;;;True;False
Polina Skliar;WTA;1059;;;;;;;;;True;False
Ophelie Boullay;WTA;1060;;;;;;;;;True;False
Kurea Hayasaka;WTA;1061;;;;;;;;;True;False
Anastasia Lizunova;WTA;1062;;;;;;;;;True;False
Arlinda Rushiti;WTA;1062;;;;;;;;;True;False
Raquel Gonzalez Vilar;WTA;1064;;;;;;;;;True;False
Miyu Nakashima;WTA;1065;;;;;;;;;True;False
Lorena Schaedel;WTA;1066;;;;;;;;;True;False
Alisa Vasileva;WTA;1067;;;;;;;;;True;False
Leilany Ipunesso;WTA;1068;;;;;;;;;True;False
Aliesia Reva;WTA;1069;;;;;;;;;True;False
Claudia Sofia Martinez Solis;WTA;1070;;;;;;;;;True;False
Katerina Mandelikova;WTA;1071;;;;;;;;;True;False
Patricia Maria Tig;WTA;1072;;;;;;;;;True;False
Mara Gae;WTA;1073;;;;;;;;;True;False
Francesca Delledera;WTA;1074;;;;;;;;;True;False
Laura Boehner;WTA;1074;;;;;;;;;True;False
D J Bennett;WTA;1076;;;;;;;;;True;False
Kennedy Drenser Hagmann;WTA;1076;;;;;;;;;True;False
Krisha Mahendran;WTA;1076;;;;;;;;;True;False
Lexington Reed;WTA;1076;;;;;;;;;True;False
Sara Dahlstrom;WTA;1076;;;;;;;;;True;False
Adriana Tkachenko;WTA;1081;;;;;;;;;True;False
Ruirui Zou;WTA;1082;;;;;;;;;True;False
Lucia Peyre;WTA;1083;;;;;;;;;True;False
Ayline Esina Samardzic;WTA;1084;;;;;;;;;True;False
Ava Schueller;WTA;1085;;;;;;;;;True;False
Federica Bilardo;WTA;1086;;;;;;;;;True;False
Mana Kawamura;WTA;1087;;;;;;;;;True;False
Ela Nala Milic;WTA;1088;;;;;;;;;True;False
Ilinca Sagmar;WTA;1089;;;;;;;;;True;False
Barbara Dessolis;WTA;1090;;;;;;;;;True;False
Polina Kaibekova;WTA;1091;;;;;;;;;True;False
Alisa Danilova;WTA;1092;;;;;;;;;True;False
Katarzyna Piter;WTA;1093;;;;;;;;;True;False
Maria Paulina Perez Garcia;WTA;1094;;;;;;;;;True;False
Eleonora Alvisi;WTA;1095;;;;;;;;;True;False
Pauline Dore;WTA;1096;;;;;;;;;True;False
Luciana Perry;WTA;1097;;;;;;;;;True;False
Mirjana Jovanovic;WTA;1098;;;;;;;;;True;False
Sonja Zhenikhova;WTA;1099;;;;;;;;;True;False
Ela Plosnik;WTA;1100;;;;;;;;;True;False
Yleymi Lugiana Muelle Valdez;WTA;1101;;;;;;;;;True;False
Dominika Podhajecka;WTA;1102;;;;;;;;;True;False
Mika Buchnik;WTA;1103;;;;;;;;;True;False
Esther Lopez Alcaraz;WTA;1104;;;;;;;;;True;False
Inka Wawrzkiewicz;WTA;1105;;;;;;;;;True;False
Giulia Paterno;WTA;1106;;;;;;;;;True;False
Fang An Lin;WTA;1107;;;;;;;;;True;False
Maria Mikhailova;WTA;1107;;;;;;;;;True;False
Anri Nagata;WTA;1109;;;;;;;;;True;False
Eunji Lee;WTA;1110;;;;;;;;;True;False
Paola Lopez;WTA;1111;;;;;;;;;True;False
Valerie Glozman;WTA;1112;;;;;;;;;True;False
Daria Kudashova;WTA;1113;;;;;;;;;True;False
Ilary Pistola;WTA;1114;;;;;;;;;True;False
Francesca Parcelli;WTA;1115;;;;;;;;;True;False
Sophie Greiner;WTA;1116;;;;;;;;;True;False
Alice Ferlito;WTA;1117;;;;;;;;;True;False
Suana Tucakovic;WTA;1118;;;;;;;;;True;False
Cherry Kim;WTA;1119;;;;;;;;;True;False
Maria Andrienko;WTA;1120;;;;;;;;;True;False
Eva Lopez;WTA;1121;;;;;;;;;True;False
Warona Mdlulwa;WTA;1122;;;;;;;;;True;False
Alexandra Irina Anghel;WTA;1123;;;;;;;;;True;False
Nina Sozaonova;WTA;1124;;;;;;;;;True;False
Mia Wainwright;WTA;1125;;;;;;;;;True;False
Jeong Moon;WTA;1126;;;;;;;;;True;False
Giuliana Bestetti;WTA;1127;;;;;;;;;True;False
Sofia Avataneo;WTA;1128;;;;;;;;;True;False
Emma Van Poppel;WTA;1129;;;;;;;;;True;False
Mavie Osterreicher;WTA;1130;;;;;;;;;True;False
Margaux Komano;WTA;1131;;;;;;;;;True;False
Himari Sato;WTA;1132;;;;;;;;;True;False
Alexandra Osborne;WTA;1133;;;;;;;;;True;False
Sofia Da Cruz Mendonca;WTA;1134;;;;;;;;;True;False
Freya Christie;WTA;1135;;;;;;;;;True;False
Jamie Loeb;WTA;1136;;;;;;;;;True;False
Sylvie Zund;WTA;1137;;;;;;;;;True;False
Ava Beck;WTA;1138;;;;;;;;;True;False
Marina Bulbarella;WTA;1139;;;;;;;;;True;False
Polina Isakova;WTA;1140;;;;;;;;;True;False
Lucie Urbanova;WTA;1141;;;;;;;;;True;False
Joy De Zeeuw;WTA;1142;;;;;;;;;True;False
Maileen Nuudi;WTA;1143;;;;;;;;;True;False
Mao Mushika;WTA;1143;;;;;;;;;True;False
Sun Min Ha;WTA;1143;;;;;;;;;True;False
Ava Monet Sycamore;WTA;1146;;;;;;;;;True;False
Kira Matushkina;WTA;1147;;;;;;;;;True;False
Dusica Popovski;WTA;1148;;;;;;;;;True;False
Sofiia Suslova;WTA;1148;;;;;;;;;True;False
Ma Ruoxi;WTA;1150;;;;;;;;;True;False
Yu Jin Ahn;WTA;1151;;;;;;;;;True;False
Cindy Langlais;WTA;1152;;;;;;;;;True;False
Emma Ottavia Ghirardato;WTA;1152;;;;;;;;;True;False
Summer Yardley;WTA;1154;;;;;;;;;True;False
Marcella Dessolis;WTA;1155;;;;;;;;;True;False
Milana Maslenkova;WTA;1156;;;;;;;;;True;False
Anna Shkutova;WTA;1157;;;;;;;;;True;False
Kaat Coppez;WTA;1157;;;;;;;;;True;False
Jennifer Rosa Dourado;WTA;1159;;;;;;;;;True;False
Ingrid Carolina Millan;WTA;1160;;;;;;;;;True;False
Anna Tabunshchyk;WTA;1161;;;;;;;;;True;False
Chihiro Muramatsu;WTA;1161;;;;;;;;;True;False
Beatris Spasova;WTA;1163;;;;;;;;;True;False
Gala Ivanovic;WTA;1164;;;;;;;;;True;False
Sarafina Hansen;WTA;1165;;;;;;;;;True;False
Vitalia Diatchenko;WTA;1166;;;;;;;;;True;False
Tayisiya Morderger;WTA;1167;;;;;;;;;True;False
Sara Lanca;WTA;1168;544;1019.6;544;1003.5;544;1077.3;544;1184.8;True;True
Mariana Isabel Higuita Barraza;WTA;1169;;;;;;;;;True;False
Tori Russell;WTA;1170;;;;;;;;;True;False
Anastasia Sysoeva;WTA;1171;;;;;;;;;True;False
Angelica Moratelli;WTA;1171;;;;;;;;;True;False
Emery Combs;WTA;1174;;;;;;;;;True;False
Gabriella Broadfoot;WTA;1174;;;;;;;;;True;False
Kira Bataikina;WTA;1174;;;;;;;;;True;False
Raveena Kingsley;WTA;1177;;;;;;;;;True;False
Margaret Sohns;WTA;1178;;;;;;;;;True;False
Laetitia Pulchartova;WTA;1179;;;;;;;;;True;False
Anastasia Safta;WTA;1180;;;;;;;;;True;False
Annabelle Xu;WTA;1180;;;;;;;;;True;False
Ellie Daniels;WTA;1180;;;;;;;;;True;False
Danielle Dai Chapman;WTA;1183;;;;;;;;;True;False
Anna Lena Ebster;WTA;1184;;;;;;;;;True;False
Riko Kikawada;WTA;1185;;;;;;;;;True;False
Georgina Groth;WTA;1186;;;;;;;;;True;False
Juliana Giaccio;WTA;1187;;;;;;;;;True;False
Brandy Walker;WTA;1188;;;;;;;;;True;False
Liel Marlies Rothensteiner;WTA;1189;;;;;;;;;True;False
Qiu Yu Ye;WTA;1190;;;;;;;;;True;False
Marian Gomez Pezuela Cano;WTA;1191;;;;;;;;;True;False
Ines Murta;WTA;1192;;;;;;;;;True;False
Tegan Bush;WTA;1192;;;;;;;;;True;False
Leonie Rabl;WTA;1194;;;;;;;;;True;False
Leticia Garcia Vidal;WTA;1194;;;;;;;;;True;False
Briyana Ivanova;WTA;1196;;;;;;;;;True;False
India Houghton;WTA;1196;;;;;;;;;True;False
Kelly Keller;WTA;1198;;;;;;;;;True;False
Remika Ohashi;WTA;1198;;;;;;;;;True;False
Lenka Munzarova;WTA;1200;;;;;;;;;True;False
Aleksandra Iankovskaia;WTA;1201;;;;;;;;;True;False
Adela Polakovicova;WTA;1202;;;;;;;;;True;False
Anastasia Efremova;WTA;1202;;;;;;;;;True;False
Charlotte Narti;WTA;1202;;;;;;;;;True;False
Dora Miskovic;WTA;1202;;;;;;;;;True;False
Iva Marinkovic;WTA;1202;;;;;;;;;True;False
Judith Perello Saavedra;WTA;1202;;;;;;;;;True;False
Leonie Schuknecht;WTA;1202;;;;;;;;;True;False
Sofiia Bielinska;WTA;1202;;;;;;;;;True;False
Maja Pawelska;WTA;1210;;;;;;;;;True;False
Kseniia Ruchkina;WTA;1211;;;;;;;;;True;False
Giulia Alessia Monteleone;WTA;1212;;;;;;;;;True;False
Maelle Leclercq;WTA;1213;;;;;;;;;True;False
Ciara Moore;WTA;1214;;;;;;;;;True;False
Vlada Ekshibarova;WTA;1214;;;;;;;;;True;False
Elizabeth Ionescu;WTA;1216;;;;;;;;;True;False
Andrea Obradovic;WTA;1217;;;;;;;;;True;False
Anna Kartseva;WTA;1217;;;;;;;;;True;False
Eugenia Zozaya Menendez;WTA;1217;;;;;;;;;True;False
Catarina Melleiro Ibiraba Melleiro Junior;WTA;1220;;;;;;;;;True;False
Ginevra Parentini Vallega Montebruno;WTA;1221;;;;;;;;;True;False
Milla Sequeira;WTA;1221;;;;;;;;;True;False
Nika Hurkacz;WTA;1221;;;;;;;;;True;False
Jada Robinson;WTA;1224;;;;;;;;;True;False
Tanisha Kashyap;WTA;1224;;;;;;;;;True;False
Daria Gorska;WTA;1226;;;;;;;;;True;False
Krystyna Pochtovyk;WTA;1226;;;;;;;;;True;False
Petra Kvitova;WTA;1228;;;;;;;;;True;False
Serena Williams;WTA;1228;;;;;;;;;True;False
Renee Alame;WTA;1230;;;;;;;;;True;False
Maribella Zamarripa;WTA;1231;;;;;;;;;True;False
Candela Vazquez;WTA;1232;;;;;;;;;True;False
Doga Turkmen;WTA;1233;;;;;;;;;True;False
Anna Bazderova;WTA;1234;;;;;;;;;True;False
Ekaterina Dotsenko;WTA;1234;;;;;;;;;True;False
Gio Jang;WTA;1236;;;;;;;;;True;False
Sophie Llewellyn;WTA;1237;;;;;;;;;True;False
Leticia Romanova;WTA;1238;;;;;;;;;True;False
Eunyeong Park;WTA;1239;;;;;;;;;True;False
Anna Dvorackova;WTA;1240;;;;;;;;;True;False
Donna Le Roux;WTA;1241;;;;;;;;;True;False
Carolina Dibenedetto;WTA;1242;;;;;;;;;True;False
Maria Kononova;WTA;1243;;;;;;;;;True;False
Matylda Burylo;WTA;1243;;;;;;;;;True;False
Nao Nishino;WTA;1243;;;;;;;;;True;False
Violeta Martinez;WTA;1243;;;;;;;;;True;False
Jiho Shin;WTA;1247;;;;;;;;;True;False
Yoana Konstantinova;WTA;1247;;;;;;;;;True;False
Camila Markus;WTA;1249;;;;;;;;;True;False
Daniela Darta Feldmane;WTA;1250;;;;;;;;;True;False
Giovana Schincariol Delatorre Barbosa;WTA;1250;;;;;;;;;True;False
Madhurima Sawant;WTA;1250;;;;;;;;;True;False
Melissa Boyden;WTA;1250;;;;;;;;;True;False
Avery Alexander;WTA;1254;;;;;;;;;True;False
Jacqueline Cabaj Awad;WTA;1254;;;;;;;;;True;False
Lois Newberry;WTA;1254;;;;;;;;;True;False
Dia Evtimova;WTA;1257;;;;;;;;;True;False
Mariam Atia;WTA;1257;;;;;;;;;True;False
Micol Salvadori;WTA;1257;;;;;;;;;True;False
Yuka Hosoki;WTA;1257;;;;;;;;;True;False
Hania Abouelsaad;WTA;1261;;;;;;;;;True;False
Soo Ha Jang;WTA;1261;;;;;;;;;True;False
Alba Maria Coromina Boluda;WTA;1263;;;;;;;;;True;False
Charlotte Pikkaart;WTA;1263;;;;;;;;;True;False
Jordyn Mcbride;WTA;1263;;;;;;;;;True;False
Aurora Urso;WTA;1266;;;;;;;;;True;False
Claudia Gasparovic;WTA;1266;;;;;;;;;True;False
Nana Kawagishi;WTA;1266;;;;;;;;;True;False
Zhang Qian Wei;WTA;1269;;;;;;;;;True;False
Naoko Eto;WTA;1270;;;;;;;;;True;False
Min Liu;WTA;1271;;;;;;;;;True;False
Yuyao Li;WTA;1272;;;;;;;;;True;False
Mariia Nozdrachova;WTA;1273;;;;;;;;;True;False
Carla Giambelli;WTA;1274;;;;;;;;;True;False
Brenda Fruhvirtova;WTA;1275;;;;;;;;;True;False
Mia Kupres;WTA;1276;;;;;;;;;True;False
Kashish Bhatia;WTA;1277;;;;;;;;;True;False
Naomi Mckenzie;WTA;1278;;;;;;;;;True;False
Ui Su Jeong;WTA;1279;;;;;;;;;True;False
Ariadna Garcia Patron Canals;WTA;1280;;;;;;;;;True;False
Gaia Squarcialupi;WTA;1280;;;;;;;;;True;False
Sara Yoshida;WTA;1280;;;;;;;;;True;False
Anika Jaskova;WTA;1283;;;;;;;;;True;False
Mariia Drobysheva;WTA;1283;;;;;;;;;True;False
Anjali Rathi;WTA;1285;;;;;;;;;True;False
Ekaterina Khodzhaeva;WTA;1285;;;;;;;;;True;False
Jennifer Luikham;WTA;1285;;;;;;;;;True;False
Julie Myatovic;WTA;1285;;;;;;;;;True;False
Yui Chikaraishi;WTA;1285;;;;;;;;;True;False
Lucia Natal Gomez;WTA;1290;;;;;;;;;True;False
Jade Otway;WTA;1291;;;;;;;;;True;False
Pilar Beveraggi Lespiau;WTA;1291;;;;;;;;;True;False
Valentina Abril Bruno;WTA;1291;;;;;;;;;True;False
Yashaswini Panwar;WTA;1291;;;;;;;;;True;False
Rianna Alame;WTA;1295;;;;;;;;;True;False
Feier Hu;WTA;1296;;;;;;;;;True;False
Ingkar Dyussebay;WTA;1296;;;;;;;;;True;False
Jensen Diianni;WTA;1296;;;;;;;;;True;False
Ana Victoria Gobbi Monllau;WTA;1299;;;;;;;;;True;False
Barbara Straszewska;WTA;1299;;;;;;;;;True;False
Elena Grekul;WTA;1299;;;;;;;;;True;False
Kenzie Nguyen;WTA;1299;;;;;;;;;True;False
Panna Bartha;WTA;1299;;;;;;;;;True;False
Sandeepti Singh Rao;WTA;1299;;;;;;;;;True;False
Caterina Odorizzi;WTA;1305;;;;;;;;;True;False
Khrystyna Vozniak;WTA;1305;;;;;;;;;True;False
Liuyan An;WTA;1305;;;;;;;;;True;False
Aleksandra Pozarenko;WTA;1308;;;;;;;;;True;False
Jenna Dean;WTA;1308;;;;;;;;;True;False
Katarina Kujovic;WTA;1308;;;;;;;;;True;False
Mariia Masiianskaia;WTA;1308;;;;;;;;;True;False
Tenika Mcgiffin;WTA;1312;;;;;;;;;True;False
Joody Elkady;WTA;1313;;;;;;;;;True;False
Aleksandra Krunic;WTA;1314;;;;;;;;;True;False
Karman Thandi;WTA;1315;;;;;;;;;True;False
Maria Jose Sanchez Uribe;WTA;1316;;;;;;;;;True;False
Yana Morderger;WTA;1317;;;;;;;;;True;False
Yihan Qu;WTA;1318;;;;;;;;;True;False
Julia Garcia Ruiz;WTA;1319;;;;;;;;;True;False
Maria Eduarda Carbone Dos Santos;WTA;1320;;;;;;;;;True;False
Carla Tomai;WTA;1321;;;;;;;;;True;False
Sana Garakani;WTA;1321;;;;;;;;;True;False
Alexandra Vasilyeva;WTA;1323;;;;;;;;;True;False
Brandelyn Fulgenzi;WTA;1323;;;;;;;;;True;False
Kaede Usui;WTA;1323;;;;;;;;;True;False
Karine Marion Job;WTA;1323;;;;;;;;;True;False
Kaya Moe;WTA;1323;;;;;;;;;True;False
Kianah Motosono;WTA;1323;;;;;;;;;True;False
Karolina Mrazikova;WTA;1329;;;;;;;;;True;False
Yu Chen Lin;WTA;1330;;;;;;;;;True;False
Yui Ohwaki;WTA;1331;;;;;;;;;True;False
Laxmisiri Dandu;WTA;1332;;;;;;;;;True;False
Sophie Triquart;WTA;1332;;;;;;;;;True;False
Teodora Vlajic;WTA;1332;;;;;;;;;True;False
Lily Taylor;WTA;1335;;;;;;;;;True;False
Oriana Gniewkowska;WTA;1335;;;;;;;;;True;False
Yelyzaveta Chainykova;WTA;1335;;;;;;;;;True;False
Zijun Jiang;WTA;1335;;;;;;;;;True;False
Eva Alvarez Sande;WTA;1339;;;;;;;;;True;False
Pooja Ingale;WTA;1339;;;;;;;;;True;False
Fabienne Gettwart;WTA;1341;;;;;;;;;True;False
Julita Saner;WTA;1341;;;;;;;;;True;False
Rachael Smith;WTA;1341;;;;;;;;;True;False
Tamara Sramkova;WTA;1341;;;;;;;;;True;False
Elizabeth Ivanov;WTA;1345;;;;;;;;;True;False
Jizel Matos Sequeira Fernandes;WTA;1345;;;;;;;;;True;False
Melis Rasim;WTA;1345;;;;;;;;;True;False
Darya Velikova;WTA;1348;;;;;;;;;True;False
Emma Mazzoni;WTA;1349;;;;;;;;;True;False
Berrak Kocak;WTA;1350;;;;;;;;;True;False
Emily Webley Smith;WTA;1351;;;;;;;;;True;False
Qianhui Tang;WTA;1352;;;;;;;;;True;False
Sarah Mildren;WTA;1353;;;;;;;;;True;False
Agnese Gentili;WTA;1354;;;;;;;;;True;False
Audrey Aulia;WTA;1354;;;;;;;;;True;False
Elena Michel;WTA;1354;;;;;;;;;True;False
Isabella Wong;WTA;1354;;;;;;;;;True;False
Ke Ren;WTA;1354;;;;;;;;;True;False
Klara Kosan;WTA;1354;;;;;;;;;True;False
Lisa Peer;WTA;1354;;;;;;;;;True;False
Magdalena Hedrzak;WTA;1354;;;;;;;;;True;False
Nagisa Suzuki;WTA;1354;;;;;;;;;True;False
Sol Rabin;WTA;1354;;;;;;;;;True;False
Warda Ait El Bachir;WTA;1354;;;;;;;;;True;False
Emma Wilson;WTA;1365;;;;;;;;;True;False
Iulia Maria Buculei;WTA;1365;;;;;;;;;True;False
Jana Bojovic;WTA;1365;;;;;;;;;True;False
Maria Aytoyan;WTA;1365;;;;;;;;;True;False
Petja Drame;WTA;1365;;;;;;;;;True;False
Aaddi Gupta;WTA;1370;;;;;;;;;True;False
Ashmitha Easwaramurthi;WTA;1370;;;;;;;;;True;False
Barbara Kostecka;WTA;1370;;;;;;;;;True;False
Nehira Sanon;WTA;1370;;;;;;;;;True;False
Alexia Lavinia Puiac;WTA;1374;;;;;;;;;True;False
Anya Arora;WTA;1374;;;;;;;;;True;False
Danique Havermans;WTA;1374;;;;;;;;;True;False
Jade Groen;WTA;1374;;;;;;;;;True;False
Jiayu Xu;WTA;1374;;;;;;;;;True;False
Katherine Hui;WTA;1374;;;;;;;;;True;False
Luisa Schruff;WTA;1374;;;;;;;;;True;False
Najah Dawson;WTA;1374;;;;;;;;;True;False
Natalia Krockova;WTA;1382;;;;;;;;;True;False
Carlotta Moccia;WTA;1383;;;;;;;;;True;False
Malkia Menguene;WTA;1383;;;;;;;;;True;False
Aurora Nosei;WTA;1385;;;;;;;;;True;False
Daria Belyaeva;WTA;1385;;;;;;;;;True;False
Viola Bedini;WTA;1385;;;;;;;;;True;False
Vivien Sandberg;WTA;1385;;;;;;;;;True;False
Jennifer Jackson;WTA;1389;;;;;;;;;True;False
Madalena Matias;WTA;1390;;;;;;;;;True;False
Sydney Jara;WTA;1391;;;;;;;;;True;False
Lucia Ros Parres;WTA;1392;;;;;;;;;True;False
Stefanie Auer;WTA;1392;;;;;;;;;True;False
Yael Saffar;WTA;1392;;;;;;;;;True;False
Iva Ivanovic;WTA;1395;;;;;;;;;True;False
Maelys Bougrat;WTA;1395;;;;;;;;;True;False
Ria Dernikovic;WTA;1395;;;;;;;;;True;False
Sofia Meabe;WTA;1395;;;;;;;;;True;False
Theadora Rabman;WTA;1395;;;;;;;;;True;False
Alexa Karatancheva;WTA;1400;;;;;;;;;True;False
Benedetta Ortenzi;WTA;1400;;;;;;;;;True;False
Camila Rodero;WTA;1400;;;;;;;;;True;False
Celia Anson Sanchez;WTA;1400;;;;;;;;;True;False
Emily De Oliveira;WTA;1400;;;;;;;;;True;False
Emily Zornada;WTA;1400;;;;;;;;;True;False
Gabriela Maria Vancea;WTA;1400;;;;;;;;;True;False
Hala Fouad;WTA;1400;;;;;;;;;True;False
Honori Koyama;WTA;1400;;;;;;;;;True;False
Isabella Harvison;WTA;1400;;;;;;;;;True;False
Jialan Cai;WTA;1400;;;;;;;;;True;False
Julia Victoria Rennert;WTA;1400;;;;;;;;;True;False
Ksenia Krupenina;WTA;1400;;;;;;;;;True;False
Lena Thomas Iglesias;WTA;1400;;;;;;;;;True;False
Lidia Podgorichani;WTA;1400;;;;;;;;;True;False
Rita Colyer;WTA;1400;;;;;;;;;True;False
Valentina Khrebtova;WTA;1400;;;;;;;;;True;False
Yiru Chen;WTA;1400;;;;;;;;;True;False
Julia Khramtsova;WTA;1418;;;;;;;;;True;False
Angela Cui;WTA;1419;;;;;;;;;True;False
Cayetana Gay;WTA;1419;;;;;;;;;True;False
Sofiia Nagornaia;WTA;1419;;;;;;;;;True;False
Amanda Carolina Nava Elkin;WTA;1422;;;;;;;;;True;False
Angelica Sara;WTA;1422;;;;;;;;;True;False
Aurora Corvi;WTA;1422;;;;;;;;;True;False
Laura Badia;WTA;1422;;;;;;;;;True;False
Xichen Zhao;WTA;1422;;;;;;;;;True;False
Mihaela Buzarnescu;WTA;1427;;;;;;;;;True;False
Garbiela Agra Amorim;WTA;1428;;;;;;;;;True;False
Saumya Vig;WTA;1429;;;;;;;;;True;False
Ana Petkovic;WTA;1430;;;;;;;;;True;False
Hajar Crinebouch;WTA;1430;;;;;;;;;True;False
Parthasarthi Arun Munde;WTA;1430;;;;;;;;;True;False
Teresa Franco Dias;WTA;1433;;;;;;;;;True;False
Xiaowei Li;WTA;1433;;;;;;;;;True;False
Aditi Rawat;WTA;1435;;;;;;;;;True;False
Anais Gabriel;WTA;1435;;;;;;;;;True;False
Charlotte Van Zonneveld;WTA;1435;;;;;;;;;True;False
Claudia Hoste Ferrer;WTA;1435;;;;;;;;;True;False
Dimitra Pavlou;WTA;1435;;;;;;;;;True;False
Emma Charney;WTA;1435;;;;;;;;;True;False
Karolina Vlckova;WTA;1435;;;;;;;;;True;False
Lana Virc;WTA;1435;;;;;;;;;True;False
Leticia Solakov;WTA;1435;;;;;;;;;True;False
Mariia Bergen;WTA;1435;;;;;;;;;True;False
Mathilde Ngijol Carre;WTA;1435;;;;;;;;;True;False
Megan Heuser;WTA;1435;;;;;;;;;True;False
Moeka Miyata;WTA;1435;;;;;;;;;True;False
Nour Sahnoun;WTA;1435;;;;;;;;;True;False
Pia Praefke;WTA;1435;;;;;;;;;True;False
Raquel Caballero Chica;WTA;1435;;;;;;;;;True;False
Sandugash Kenzhibayeva;WTA;1435;;;;;;;;;True;False
Yuzuha Negishi;WTA;1435;;;;;;;;;True;False
Hanna Bougouffa;WTA;1454;;;;;;;;;True;False
Anastasia Mozgaleva;WTA;1455;;;;;;;;;True;False
Camille Allegre;WTA;1455;;;;;;;;;True;False
Dominika Pirohova;WTA;1455;;;;;;;;;True;False
Iulia Bucea;WTA;1455;;;;;;;;;True;False
Alina Yuneva;WTA;1459;;;;;;;;;True;False
Chrystal Lopez;WTA;1459;;;;;;;;;True;False
Denise Valente;WTA;1459;;;;;;;;;True;False
Kristina Belkova;WTA;1459;;;;;;;;;True;False
Kurumi Tamura;WTA;1459;;;;;;;;;True;False
Lexue Xiao;WTA;1459;;;;;;;;;True;False
Melina Maria Maruca;WTA;1459;;;;;;;;;True;False
Na Hyun Kang;WTA;1459;;;;;;;;;True;False
Prathyusha Rachapudi;WTA;1459;;;;;;;;;True;False
Soha Sadiq;WTA;1459;;;;;;;;;True;False
Sol Ailin Larraya Guidi;WTA;1459;;;;;;;;;True;False
Tia Messerli;WTA;1459;;;;;;;;;True;False
Yuka Naito;WTA;1459;;;;;;;;;True;False
Analu Freitas;WTA;1472;;;;;;;;;True;False
Arabella Koller;WTA;1473;;;;;;;;;True;False
June Bjork;WTA;1473;;;;;;;;;True;False
Miroslava Medvedeva;WTA;1473;;;;;;;;;True;False
Arina Kostina;WTA;1476;;;;;;;;;True;False
Delia Gaillard;WTA;1476;;;;;;;;;True;False
Elena Giessler;WTA;1476;;;;;;;;;True;False
Gurmanat Kaur Sandhu;WTA;1476;;;;;;;;;True;False
Ines Leon;WTA;1476;;;;;;;;;True;False
Justine Bretnacher;WTA;1476;;;;;;;;;True;False
Olympe Lancelot;WTA;1476;;;;;;;;;True;False
Veronika Kulhava;WTA;1476;;;;;;;;;True;False
Victoria Borodulina;WTA;1476;;;;;;;;;True;False
Aglaya Fedorova;WTA;1485;;;;;;;;;True;False
Agustina Soto Neira;WTA;1485;;;;;;;;;True;False
Alessia Popescu;WTA;1485;;;;;;;;;True;False
Carolann Delaunay;WTA;1485;;;;;;;;;True;False
Chiara Di Genova;WTA;1485;;;;;;;;;True;False
Ekaterina Kuznetsova;WTA;1485;;;;;;;;;True;False
Elizabeth Jurna;WTA;1485;;;;;;;;;True;False
Elsa Wan;WTA;1485;;;;;;;;;True;False
Gloria Pop;WTA;1485;;;;;;;;;True;False
Isabelle Cherny;WTA;1485;;;;;;;;;True;False
Josephine Kunz;WTA;1485;;;;;;;;;True;False
Lily Hutchings;WTA;1485;;;;;;;;;True;False
Luana Plaza Araujo;WTA;1485;;;;;;;;;True;False
Lucia Llinares Domingo;WTA;1485;;;;;;;;;True;False
Maria Eduarda Lages;WTA;1485;;;;;;;;;True;False
Massiva Boukirat;WTA;1485;;;;;;;;;True;False
Milena Ciocan;WTA;1485;;;;;;;;;True;False
Valeria Garnevska;WTA;1485;;;;;;;;;True;False
Xenia Bandurowska;WTA;1485;;;;;;;;;True;False
Yuna Ohashi;WTA;1485;;;;;;;;;True;False
Zoe Ulrich;WTA;1485;;;;;;;;;True;False
Maryna Kolb;WTA;1506;;;;;;;;;True;False
Saisai Zheng;WTA;1506;;;;;;;;;True;False
Anna Yang;WTA;1508;;;;;;;;;True;False
Daniela Martinez Guerrero;WTA;1508;;;;;;;;;True;False
Milana Ivantsiv;WTA;1508;;;;;;;;;True;False
Abril Cardenas Oliveras;WTA;1511;;;;;;;;;True;False
Bianca Jolie Fernandez;WTA;1511;;;;;;;;;True;False
Carlota Corte;WTA;1511;;;;;;;;;True;False
Eleni Tsetsou;WTA;1511;;;;;;;;;True;False
Nala Kovacic;WTA;1511;;;;;;;;;True;False
Olga Bienzobas Fernandez;WTA;1511;;;;;;;;;True;False
Vlada Kozak;WTA;1511;;;;;;;;;True;False
Abhilasha Bista;WTA;1518;;;;;;;;;True;False
Alessia Marinescu;WTA;1518;;;;;;;;;True;False
Angelica Blake;WTA;1518;;;;;;;;;True;False
Anna Ozerova;WTA;1518;;;;;;;;;True;False
Antonina Sushkova;WTA;1518;;;;;;;;;True;False
Ava Catanzarite;WTA;1518;;;;;;;;;True;False
Bianca Bernardes;WTA;1518;;;;;;;;;True;False
Bruna Liotto De Carvalho;WTA;1518;;;;;;;;;True;False
Cristina Elena Tiglea;WTA;1518;;;;;;;;;True;False
Farah Heddar;WTA;1518;;;;;;;;;True;False
Havah Kaur Kaler;WTA;1518;;;;;;;;;True;False
Helena Bueno;WTA;1518;;;;;;;;;True;False
Ho Ching Wu;WTA;1518;;;;;;;;;True;False
Ingrid Vojcinakova;WTA;1518;;;;;;;;;True;False
Isabel Arabarco;WTA;1518;;;;;;;;;True;False
Isabella Foshee;WTA;1518;;;;;;;;;True;False
Jaquelyn Ogunwale;WTA;1518;;;;;;;;;True;False
Jeongha Oh;WTA;1518;;;;;;;;;True;False
Kiara Nina Kucikova;WTA;1518;;;;;;;;;True;False
Kitti Molnar;WTA;1518;;;;;;;;;True;False
Ksenia Meshcheryakova;WTA;1518;;;;;;;;;True;False
Kseniya Yersh;WTA;1518;;;;;;;;;True;False
Larisa Arnautovic;WTA;1518;;;;;;;;;True;False
Laura Brunkel;WTA;1518;;;;;;;;;True;False
Lily Fairclough;WTA;1518;;;;;;;;;True;False
Luciana Blatter;WTA;1518;;;;;;;;;True;False
Malwina Rowinska;WTA;1518;;;;;;;;;True;False
Maria Garcia;WTA;1518;;;;;;;;;True;False
Maria Luisa Oliveira;WTA;1518;;;;;;;;;True;False
Meshkatolzahra Safi;WTA;1518;;;;;;;;;True;False
Mia Chudejova;WTA;1518;;;;;;;;;True;False
Michelle Dzjachangirova;WTA;1518;;;;;;;;;True;False
Nahjime Dho;WTA;1518;;;;;;;;;True;False
Niehua Tian;WTA;1518;;;;;;;;;True;False
Noemi La Cagnina;WTA;1518;;;;;;;;;True;False
Pauline Gloeckner;WTA;1518;;;;;;;;;True;False
Petra Hule;WTA;1518;;;;;;;;;True;False
Polina Skopintseva;WTA;1518;;;;;;;;;True;False
Samantha Imbo Nloga;WTA;1518;;;;;;;;;True;False
Saoirse Breen;WTA;1518;;;;;;;;;True;False
Silvia Husarova;WTA;1518;;;;;;;;;True;False
Stela Dzimovic;WTA;1518;;;;;;;;;True;False
Sunam Jeong;WTA;1518;;;;;;;;;True;False
Tasnim Ismail;WTA;1518;;;;;;;;;True;False
Tori Kinard;WTA;1518;;;;;;;;;True;False
Victoria Kapcia;WTA;1518;;;;;;;;;True;False
Virginia Crocker;WTA;1518;;;;;;;;;True;False
Wenfei Yu;WTA;1518;;;;;;;;;True;False
